"","time","S","E","I","H","C","R","D","inci","hosp","crits","lvl2","lvl3","lvl4","ID","POP","start","age","tot_pop"
"1",1,25637.56777,0,1,0,0,0,0,0,0,0,"Malawi","Mzimba","TA Mzukuzuku",208,25638.56777,1,"Pediatrics",46866.047041
"2",2,25636.8600156337,0.583142502719872,0.790019403692741,0.0000601622371674203,0.000000195562342134222,0.334532097854589,0.00000000423100864322625,0.70775436629772,0.0000641581041829693,0.000000199793350777448,"Malawi","Mzimba","TA Mzukuzuku",208,25638.56777,1,"Pediatrics",46866.047041
"3",3,25636.2282281189,0.921371456715481,0.784891200207332,0.000106928885930634,0.000000694431091839572,0.63317157020217,0.0000000306891737264421,1.33954188113118,0.000121431291241954,0.000000725120265566014,"Malawi","Mzimba","TA Mzukuzuku",208,25638.56777,1,"Pediatrics",46866.047041
"4",4,25635.5579410582,1.18557361315721,0.874080070784281,0.000151549764070131,0.00000143625246292071,0.950022175777868,0.0000000960646182960698,2.00982894180051,0.000182196105694467,0.00000153231708121678,"Malawi","Mzimba","TA Mzukuzuku",208,25638.56777,1,"Pediatrics",46866.047041
"5",5,25634.7916349124,1.44628533100862,1.01737273766695,0.000199150647422573,0.00000241078731924381,1.31227524246452,0.000000215053728839366,2.77613508762856,0.000251667468384236,0.00000262584104808318,"Malawi","Mzimba","TA Mzukuzuku",208,25638.56777,1,"Pediatrics",46866.047041
"6",6,25633.8914666264,1.73577767122825,1.20244442855111,0.000252598567321335,0.00000363139543578926,1.73782464130168,0.000000402530410652099,3.67630337357421,0.000333277084250162,0.00000403392584644135,"Malawi","Mzimba","TA Mzukuzuku",208,25638.56777,1,"Pediatrics",46866.047041
"7",7,25632.8243009865,2.07235324995826,1.42845365372964,0.000314031203689747,0.00000512529827431135,2.24234227865334,0.000000674664519098877,4.74346901350773,0.000430030459557952,0.00000579996279341022,"Malawi","Mzimba","TA Mzukuzuku",208,25638.56777,1,"Pediatrics",46866.047041
"8",8,25631.5553270127,2.46997263041127,1.69978037566183,0.000385482311899867,0.00000693050358217618,2.84229651876476,0.00000104967101807697,6.01244298732437,0.00054508580390493,0.00000798017460025315,"Malawi","Mzimba","TA Mzukuzuku",208,25638.56777,1,"Pediatrics",46866.047041
"9",9,25630.0449061942,2.94220877787968,2.02373154088158,0.000469161189399248,0.00000909547924587309,3.55644368183886,0.00000154846521551546,7.52286380573398,0.000682040078627019,0.0000106439444613885,"Malawi","Mzimba","TA Mzukuzuku",208,25638.56777,1,"Pediatrics",46866.047041
"10",10,25628.2465563955,3.50402928170143,2.40981930225499,0.000567603815792021,0.0000116800809511182,4.40678354130541,0.00000219534039373243,9.32121360449896,0.000845112242689034,0.0000138754213448506,"Malawi","Mzimba","TA Mzukuzuku",208,25638.56777,1,"Pediatrics",46866.047041
"11",11,25626.1052253476,4.17278367425315,2.86968038817943,0.000683782223203672,0.0000147571842642302,5.4193790317874,0.00000301872723146426,11.4625446523547,0.00103930045311756,0.0000177759114956945,"Malawi","Mzimba","TA Mzukuzuku",208,25638.56777,1,"Pediatrics",46866.047041
"12",12,25623.5554999265,4.96893245389045,3.4172861021903,0.000821206855076749,0.0000184148525444323,6.6252078436137,0.00000405207362475426,14.0122700734757,0.00127054537846048,0.0000224669261691866,"Malawi","Mzimba","TA Mzukuzuku",208,25638.56777,1,"Pediatrics",46866.047041
"13",13,25620.5195828217,5.91674181429107,4.06930711072744,0.000984037322083575,0.0000227590100554819,8.06112612203095,0.00000533487434325324,17.0481871782559,0.00154591501005828,0.0000280938843987351,"Malawi","Mzimba","TA Mzukuzuku",208,25638.56777,1,"Pediatrics",46866.047041
"14",14,25616.9049285784,7.04503996203151,4.84559316758075,0.00117720970389162,0.0000279166755493398,9.77099625170538,0.00000691388625535169,20.6628414215833,0.00187382093998545,0.0000348305618046915,"Malawi","Mzimba","TA Mzukuzuku",208,25638.56777,1,"Pediatrics",46866.047041
"15",15,25612.6014780329,8.38807990443863,5.76975392351461,0.0014065847163122,0.0000340398032343414,11.8070086700931,0.00000884455335930298,24.9662919671193,0.00226427184818509,0.0000428843565936444,"Malawi","Mzimba","TA Mzukuzuku",208,25638.56777,1,"Pediatrics",46866.047041
"16",16,25607.4783233474,9.98656100263175,6.86987057738806,0.00167912654244151,0.0000413099724603023,14.2312834432888,0.000011192732425562,30.0894466525559,0.0027291806401588,0.0000525027048858643,"Malawi","Mzimba","TA Mzukuzuku",208,25638.56777,1,"Pediatrics",46866.047041
"17",17,25602.3270402029,11.0957373231002,8.04332615638119,0.00199974298952174,0.000049938463217215,17.0996025995175,0.0000140366131265299,35.2407297970647,0.00327924451639662,0.0000639750763437445,"Malawi","Mzimba","TA Mzukuzuku",208,25638.56777,1,"Pediatrics",46866.047041
"18",18,25596.3600820621,12.5285986652208,9.25381601035178,0.00236471948641806,0.0000601238385906747,20.422830951496,0.0000174674944908731,41.2076879378881,0.00391654614804901,0.0000775913330815475,"Malawi","Mzimba","TA Mzukuzuku",208,25638.56777,1,"Pediatrics",46866.047041
"19",19,25589.5218629797,14.2293847010869,10.5813952448761,0.00277454097634489,0.0000720391057065466,24.2322589060628,0.0000215881263007842,48.0459070202341,0.0046470856164915,0.0000936272320073304,"Malawi","Mzimba","TA Mzukuzuku",208,25638.56777,1,"Pediatrics",46866.047041
"20",20,25581.715102137,16.1941478378021,12.0726797804495,0.0032338152985555,0.0000858638327618606,28.582494053489,0.0000265121456570591,55.8526678630175,0.00548133486693388,0.000112375978418919,"Malawi","Mzimba","TA Mzukuzuku",208,25638.56777,1,"Pediatrics",46866.047041
"21",21,25572.8153866364,18.4425128118369,13.7625928974261,0.00374934976600818,0.000101801924847551,33.5433941375679,0.0000323651113633144,64.752383363633,0.00643269049022549,0.000134167036210865,"Malawi","Mzimba","TA Mzukuzuku",208,25638.56777,1,"Pediatrics",46866.047041
"22",22,25562.6757524097,21.0065135256811,15.6834510548149,0.0043294480685271,0.000120090940385185,39.1975641844828,0.0000392863394202176,74.8920175903271,0.00751699366463514,0.000159377279805402,"Malawi","Mzimba","TA Mzukuzuku",208,25638.56777,1,"Pediatrics",46866.047041
"23",23,25551.1270453237,23.9263961950409,17.8689409637997,0.00498371157632472,0.000141008361597602,45.6402153662691,0.0000474312124094227,86.4407246762601,0.00875250305646519,0.000188439574007024,"Malawi","Mzimba","TA Mzukuzuku",208,25638.56777,1,"Pediatrics",46866.047041
"24",24,25537.9763785851,27.2493174997832,20.356028222173,0.00572305714211747,0.000164877012770018,52.9801007849756,0.0000569738432054956,99.5913914149299,0.0101600742616277,0.000221850855975513,"Malawi","Mzimba","TA Mzukuzuku",208,25638.56777,1,"Pediatrics",46866.047041
"25",25,25523.0046344068,31.0292275560081,23.1860819272244,0.0065598318945233,0.000192070606640646,61.3410060973737,0.0000681100814623965,114.563135593189,0.0117634456565841,0.000260180688103042,"Malawi","Mzimba","TA Mzukuzuku",208,25638.56777,1,"Pediatrics",46866.047041
"26",26,25505.9633426956,35.3272984483589,26.4056999027173,0.00750798167562216,0.000223019845251659,70.863616890867,0.0000810608960568434,131.60442730436,0.0135895965017922,0.000304080741308502,"Malawi","Mzimba","TA Mzukuzuku",208,25638.56777,1,"Pediatrics",46866.047041
"27",27,25486.5711577233,40.2125822660588,30.0674476734862,0.00858324937377609,0.000258219166932295,81.7076447925463,0.000096076097536658,150.996612276729,0.0156691546631551,0.000354295264468953,"Malawi","Mzimba","TA Mzukuzuku",208,25638.56777,1,"Pediatrics",46866.047041
"28",28,25464.5098080995,45.762832690549,34.2306143394909,0.0098034069982439,0.00029823456856723,94.0542997902453,0.000113438617840824,173.05796190047,0.018036870726405,0.000411673186408053,"Malawi","Mzimba","TA Mzukuzuku",208,25638.56777,1,"Pediatrics",46866.047041
"29",29,25439.4197009724,52.0654002962786,38.9619888252296,0.0111885098256787,0.0003437122966318,108.109014214718,0.00013346923068372,198.148069027579,0.0207321403719891,0.00047718152731552,"Malawi","Mzimba","TA Mzukuzuku",208,25638.56777,1,"Pediatrics",46866.047041
"30",30,25410.8952188984,59.2181602609284,44.3366706578511,0.0127611699419891,0.000395388413726579,124.104407092754,0.000156531731426953,226.67255110162,0.0237995728450598,0.000551920145153532,"Malawi","Mzimba","TA Mzukuzuku",208,25638.56777,1,"Pediatrics",46866.047041
"31",31,25378.4791700365,67.330556772378,50.4390063682232,0.0145468815233223,0.000454100438777838,142.303852801667,0.00018303925059541,259.088599963481,0.0272896753107872,0.000637139689373248,"Malawi","Mzimba","TA Mzukuzuku",208,25638.56777,1,"Pediatrics",46866.047041
"32",32,25341.6574735466,76.5245530314995,57.3634334894899,0.0165743360006027,0.000520798994942648,163.005001336789,0.000213460601503969,295.910296453375,0.031259527929535,0.000734259596446616,"Malawi","Mzimba","TA Mzukuzuku",208,25638.56777,1,"Pediatrics",46866.047041
"33",33,25299.8530769241,86.9356211374118,65.2154333730823,0.0188757869866214,0.000596561639540366,186.543917888856,0.000248327895874125,337.714693075872,0.0357735776949112,0.000844889535414491,"Malawi","Mzimba","TA Mzukuzuku",208,25638.56777,1,"Pediatrics",46866.047041
"34",34,25252.4196923209,98.7135959836759,74.1125055947146,0.0214874298706729,0.000682607977196701,213.299517817926,0.000288244975135587,385.148077679139,0.0409044889173186,0.000970852952332288,"Malawi","Mzimba","TA Mzukuzuku",208,25638.56777,1,"Pediatrics",46866.047041
"35",35,25198.6353528301,112.02347111174,84.1850314603595,0.0244498035956056,0.000780316095483808,243.698350581359,0.000333896755942383,438.932417169906,0.0467340606241294,0.00111421285142619,"Malawi","Mzimba","TA Mzukuzuku",208,25638.56777,1,"Pediatrics",46866.047041
"36",36,25137.6959294065,127.045935253581,95.5770789786778,0.0278082054024736,0.000891240602753548,278.219740855522,0.000386059749861516,499.871840593535,0.0533542124547748,0.00127730035261506,"Malawi","Mzimba","TA Mzukuzuku",208,25638.56777,1,"Pediatrics",46866.047041
"37",37,25068.7089169036,143.977531316153,108.447114342378,0.0316131000995645,0.00101713188096368,317.401131592345,0.000445613577868992,568.858853096434,0.0608680092762179,0.00146274545883267,"Malawi","Mzimba","TA Mzukuzuku",208,25638.56777,1,"Pediatrics",46866.047041
"38",38,24990.6875075455,163.030438998278,122.968425704291,0.0359205356400697,0.00115995707621246,361.843803705177,0.000513554042730744,646.880262454505,0.0693907580189337,0.0016735111189432,"Malawi","Mzimba","TA Mzukuzuku",208,25638.56777,1,"Pediatrics",46866.047041
"39",39,24902.5457332051,184.43159203858,139.329252944887,0.0407925123263611,0.00132192151095389,412.218486370583,0.000591007049220527,735.022036794936,0.0790510835298494,0.00191292856017441,"Malawi","Mzimba","TA Mzukuzuku",208,25638.56777,1,"Pediatrics",46866.047041
"40",40,24803.0946962953,208.420943518088,157.732470390836,0.0462973189127704,0.00150549179712744,469.271177740559,0.000679244495525937,834.473073704689,0.0899920447658379,0.00218473629265337,"Malawi","Mzimba","TA Mzukuzuku",208,25638.56777,1,"Pediatrics",46866.047041
"41",41,24691.0408483402,235.248739610455,178.394629159433,0.0525097750649807,0.00171341866273709,533.828549994987,0.000779701147345435,946.52692165975,0.102372171266631,0.00249311981008252,"Malawi","Mzimba","TA Mzukuzuku",208,25638.56777,1,"Pediatrics",46866.047041
"42",42,24564.9869036122,265.171366926548,201.54416951402,0.0595113567691838,0.00194876009973339,606.802975836917,0.000893993412676189,1072.58086638777,0.116366427017375,0.00284275351240958,"Malawi","Mzimba","TA Mzukuzuku",208,25638.56777,1,"Pediatrics",46866.047041
"43",43,24423.4361131018,298.445811715247,227.418754693567,0.0673901485754824,0.00221490227281378,689.196461499997,0.00102393852847898,1214.13165689819,0.132166964601338,0.00323884080129276,"Malawi","Mzimba","TA Mzukuzuku",208,25638.56777,1,"Pediatrics",46866.047041
"44",44,24264.8012592285,335.321742258586,256.261235402313,0.0762405701533991,0.00251557971730754,782.103605384366,0.00117157639872073,1372.76651077153,0.149983692473964,0.00368715611602827,"Malawi","Mzimba","TA Mzukuzuku",208,25638.56777,1,"Pediatrics",46866.047041
"45",45,24087.4191138271,376.03173764931,288.314057890311,0.0861628013506418,0.00285489074357434,886.712503749542,0.00133919161521486,1550.14865617287,0.170044448526426,0.0041940823587892,"Malawi","Mzimba","TA Mzukuzuku",208,25638.56777,1,"Pediatrics",46866.047041
"46",46,23889.5719669642,420.778657814348,323.811823700829,0.0972618361754624,0.00323730764169517,1004.30329304018,0.00152933656961018,1747.99580303575,0.192594720401569,0.00476664421130535,"Malawi","Mzimba","TA Mzukuzuku",208,25638.56777,1,"Pediatrics",46866.047041
"47",47,23761.6574560772,392.852972685103,349.511913359092,0.109309330812261,0.00366714026724415,1134.43070656007,0.00174484748192919,1875.91031392283,0.217549085795727,0.00541198774917333,"Malawi","Mzimba","TA Mzukuzuku",208,25638.56777,1,"Pediatrics",46866.047041
"48",48,23627.8486767583,378.590660151533,360.694180695262,0.121147294958928,0.00414380220643579,1271.30697258876,0.00198870894045353,2009.71909324166,0.243797517896714,0.00613251114688931,"Malawi","Mzimba","TA Mzukuzuku",208,25638.56777,1,"Pediatrics",46866.047041
"49",49,23492.0758831483,370.443169166996,364.921742679777,0.132094696349706,0.00466078103048631,1410.98795586349,0.00226366402488787,2145.49188685167,0.270583597457189,0.00692444505537416,"Malawi","Mzimba","TA Mzukuzuku",208,25638.56777,1,"Pediatrics",46866.047041
"50",50,23356.2261813555,364.92699380098,365.705378199434,0.14191361783403,0.00520936611899454,1551.55952169499,0.00257196510387872,2281.34158864446,0.297540242291495,0.00778133122287325,"Malawi","Mzimba","TA Mzukuzuku",208,25638.56777,1,"Pediatrics",46866.047041
"51",51,23221.2398043029,360.437963637259,364.679690785043,0.150562865170286,0.00578061656172259,1692.05105248646,0.00291530653910965,2416.32796569704,0.32448132718693,0.00869592310083223,"Malawi","Mzimba","TA Mzukuzuku",208,25638.56777,1,"Pediatrics",46866.047041
"52",52,23087.6159936492,356.241354012274,362.610515278328,0.15808482787707,0.00636617679627386,1831.93216121582,0.00329483966881197,2549.95177635077,0.351305157178786,0.00966101646508582,"Malawi","Mzimba","TA Mzukuzuku",208,25638.56777,1,"Pediatrics",46866.047041
"53",53,22955.6460670273,352.005653157502,359.86104387445,0.164554005061823,0.00695856930289921,1970.87978214604,0.00371122031346628,2681.92170297267,0.377949797389132,0.0106697896163655,"Malawi","Mzimba","TA Mzukuzuku",208,25638.56777,1,"Pediatrics",46866.047041
"54",54,22825.5210718241,347.586555864,356.608237066796,0.170053906312328,0.00755125600092177,2108.67013541646,0.00416466632499915,2812.04669817589,0.404372352830746,0.0117159223259209,"Malawi","Mzimba","TA Mzukuzuku",208,25638.56777,1,"Pediatrics",46866.047041
"55",55,22697.3813467944,342.927076561548,352.943031670236,0.174667074157934,0.00813860101261434,2245.12885428319,0.00465501544930037,2940.18642320559,0.430539403396228,0.0127936164619147,"Malawi","Mzimba","TA Mzukuzuku",208,25638.56777,1,"Pediatrics",46866.047041
"56",56,22571.3394197124,338.011095662949,348.916922683879,0.178471081382468,0.00871579579274973,2380.10796328399,0.00518177957060872,3066.22835028757,0.456422588649636,0.0138975753633584,"Malawi","Mzimba","TA Mzukuzuku",208,25638.56777,1,"Pediatrics",46866.047041
"57",57,22447.4904909788,332.841886705093,344.563398820599,0.181537244474161,0.00927877448510784,2513.47543328299,0.00574419352882204,3190.07727902118,0.481996604752758,0.0150229680139299,"Malawi","Mzimba","TA Mzukuzuku",208,25638.56777,1,"Pediatrics",46866.047041
"58",58,22325.9174001877,327.431797111149,339.908122423086,0.18393048839445,0.00982413061715919,2645.11035440015,0.00634125890515922,3311.6503698123,0.507238278840818,0.0161653895223184,"Malawi","Mzimba","TA Mzukuzuku",208,25638.56777,1,"Pediatrics",46866.047041
"59",59,22206.6927202691,321.797667380657,334.973298097252,0.185709700220565,0.0103490439241443,2774.9010537274,0.00697178147260331,3430.87504973093,0.532126208155516,0.0173208253967476,"Malawi","Mzimba","TA Mzukuzuku",208,25638.56777,1,"Pediatrics",46866.047041
"60",60,22089.880231894,315.958374254217,329.779858811742,0.18692846419412,0.0108511924023797,2902.74389097262,0.00763441084998598,3547.68753810602,0.556640529241432,0.0184856032523656,"Malawi","Mzimba","TA Mzukuzuku",208,25638.56777,1,"Pediatrics",46866.047041
"61",61,21975.5351214462,309.933854012007,324.348208706591,0.187635439011893,0.0113287103714804,3028.54329402186,0.0083276639196196,3662.03264855376,0.580762924833892,0.0196563742911,"Malawi","Mzimba","TA Mzukuzuku",208,25638.56777,1,"Pediatrics",46866.047041
"62",62,21863.7044545759,303.744366830124,318.698692337527,0.187874951557747,0.0117801286304198,3152.21155122329,0.00904995299855178,3773.86331542413,0.604476584137179,0.0208300816289716,"Malawi","Mzimba","TA Mzukuzuku",208,25638.56777,1,"Pediatrics",46866.047041
"63",63,21754.4275060199,297.41017312805,312.851653704942,0.187687542891915,0.0122043223306621,3273.66874567181,0.00979961004088971,3883.14026398006,0.627766190322951,0.0220039323715518,"Malawi","Mzimba","TA Mzukuzuku",208,25638.56777,1,"Pediatrics",46866.047041
"64",64,21647.7361692795,290.951363706023,306.827374626488,0.187110478163508,0.0126004629613778,3392.84257653942,0.0105749074485917,3989.8316007205,0.650617886362897,0.0231753704099695,"Malawi","Mzimba","TA Mzukuzuku",208,25638.56777,1,"Pediatrics",46866.047041
"65",65,21543.6547750467,284.387658757388,300.646017255058,0.186177941741023,0.0129679980244684,3509.66879892826,0.0113740728588262,4093.91299495333,0.673019359406914,0.0243420708832946,"Malawi","Mzimba","TA Mzukuzuku",208,25638.56777,1,"Pediatrics",46866.047041
"66",66,21442.2006005323,277.738299122715,294.327533690309,0.184921467174033,0.0133066096672589,3624.09091327179,0.0121953060392161,4195.36716946769,0.694959781303532,0.025501915706475,"Malawi","Mzimba","TA Mzukuzuku",208,25638.56777,1,"Pediatrics",46866.047041
"67",67,21343.3842673965,271.021963112277,287.891546581042,0.183370300683053,0.013616178926443,3736.05996963592,0.0130367945964303,4294.18350260345,0.716429771140517,0.0266529735228732,"Malawi","Mzimba","TA Mzukuzuku",208,25638.56777,1,"Pediatrics",46866.047041
"68",68,21247.2100649678,264.256684558466,281.357260429597,0.181551629346712,0.0138967620344704,3845.5344149279,0.0138967247976166,4390.35770503214,0.737421365988452,0.027793486832087,"Malawi","Mzimba","TA Mzukuzuku",208,25638.56777,1,"Pediatrics",46866.047041
"69",69,21153.6761728637,257.459755827334,274.74339583184,0.179490733180932,0.0141485730154267,3952.48003288012,0.0147732907965385,4483.89159713629,0.757928009420237,0.0289218638119653,"Malawi","Mzimba","TA Mzukuzuku",208,25638.56777,1,"Pediatrics",46866.047041
"70",70,21062.7750427847,250.647693099064,268.068087992431,0.177211201991456,0.014371960546258,4056.86969825665,0.0156647045751308,4574.79272721526,0.777944504419231,0.0300366651213888,"Malawi","Mzimba","TA Mzukuzuku",208,25638.56777,1,"Pediatrics",46866.047041
"71",71,20974.493748771,243.836199790851,261.348805925612,0.174735089731605,0.0145673902795169,4158.68314382888,0.0165692036701296,4663.07402122903,0.797466968724534,0.0311365939496465,"Malawi","Mzimba","TA Mzukuzuku",208,25638.56777,1,"Pediatrics",46866.047041
"72",72,20888.8143577239,237.040109648986,254.602313890024,0.17208304427912,0.0147354289502453,4257.90668520595,0.0174850579403158,4748.75341227613,0.816492782090343,0.0322204868905612,"Malawi","Mzimba","TA Mzukuzuku",208,25638.56777,1,"Pediatrics",46866.047041
"73",73,20805.7143258516,230.273372679812,247.844622301637,0.169274432158254,0.0148767294363286,4354.5328874303,0.0184105750746471,4831.85344414842,0.835020522377766,0.0332873045109756,"Malawi","Mzimba","TA Mzukuzuku",208,25638.56777,1,"Pediatrics",46866.047041
"74",74,20725.1666557255,223.549009113814,241.090891380603,0.166327381979472,0.0149920212974599,4448.56055026903,0.0193441077406827,4912.40111427446,0.853049962742324,0.0343361290381426,"Malawi","Mzimba","TA Mzukuzuku",208,25638.56777,1,"Pediatrics",46866.047041
"75",75,20647.1405839839,216.879157000463,234.355470180139,0.163258955698307,0.0150820936526955,4539.9939337314,0.0202840547202242,4990.42718601607,0.870581923156701,0.0353661483729197,"Malawi","Mzimba","TA Mzukuzuku",208,25638.56777,1,"Pediatrics",46866.047041
"76",76,20571.6017751366,210.275038567296,227.651852869559,0.160085175879063,0.0151477880508548,4628.84264159705,0.0212288655592941,5065.9659948634,0.887618248082039,0.0363766536101488,"Malawi","Mzimba","TA Mzukuzuku",208,25638.56777,1,"Pediatrics",46866.047041
"77",77,20498.5126472849,203.746959918811,220.992651163318,0.156821080887313,0.0151899893816361,4715.12132351868,0.0221770440417795,5139.05512271512,0.904161749355625,0.0373670334234156,"Malawi","Mzimba","TA Mzukuzuku",208,25638.56777,1,"Pediatrics",46866.047041
"78",78,20427.8328055982,197.304363588961,214.38961999138,0.15348081460548,0.0152096164728552,4798.84916324216,0.0231271482004963,5209.73496440178,0.92021610807251,0.0383367646733515,"Malawi","Mzimba","TA Mzukuzuku",208,25638.56777,1,"Pediatrics",46866.047041
"79",79,20359.5191885087,190.955788406214,207.853600025708,0.150077617339982,0.0152076165006841,4880.04983002964,0.0240777958957736,5278.0485814913,0.935785865269136,0.0392854123964577,"Malawi","Mzimba","TA Mzukuzuku",208,25638.56777,1,"Pediatrics",46866.047041
"80",80,20293.5263161481,184.708858507153,201.394495081355,0.146623838685577,0.0151849585116466,4958.75126379762,0.02502766859035,5344.04145385191,0.950876380725507,0.0402126271019966,"Malawi","Mzimba","TA Mzukuzuku",208,25638.56777,1,"Pediatrics",46866.047041
"81",81,20229.8069335869,178.570425493182,195.021389598037,0.143131088839537,0.0151426231396005,5034.9847721045,0.0259755054103463,5407.76083641311,0.965493659838471,0.0411181285499467,"Malawi","Mzimba","TA Mzukuzuku",208,25638.56777,1,"Pediatrics",46866.047041
"82",82,20168.3121001636,172.546534800431,188.742514949835,0.13961021067182,0.0150815998026358,5108.78500816852,0.026920107133849,5469.2556698364,0.979644349401515,0.0420017069364848,"Malawi","Mzimba","TA Mzukuzuku",208,25638.56777,1,"Pediatrics",46866.047041
"83",83,20108.9914576582,166.642450530001,182.565273862817,0.136071307932481,0.0150028816904178,5180.18965342256,0.0278603367499186,5528.57631234175,0.993335676739208,0.0428632184403364,"Malawi","Mzimba","TA Mzukuzuku",208,25638.56777,1,"Pediatrics",46866.047041
"84",84,20051.7934976943,160.862706489034,176.496258553393,0.132523782297075,0.0149074607857788,5249.23908090078,0.0287951193577537,5585.77427230565,1.00657538516772,0.0437025801435324,"Malawi","Mzimba","TA Mzukuzuku",208,25638.56777,1,"Pediatrics",46866.047041
"85",85,19996.6658005222,155.211141031209,170.541281130023,0.128976360417387,0.0147963238554448,5315.97605119042,0.0297234419085837,5640.90196947783,1.01937167569796,0.0445197657640286,"Malawi","Mzimba","TA Mzukuzuku",208,25638.56777,1,"Pediatrics",46866.047041
"86",86,19943.5552625433,149.69092692043,164.705413631526,0.125437119513129,0.0146704487604675,5380.44541498365,0.0306443527640748,5694.01250745664,1.03173315000397,0.0453148015245422,"Malawi","Mzimba","TA Mzukuzuku",208,25638.56777,1,"Pediatrics",46866.047041
"87",87,19892.4083019682,144.304615300345,158.993015607207,0.121913513855494,0.0145308011335157,5442.6938358482,0.0315569610371382,5745.15946803178,1.04366875726857,0.0460877621706539,"Malawi","Mzimba","TA Mzukuzuku",208,25638.56777,1,"Pediatrics",46866.047041
"88",88,19843.1710504048,139.05417746343,153.407766132293,0.118412400240382,0.014378331419977,5502.76952483206,0.0324604357328987,5794.39671959518,1.0551877432979,0.0468387671528757,"Malawi","Mzimba","TA Mzukuzuku",208,25638.56777,1,"Pediatrics",46866.047041
"89",89,19795.7895336628,133.941037860505,147.952706643984,0.114940061843598,0.0142139722577796,5560.72198379393,0.0333540047154869,5841.77823633723,1.06629960130893,0.0475679769732665,"Malawi","Mzimba","TA Mzukuzuku",208,25638.56777,1,"Pediatrics",46866.047041
"90",90,19750.2098347074,128.966113655715,142.630276981103,0.11150223264376,0.0140386361562315,5616.60176683347,0.0342369535209679,5887.3579352926,1.07701402618775,0.0482755896771994,"Malawi","Mzimba","TA Mzukuzuku",208,25638.56777,1,"Pediatrics",46866.047041
"91",91,19706.3782411004,124.129856609688,137.442348543894,0.108104121973273,0.0138532134581231,5670.46025778657,0.0351086240346283,5931.18952889962,1.0873408718283,0.0489618374927515,"Malawi","Mzimba","TA Mzukuzuku",208,25638.56777,1,"Pediatrics",46866.047041
"92",92,19664.2413820944,119.432287257672,132.390265048566,0.10475043792894,0.0136585705784054,5722.34945817776,0.0359684130489561,5973.32638790556,1.09729011047617,0.0496269836273615,"Malawi","Mzimba","TA Mzukuzuku",208,25638.56777,1,"Pediatrics",46866.047041
"93",93,19623.7463519275,114.873029629365,127.474881256756,0.101445410786007,0.0134555484914607,5772.32179045633,0.0368157707193878,6013.82141807244,1.10687179500298,0.0502713192108485,"Malawi","Mzimba","TA Mzukuzuku",208,25638.56777,1,"Pediatrics",46866.047041
"94",94,19584.8408185895,110.451349143227,122.696596298089,0.0981928167896912,0.0132449614469764,5820.42991799203,0.0376501989332688,6052.72695141052,1.11609602439459,0.0508951603802452,"Malawi","Mzimba","TA Mzukuzuku",208,25638.56777,1,"Pediatrics",46866.047041
"95",95,19547.4731224844,106.166185531006,118.055390224881,0.0949960012250601,0.0130275959089294,5866.72657691296,0.0384712496053138,6090.09464751559,1.12497291150992,0.0514988455142432,"Malawi","Mzimba","TA Mzukuzuku",208,25638.56777,1,"Pediatrics",46866.047041
"96",96,19511.5923645302,102.016182998996,113.550861058917,0.09185790103932,0.0128042097000652,5911.26442077818,0.0392785229130047,6125.97540546975,1.13351255330072,0.0520827326130699,"Malawi","Mzimba","TA Mzukuzuku",208,25638.56777,1,"Pediatrics",46866.047041
"97",97,19477.1484819802,97.9997223444301,109.182256766807,0.0887810676017906,0.0125755313321996,5954.09588064414,0.0400716654868718,6160.4192880198,1.14172500398322,0.0526471968190713,"Malawi","Mzimba","TA Mzukuzuku",208,25638.56777,1,"Pediatrics",46866.047041
"98",98,19444.0923149375,94.1149506136186,104.948507051849,0.0857676890144651,0.0123422595123639,5995.27303707992,0.0408503685619567,6193.47545506248,1.14962025050088,0.0531926280743206,"Malawi","Mzimba","TA Mzukuzuku",208,25638.56777,1,"Pediatrics",46866.047041
"99",99,19412.3756633779,90.3598063295499,100.848255469807,0.0828196112063713,0.012105062821335,6034.84750578251,0.0416143661480839,6225.19210662204,1.15720819059475,0.0537194289694189,"Malawi","Mzimba","TA Mzukuzuku",208,25638.56777,1,"Pediatrics",46866.047041
"100",100,19381.9513403447,86.7320477467584,96.8798911576778,0.0799383610232152,0.0118645795091,6072.87032437734,0.0423634329948132,6255.6164296553,1.16449861110148,0.0542280125039132,"Malawi","Mzimba","TA Mzukuzuku",208,25638.56777,1,"Pediatrics",46866.047041
"101",101,19352.7732074749,83.2292764492476,93.0415731203638,0.0771251657268164,0.0116214174894406,6109.39186898939,0.0430973828221788,6284.79456252504,1.1715011719592,0.0547188003116194,"Malawi","Mzimba","TA Mzukuzuku",208,25638.56777,1,"Pediatrics",46866.047041
"102",102,19324.7962095057,79.8489583554667,89.331258527966,0.0743809730291762,0.0113761544223045,6144.46177041692,0.0438160664331053,6312.77156049424,1.17822539013737,0.0551922208554098,"Malawi","Mzimba","TA Mzukuzuku",208,25638.56777,1,"Pediatrics",46866.047041
"103",103,19297.9764028545,76.5884452321328,85.7467289314867,0.0717064713343798,0.0111293379028875,6178.12883780287,0.0445193697806074,6339.59136714551,1.18468062500428,0.0556487076834949,"Malawi","Mzimba","TA Mzukuzuku",208,25638.56777,1,"Pediatrics",46866.047041
"104",104,19272.2709744037,73.4449958956799,82.2856111620809,0.0691021088569618,0.0108814857738012,6210.4409977318,0.045207212115964,6365.2967955963,1.19087606665227,0.0560886978897652,"Malawi","Mzimba","TA Mzukuzuku",208,25638.56777,1,"Pediatrics",46866.047041
"105",105,19247.638257266,70.4157928645099,78.945401471306,0.0665681120928548,0.0106330865358586,6241.44523765545,0.0458795441121414,6389.92951273401,1.19682072505285,0.0565126306479999,"Malawi","Mzimba","TA Mzukuzuku",208,25638.56777,1,"Pediatrics",46866.047041
"106",106,19224.0377400324,67.4979580225622,75.7234858573563,0.0641045029869527,0.0103845998277791,6271.18756063878,0.0465363460919889,6413.53002996761,1.20252342138231,0.0569209459197681,"Malawi","Mzimba","TA Mzukuzuku",208,25638.56777,1,"Pediatrics",46866.047041
"107",107,19201.4300710384,64.6885697504348,72.6171572566973,0.0617111163378846,0.0101364569875017,6299.71294675494,0.0471776262267177,6436.13769896162,1.20799278062227,0.0573140832142194,"Malawi","Mzimba","TA Mzukuzuku",208,25638.56777,1,"Pediatrics",46866.047041
"108",108,19179.7770604033,61.9846754463174,69.6236349802044,0.0593876159586983,0.00988906167413614,6327.06531907373,0.0478034187799727,6457.79070959667,1.21323722504087,0.0576924804541089,"Malawi","Mzimba","TA Mzukuzuku",208,25638.56777,1,"Pediatrics",46866.047041
"109",109,19159.0416954892,59.3833043294104,66.7400796375176,0.0571335080089844,0.00964279012950814,6353.28750046297,0.048413782765632,6478.5260745108,1.21826496591179,0.0580565728951402,"Malawi","Mzimba","TA Mzukuzuku",208,25638.56777,1,"Pediatrics",46866.047041
"110",110,19139.1880824565,56.881479424878,63.9636097601082,0.054948162113269,0.00939799309235892,6378.42124340405,0.0490087992637399,6498.3796875435,1.22308400923524,0.0584067923560988,"Malawi","Mzimba","TA Mzukuzuku",208,25638.56777,1,"Pediatrics",46866.047041
"111",111,19120.1814698064,54.4762280454042,61.2913131272154,0.0528308206520108,0.00915499578959023,6402.50718463399,0.0495885705299226,6517.38630019357,1.22770214704227,0.0587435663195129,"Malawi","Mzimba","TA Mzukuzuku",208,25638.56777,1,"Pediatrics",46866.047041
"112",112,19101.9882379023,52.1645901143068,58.7202596057063,0.050780611762382,0.00891409870776618,6425.58483444872,0.0501532184714105,6535.57953209767,1.23212695534592,0.0590673171791767,"Malawi","Mzimba","TA Mzukuzuku",208,25638.56777,1,"Pediatrics",46866.047041
"113",113,19084.5758868831,49.9436263859155,56.2475131428945,0.0487965620049017,0.0086755783983652,6447.69256856458,0.0507028831305408,6552.99188311692,1.23636579258302,0.059378461528906,"Malawi","Mzimba","TA Mzukuzuku",208,25638.56777,1,"Pediatrics",46866.047041
"114",114,19067.9130205828,47.810426382982,53.8701416125055,0.0468776084162485,0.00843968833848131,6468.86762640377,0.0512377212050871,6569.65474941721,1.24042579928762,0.0596774095435684,"Malawi","Mzimba","TA Mzukuzuku",208,25638.56777,1,"Pediatrics",46866.047041
"115",115,19051.969320957,45.762115084855,51.5852256880884,0.0450226101915356,0.00820665996174175,6489.14612109532,0.0517579045292201,6585.59844904294,1.24431390001077,0.0599645644909618,"Malawi","Mzimba","TA Mzukuzuku",208,25638.56777,1,"Pediatrics",46866.047041
"116",116,19036.7155217139,43.7958576390869,49.3898672298647,0.0432303593615872,0.00797670367747829,6508.56305273549,0.0522636186477045,6600.85224828612,1.24803680586524,0.0602403223251828,"Malawi","Mzimba","TA Mzukuzuku",208,25638.56777,1,"Pediatrics",46866.047041
"117",117,19022.1233767628,41.9088649029812,47.2811951467184,0.0414995906541935,0.00775000994070171,6527.1523285254,0.0527550614460232,6615.44439323714,1.25160101838869,0.0605050713867249,"Malawi","Mzimba","TA Mzukuzuku",208,25638.56777,1,"Pediatrics",46866.047041
"118",118,19008.1656708832,40.0983986927561,45.2563728688491,0.0398289886039375,0.00752674950060755,6544.94673937473,0.0532324423221306,6629.40209911676,1.2550128250587,0.0607591918227382,"Malawi","Mzimba","TA Mzukuzuku",208,25638.56777,1,"Pediatrics",46866.047041
"119",119,18994.8161417902,38.3617717503289,43.3126030008537,0.038217198459538,0.00730707534029762,6561.97803320439,0.0536959804042598,6642.75162820978,1.25827831335069,0.0610030557445574,"Malawi","Mzimba","TA Mzukuzuku",208,25638.56777,1,"Pediatrics",46866.047041
"120",120,18982.0495256719,36.6963555405372,41.4471341592853,0.0366628307624391,0.0070911222410971,6578.27685477104,0.0541459041807791,6655.51824432805,1.26140335919996,0.0612370264218762,"Malawi","Mzimba","TA Mzukuzuku",208,25638.56777,1,"Pediatrics",46866.047041
"121",121,18969.8415414262,35.0995833254123,39.6572656661244,0.0351644690817929,0.00687900757042344,6593.87275365517,0.0545824504022315,6667.72622857376,1.26439362853489,0.061461457972655,"Malawi","Mzimba","TA Mzukuzuku",208,25638.56777,1,"Pediatrics",46866.047041
"122",122,18958.1687731585,33.5689451129621,37.9403493582811,0.0337206800985264,0.00667083385967728,6608.79430499413,0.0550058621568711,6679.39899684149,1.26725460042949,0.0616766960165484,"Malawi","Mzimba","TA Mzukuzuku",208,25638.56777,1,"Pediatrics",46866.047041
"123",123,18947.0086952288,32.1019949021083,36.2937915217659,0.0323300168925465,0.00646668867436926,6623.0690752532,0.055416388508033,6690.55907477115,1.26999156054059,0.0618830771824022,"Malawi","Mzimba","TA Mzukuzuku",208,25638.56777,1,"Pediatrics",46866.047041
"124",124,18936.3396693378,30.6963540377627,34.7150565005847,0.0309910246659358,0.0062666450961508,6636.72361817044,0.0558142836871152,6701.22810066224,1.27260960033126,0.062080928783266,"Malawi","Mzimba","TA Mzukuzuku",208,25638.56777,1,"Pediatrics",46866.047041
"125",125,18926.1408819483,29.349706062513,33.2016697950939,0.0297022460697626,0.0060707631868717,6649.78353937888,0.0561998059828013,6711.42688805173,1.27511362946322,0.0622705691696731,"Malawi","Mzimba","TA Mzukuzuku",208,25638.56777,1,"Pediatrics",46866.047041
"126",126,18916.3923184186,28.059798515626,31.7512181263762,0.0284622254998465,0.00587909075723427,6662.27352040618,0.0565732169877552,6721.17545158143,1.27750838039963,0.0624523077449895,"Malawi","Mzimba","TA Mzukuzuku",208,25638.56777,1,"Pediatrics",46866.047041
"127",127,18907.0747584713,26.8244467022454,30.361350287325,0.0272695132995089,0.00569166379987351,6674.21731858104,0.0569347809545446,6730.49301152866,1.27979840838787,0.0626264447544181,"Malawi","Mzimba","TA Mzukuzuku",208,25638.56777,1,"Pediatrics",46866.047041
"128",128,18898.169722898,25.6415296946219,29.0297771504201,0.0261226690004276,0.00550850765378617,6685.63782431629,0.0572847640184061,6739.398047102,1.28198810244427,0.0627932716721923,"Malawi","Mzimba","TA Mzukuzuku",208,25638.56777,1,"Pediatrics",46866.047041
"129",129,18889.6594958051,24.5089936145407,27.7542770900764,0.025020265184763,0.00532963706332132,6696.55703015435,0.0576234336484033,6747.90827419486,1.28408167941925,0.0629530707117246,"Malawi","Mzimba","TA Mzukuzuku",208,25638.56777,1,"Pediatrics",46866.047041
"130",130,18881.5271055559,23.4248524929155,26.532695853465,0.0239608910852279,0.00515505685034295,6706.99604909184,0.0579510579709828,6756.04066444413,1.28608318751174,0.0631061148213258,"Malawi","Mzimba","TA Mzukuzuku",208,25638.56777,1,"Pediatrics",46866.047041
"131",131,18873.7562292493,22.3871810647024,25.3629409335595,0.0229431542292585,0.00498476359741424,6716.97522292955,0.0582679050434116,6763.81154075068,1.28799652704578,0.0632526686408259,"Malawi","Mzimba","TA Mzukuzuku",208,25638.56777,1,"Pediatrics",46866.047041
"132",132,18866.3312090817,21.3941181294402,24.2429840895222,0.0219656827872732,0.00481874569670585,6726.51410002832,0.0585742424742098,6771.23656091824,1.28982544620559,0.0633929881709157,"Malawi","Mzimba","TA Mzukuzuku",208,25638.56777,1,"Pediatrics",46866.047041
"133",133,18859.23704541,20.4438675004562,23.1708623254503,0.0210271284045947,0.00465698379524335,6735.63144031501,0.0588703368843277,6778.33072459,1.29157354199601,0.0635273206795711,"Malawi","Mzimba","TA Mzukuzuku",208,25638.56777,1,"Pediatrics",46866.047041
"134",134,18852.45934576,19.5346931417049,22.1446756396743,0.0201261670059473,0.00449945174508092,6744.3452733864,0.0591564534738313,6785.10842424,1.29324427138419,0.0636559052189123,"Malawi","Mzimba","TA Mzukuzuku",208,25638.56777,1,"Pediatrics",46866.047041
"135",135,18845.9843030633,18.6649184440821,21.16258593005,0.0192615001260981,0.00434611714626641,6752.67292208966,0.0594328556384973,6791.5834669367,1.29484095582137,0.0637789727847637,"Malawi","Mzimba","TA Mzukuzuku",208,25638.56777,1,"Pediatrics",46866.047041
"136",136,18839.7986889974,17.8329272866955,20.2228169467191,0.0184318568252258,0.00419694171710847,6760.6310081661,0.059699804557905,6797.76908100262,1.29636678232549,0.0638967462750135,"Malawi","Mzimba","TA Mzukuzuku",208,25638.56777,1,"Pediatrics",46866.047041
"137",137,18833.8898124879,17.0371600283177,19.323651624322,0.0176359936708051,0.0040518820108506,6768.23550042484,0.0599575589415368,6803.6779575121,1.29782481271855,0.0640094409523874,"Malawi","Mzimba","TA Mzukuzuku",208,25638.56777,1,"Pediatrics",46866.047041
"138",138,18828.2455369961,16.2761159872774,18.463435527334,0.0168726975325617,0.00391088955069241,6775.50169152764,0.0602063745314578,6809.32223300387,1.29921797917557,0.0641172640821502,"Malawi","Mzimba","TA Mzukuzuku",208,25638.56777,1,"Pediatrics",46866.047041
"139",139,18822.854252867,15.548351566007,17.6405744843718,0.016140786133546,0.00377391140651909,6782.44422988129,0.0604465038038084,6814.71351713302,1.3005490903401,0.0642204152103275,"Malawi","Mzimba","TA Mzukuzuku",208,25638.56777,1,"Pediatrics",46866.047041
"140",140,18817.7048172724,14.8524742984158,16.8535291384862,0.0154391064351824,0.00364089101456411,6789.0771910973,0.060678195915001,6819.86295272757,1.30182084502648,0.0643190869295652,"Malawi","Mzimba","TA Mzukuzuku",208,25638.56777,1,"Pediatrics",46866.047041
"141",141,18812.7865623222,14.1871447306253,16.1008161994192,0.0147665361851164,0.00351176831888264,6795.41406674686,0.0609016963750556,6824.78120767779,1.30303583006388,0.0644134646939382,"Malawi","Mzimba","TA Mzukuzuku",208,25638.56777,1,"Pediatrics",46866.047041
"142",142,18808.089276256,13.5510749614498,15.381006979241,0.0141219842300234,0.00338648017807886,6801.46778609207,0.0611172468335843,6829.47849374401,1.30419652446329,0.0645037270116632,"Malawi","Mzimba","TA Mzukuzuku",208,25638.56777,1,"Pediatrics",46866.047041
"143",143,18803.6031836343,12.9430263970167,14.6927263655934,0.0135043904829611,0.00326496076217333,6807.25073916689,0.0613250849058478,6833.96458636565,1.30530530384338,0.0645900456680211,"Malawi","Mzimba","TA Mzukuzuku",208,25638.56777,1,"Pediatrics",46866.047041
"144",144,18799.3189279876,12.3618085134637,14.0346511477139,0.0129127259143029,0.00314714190198355,6812.77479703933,0.0615254440180931,6838.24884201234,1.30636444431584,0.0646725859200767,"Malawi","Mzimba","TA Mzukuzuku",208,25638.56777,1,"Pediatrics",46866.047041
"145",145,18795.2275549308,11.806277659203,13.4055082580654,0.012345992487151,0.00303295341854499,6818.05133165271,0.0617185532715912,6842.34021506916,1.30737612628987,0.0647515066901362,"Malawi","Mzimba","TA Mzukuzuku",208,25638.56777,1,"Pediatrics",46866.047041
"146",146,18791.3204961266,11.2753352601646,12.8040736905027,0.0118032229182397,0.00292232343232044,6823.09123473901,0.0619046373267139,6846.24727387336,1.30834243809893,0.0648269607590343,"Malawi","Mzimba","TA Mzukuzuku",208,25638.56777,1,"Pediatrics",46866.047041
"147",147,18787.5895536624,10.7679263364732,12.2291710746126,0.0112834804006725,0.00281517865190196,6827.90493635109,0.0620839163057718,6849.97821633754,1.30926537955415,0.0648990949576738,"Malawi","Mzimba","TA Mzukuzuku",208,25638.56777,1,"Pediatrics",46866.047041
"148",148,18784.0268848351,10.2830383203788,11.6796699270128,0.0107858582988537,0.00271144464294688,6832.50242300882,0.0622566057133068,6853.54088516487,1.31014686542393,0.0649680503562537,"Malawi","Mzimba","TA Mzukuzuku",208,25638.56777,1,"Pediatrics",46866.047041
"149",149,18780.6249876481,9.81969950795805,11.1544843468132,0.0103094797289672,0.00261104607905665,6836.89325505492,0.062422916372586,6856.94278235188,1.31098872876182,0.0650339624516427,"Malawi","Mzimba","TA Mzukuzuku",208,25638.56777,1,"Pediatrics",46866.047041
"150",150,18777.3766868304,9.37697753209764,10.6525717231668,0.00985349708663106,0.00251390697486838,6841.08658345593,0.0625830543772041,6860.19108316963,1.31179272412808,0.0650969613520725,"Malawi","Mzimba","TA Mzukuzuku",208,25638.56777,1,"Pediatrics",46866.047041
"151",151,18774.275120229,8.95397814987992,10.1729311287247,0.00941709156957534,0.00241995090175111,6845.0911662289,0.0627372210567413,6863.29264977103,1.31256053073942,0.0651571719584924,"Malawi","Mzimba","TA Mzukuzuku",208,25638.56777,1,"Pediatrics",46866.047041
"152",152,18771.3137257748,8.54984389605549,9.71460191402363,0.00899947263877635,0.00232910118747986,6848.91538422836,0.0628856129553865,6866.25404422522,1.3132937554961,0.0652147141428664,"Malawi","Mzimba","TA Mzukuzuku",208,25638.56777,1,"Pediatrics",46866.047041
"153",153,18768.4862289932,8.16375263677476,9.27666246903647,0.00859987742854993,0.00224128110061008,6852.56725632062,0.063028421822538,6869.08154100678,1.31399393589151,0.0652697029231481,"Malawi","Mzimba","TA Mzukuzuku",208,25638.56777,1,"Pediatrics",46866.047041
"154",154,18765.7866308976,7.79491634536494,8.85822879047079,0.00821757015593684,0.00215641401988182,6856.05445414772,0.0631658346144753,6871.78113910235,1.31466254284308,0.0653222486343571,"Malawi","Mzimba","TA Mzukuzuku",208,25638.56777,1,"Pediatrics",46866.047041
"155",155,18763.2091963472,7.44257989871924,8.45845308708891,0.00785184150599049,0.00207442358966178,6859.38431636834,0.063298033506183,6874.35857365275,1.31530098342289,0.0653724570958448,"Malawi","Mzimba","TA Mzukuzuku",208,25638.56777,1,"Pediatrics",46866.047041
"156",156,18760.7484429161,7.10601976734923,8.07652257014486,0.00750200797957762,0.00199523386231662,6862.56386230859,0.0634251959124601,6876.81932708384,1.31591060347511,0.0654204297747768,"Malawi","Mzimba","TA Mzukuzuku",208,25638.56777,1,"Pediatrics",46866.047041
"157",157,18758.3991301562,6.7845428230925,7.71165817665046,0.00716741123909122,0.00191876942792758,6865.5998051689,0.0635474945175356,6879.16863984383,1.31649269014835,0.0654662639454632,"Malawi","Mzimba","TA Mzukuzuku",208,25638.56777,1,"Pediatrics",46866.047041
"158",158,18756.1562492531,6.47748523670101,7.36311325871794,0.00684741745184253,0.00184495553207071,6868.49856478117,0.0636650973124231,6881.41152074689,1.31704847434172,0.0655100528444938,"Malawi","Mzimba","TA Mzukuzuku",208,25638.56777,1,"Pediatrics",46866.047041
"159",159,18754.0150131349,6.1842113136186,7.03017241263772,0.00654141661318373,0.00177371818253105,6871.26627983641,0.0637781676392785,6883.55275686511,1.31757913304937,0.0655518858218095,"Malawi","Mzimba","TA Mzukuzuku",208,25638.56777,1,"Pediatrics",46866.047041
"160",160,18751.9708469686,5.90411237386724,6.71215032815895,0.00624882186720221,0.00170498424545619,6873.90881965901,0.0638868642420916,6885.5969230314,1.31808579161816,0.0655918484875477,"Malawi","Mzimba","TA Mzukuzuku",208,25638.56777,1,"Pediatrics",46866.047041
"161",161,18750.0193790099,5.63660573150588,6.40839059587921,0.00596906883558357,0.00163868153148293,6876.43179557104,0.0639913413230669,6887.54839099012,1.31856952592658,0.0656300228545498,"Malawi","Mzimba","TA Mzukuzuku",208,25638.56777,1,"Pediatrics",46866.047041
"162",162,18748.1564319434,5.38113367541522,6.11826461087618,0.00570161494968738,0.00157473887177929,6878.84057166789,0.0640917486032842,6889.41133805661,1.31903136445096,0.0656664874750635,"Malawi","Mzimba","TA Mzukuzuku",208,25638.56777,1,"Pediatrics",46866.047041
"163",163,18746.3780143376,5.13716242598191,5.84117050756129,0.00544593876270613,0.00151308618763434,6881.14027547249,0.0641882313896431,6891.18975566238,1.31947229030825,0.0657013175772774,"Malawi","Mzimba","TA Mzukuzuku",208,25638.56777,1,"Pediatrics",46866.047041
"164",164,18744.6803123374,4.9041811672356,5.57653205889001,0.00520153926623533,0.00145365455205267,6883.335808312,0.0642809306469202,6892.8874576626,1.31989324324569,0.0657345851989729,"Malawi","Mzimba","TA Mzukuzuku",208,25638.56777,1,"Pediatrics",46866.047041
"165",165,18743.0596823737,4.68170119182407,5.32379769603861,0.00496793526678244,0.00139637623798415,6885.43185444381,0.064369983068206,6894.50808762624,1.32029512139058,0.0657663593061901,"Malawi","Mzimba","TA Mzukuzuku",208,25638.56777,1,"Pediatrics",46866.047041
"166",166,18741.5126436769,4.46925494942908,5.08243956331296,0.00474466472346749,0.00134118476466312,6887.43289043971,0.0644555211516453,6896.05512632309,1.32067878304963,0.0657967059163084,"Malawi","Mzimba","TA Mzukuzuku",208,25638.56777,1,"Pediatrics",46866.047041
"167",167,18740.0358710258,4.26639517660052,4.85195253753624,0.00453128409698474,0.0012880149372614,6889.34319428777,0.0645376732805955,6897.53189897422,1.32104504845412,0.0658256882178568,"Malawi","Mzimba","TA Mzukuzuku",208,25638.56777,1,"Pediatrics",46866.047041
"168",168,18738.6261879608,4.07269410526852,4.63185327178197,0.0043273677255161,0.00123680287864214,6891.16685392773,0.0646165638049053,6898.94158203919,1.32139470139646,0.0658533666835475,"Malawi","Mzimba","TA Mzukuzuku",208,25638.56777,1,"Pediatrics",46866.047041
"169",169,18737.2805602462,3.8877426045994,4.42167935984408,0.00413250719523933,0.00118748605612549,6892.90777548299,0.0646923131245431,6900.28720975381,1.32172849080861,0.0658797991806686,"Malawi","Mzimba","TA Mzukuzuku",208,25638.56777,1,"Pediatrics",46866.047041
"170",170,18735.9960897522,3.71114943392291,4.22098848683563,0.00394631074794182,0.00114000330212937,6894.5696909752,0.0647650377725339,6901.57168024778,1.32204713224121,0.0659050410746633,"Malawi","Mzimba","TA Mzukuzuku",208,25638.56777,1,"Pediatrics",46866.047041
"171",171,18734.7700076145,3.5425404124168,4.02935745078836,0.00376840258999242,0.00109429482304618,6896.15616697439,0.064834850523562,6902.79776238553,1.32235130952216,0.0659291453466082,"Malawi","Mzimba","TA Mzukuzuku",208,25638.56777,1,"Pediatrics",46866.047041
"172",172,18733.5996725388,3.38155819907072,3.84638200281439,0.00359842280939181,0.00105030225701274,6897.67060667391,0.0649018603602416,6903.96809746123,1.32264167515448,0.0659521626172544,"Malawi","Mzimba","TA Mzukuzuku",208,25638.56777,1,"Pediatrics",46866.047041
"173",173,18732.4825585369,3.22786072354071,3.67167505505242,0.00343602596786756,0.00100796860471044,6899.11626551711,0.0649661727625208,6905.08521146304,1.32291885331249,0.0659741413672312,"Malawi","Mzimba","TA Mzukuzuku",208,25638.56777,1,"Pediatrics",46866.047041
"174",174,18731.4162541788,3.08112111598788,3.50486661451429,0.00328088111001728,0.000967238283847811,6900.49625208165,0.065027889661221,6906.15151582121,1.32318344001139,0.0659951279450688,"Malawi","Mzimba","TA Mzukuzuku",208,25638.56777,1,"Pediatrics",46866.047041
"175",175,18730.3984520022,2.9410263256148,3.34560224231562,0.00313267051278685,0.000928057054472205,6901.81354159256,0.0650871097047969,6907.16931799776,1.32343600569817,0.0660151667592691,"Malawi","Mzimba","TA Mzukuzuku",208,25638.56777,1,"Pediatrics",46866.047041
"176",176,18729.4269546644,2.80727796436754,3.19354401545387,0.00299109056843374,0.00089037216303135,6903.07096796502,0.0651439279948452,6908.14081533557,1.32367709372596,0.0660343001578765,"Malawi","Mzimba","TA Mzukuzuku",208,25638.56777,1,"Pediatrics",46866.047041
"177",177,18728.4996636181,2.67959082689448,3.04836885762579,0.0028558504176154,0.000854132247066271,6904.27123827833,0.0651984363885141,6909.0681063819,1.32390722312922,0.0660525686355804,"Malawi","Mzimba","TA Mzukuzuku",208,25638.56777,1,"Pediatrics",46866.047041
"178",178,18727.6145736396,2.55769217371552,2.90976775731748,0.0027266713280797,0.000819287317072284,6905.4169397471,0.0652507236145403,6909.9531963604,1.32412688996033,0.0660700109316126,"Malawi","Mzimba","TA Mzukuzuku",208,25638.56777,1,"Pediatrics",46866.047041
"179",179,18726.769768864,2.4413212210318,2.77744519767999,0.00260328624307812,0.000785788745015202,6906.51054476698,0.0653008753556833,6910.79800113604,1.32433656825705,0.0660866641006985,"Malawi","Mzimba","TA Mzukuzuku",208,25638.56777,1,"Pediatrics",46866.047041
"180",180,18725.9634206111,2.33022888420598,2.65111883419924,0.00248543955596663,0.000753589275081155,6907.55441366738,0.0653489742756364,6911.6043493889,1.32453671057032,0.0661025635507175,"Malawi","Mzimba","TA Mzukuzuku",208,25638.56777,1,"Pediatrics",46866.047041
"181",181,18725.1937828916,2.22417717589377,2.53051885313641,0.00237288658135333,0.000722643000226373,6908.55080044961,0.0653951001239289,6912.37398710835,1.32472774906446,0.0661177431241553,"Malawi","Mzimba","TA Mzukuzuku",208,25638.56777,1,"Pediatrics",46866.047041
"182",182,18724.4591883593,2.12293867057782,2.41538739035242,0.0022653930779377,0.000692905343690861,6909.50185795153,0.0654393298277834,6913.10858164071,1.32491009650742,0.0661322351714743,"Malawi","Mzimba","TA Mzukuzuku",208,25638.56777,1,"Pediatrics",46866.047041
"183",183,18723.7580450894,2.02629610530329,2.30547803766463,0.0021627348680367,0.000664333041414294,6910.40964196213,0.0654817375681683,6913.80972491058,1.32508414705969,0.0661460706095826,"Malawi","Mzimba","TA Mzukuzuku",208,25638.56777,1,"Pediatrics",46866.047041
"184",184,18723.088833224,1.93404192965728,2.20055536047778,0.00206469743360688,0.000636884122392147,6911.2761155094,0.0655223948607478,6914.47893677596,1.32525027709641,0.06615927898314,"Malawi","Mzimba","TA Mzukuzuku",208,25638.56777,1,"Pediatrics",46866.047041
"185",185,18722.4501016282,1.84597785193318,2.10039442039054,0.0019710755094264,0.000610517887265152,6912.10315313544,0.0655613706386173,6915.1176683718,1.32540884602707,0.0661718885258824,"Malawi","Mzimba","TA Mzukuzuku",208,25638.56777,1,"Pediatrics",46866.047041
"186",186,18721.8404648546,1.7619144653901,2.00478030041187,0.00188167271596573,0.000585194886385007,6912.89254478069,0.0655987313298313,6915.72730514542,1.32556019704029,0.0661839262162163,"Malawi","Mzimba","TA Mzukuzuku",208,25638.56777,1,"Pediatrics",46866.047041
"187",187,18721.2586001246,1.68167084279653,1.91350766452269,0.00179630118558755,0.000560876896241477,6913.64599964902,0.0656345409367203,6916.30916987536,1.32570465784482,0.0661954178329617,"Malawi","Mzimba","TA Mzukuzuku",208,25638.56777,1,"Pediatrics",46866.047041
"188",188,18720.7032446089,1.60507415579365,1.82638037435859,0.00171478122008032,0.000537526896392265,6914.36514969169,0.0656688611094828,6916.86452539108,1.32584254133758,0.0662063880058751,"Malawi","Mzimba","TA Mzukuzuku",208,25638.56777,1,"Pediatrics",46866.047041
"189",189,18720.1731927225,1.53195934075704,1.74321106154107,0.00163694095590639,0.000515109045016099,6915.05155307397,0.0657017512206045,6917.39457727749,1.32597414626832,0.0662168602656206,"Malawi","Mzimba","TA Mzukuzuku",208,25638.56777,1,"Pediatrics",46866.047041
"190",190,18719.6672934373,1.46216873889244,1.6638207287543,0.00156261602346359,0.000493588652335764,6915.70669762191,0.0657332684415146,6917.90047656268,1.32609975790047,0.0662268570938504,"Malawi","Mzimba","TA Mzukuzuku",208,25638.56777,1,"Pediatrics",46866.047041
"191",191,18719.1844485458,1.39555185218051,1.58803850729064,0.00149164933036958,0.000472932170593472,6916.33200304541,0.0657634677847585,6918.38332145417,1.32621964843741,0.0662363999553519,"Malawi","Mzimba","TA Mzukuzuku",208,25638.56777,1,"Pediatrics",46866.047041
"192",192,18718.7236089072,1.33196485223451,1.51570107540581,0.00142389056904818,0.000453107138051231,6916.92882576518,0.0657924022308919,6918.84416109276,1.32633407794791,0.0662455093689432,"Malawi","Mzimba","TA Mzukuzuku",208,25638.56777,1,"Pediatrics",46866.047041
"193",193,18718.2837729053,1.27127037512836,1.4466524297154,0.00135919602327542,0.000434082168053831,6917.49846088886,0.065820122768036,6919.28399709466,1.32644329474507,0.0662542049360899,"Malawi","Mzimba","TA Mzukuzuku",208,25638.56777,1,"Pediatrics",46866.047041
"194",194,18717.8639837293,1.21333715108459,1.38074347782457,0.00129742820764378,0.000415826908426191,6918.04214570817,0.0658466784840321,6919.70378627068,1.32654753605681,0.0662625053924583,"Malawi","Mzimba","TA Mzukuzuku",208,25638.56777,1,"Pediatrics",46866.047041
"195",195,18717.463328867,1.15803994317147,1.31783196364326,0.00123845581567799,0.000398312051702331,6918.56106034177,0.06587211656497,6920.10444113302,1.32664702814912,0.0662704286166724,"Malawi","Mzimba","TA Mzukuzuku",208,25638.56777,1,"Pediatrics",46866.047041
"196",196,18717.0809381836,1.1052592900581,1.25778217607487,0.00118215346796895,0.000381509310596101,6919.05633020515,0.0658964823559888,6920.48683181642,1.32674198679967,0.0662779916665849,"Malawi","Mzimba","TA Mzukuzuku",208,25638.56777,1,"Pediatrics",46866.047041
"197",197,18716.715980074,1.05488098235967,1.20046436359963,0.00112840119033125,0.000365391346784621,6919.52903096804,0.0659198195061104,6920.85178992604,1.32683261824823,0.066285210852895,"Malawi","Mzimba","TA Mzukuzuku",208,25638.56777,1,"Pediatrics",46866.047041
"198",198,18716.3676605375,1.00679594219613,1.14575459321075,0.00107708429506949,0.00034993176349418,6919.98018974107,0.0659421699929661,6921.20010946253,1.32691911942428,0.0662921017564603,"Malawi","Mzimba","TA Mzukuzuku",208,25638.56777,1,"Pediatrics",46866.047041
"199",199,18716.0352218724,0.96090004989569,1.09353455046453,0.00102809320933897,0.000335105089077614,6920.41078675479,0.065963574163898,6921.53254812762,1.32700167826885,0.0662986792529756,"Malawi","Mzimba","TA Mzukuzuku",208,25638.56777,1,"Pediatrics",46866.047041
"200",200,18715.7179408052,0.917093887359277,1.04369125792537,0.000981323222870381,0.00032088674629859,6920.82175776873,0.0659840708023825,6921.84982919479,1.32708047419649,0.0663049575486811,"Malawi","Mzimba","TA Mzukuzuku",208,25638.56777,1,"Pediatrics",46866.047041
"201",201,18715.4151268757,0.875282520640492,0.996116828082189,0.000936674270246281,0.000307253025969469,6921.21399615113,0.0660036971852169,6922.15264312434,1.32715567849397,0.0663109502111864,"Malawi","Mzimba","TA Mzukuzuku",208,25638.56777,1,"Pediatrics",46866.047041
"202",202,18715.1261210432,0.835375315214132,0.950708246636409,0.000894050742717283,0.000294181063291897,6921.58835467397,0.0660224891327959,6922.44164895676,1.32722745466447,0.0663166701960878,"Malawi","Mzimba","TA Mzukuzuku",208,25638.56777,1,"Pediatrics",46866.047041
"203",203,18714.8502942535,0.79728573799745,0.907367157011896,0.000853361292740926,0.000281648812966637,6921.94564736033,0.0660404810614851,6922.71747574651,1.32729595878177,0.0663221298744517,"Malawi","Mzimba","TA Mzukuzuku",208,25638.56777,1,"Pediatrics",46866.047041
"204",204,18714.5870460493,0.76093116892515,0.865999647895611,0.000814518644515624,0.000269635024320397,6922.28665127413,0.0660577060351245,6922.98072395067,1.32736133983341,0.0663273410594449,"Malawi","Mzimba","TA Mzukuzuku",208,25638.56777,1,"Pediatrics",46866.047041
"205",205,18714.3358032821,0.726232731085328,0.826516050507223,0.000777439418268171,0.00025811921738729,6922.6121081819,0.0660741958136641,6923.23196671795,1.3274237400393,0.0663323150310514,"Malawi","Mzimba","TA Mzukuzuku",208,25638.56777,1,"Pediatrics",46866.047041
"206",206,18714.0960188315,0.693115113015744,0.788830746002292,0.000742043953530751,0.000247081658411066,6922.92272620292,0.0660899809023166,6923.47175116845,1.32748329516808,0.0663370625607277,"Malawi","Mzimba","TA Mzukuzuku",208,25638.56777,1,"Pediatrics",46866.047041
"207",207,18713.8671704715,0.661506413476509,0.752861992076215,0.000708256152449396,0.000236503337619876,6923.21918127281,0.0661050905956485,6923.70059952846,1.32754013481782,0.0663415939332684,"Malawi","Mzimba","TA Mzukuzuku",208,25638.56777,1,"Pediatrics",46866.047041
"208",208,18713.648759812,0.631338001403081,0.718531756362709,0.000676003334115091,0.000226365947894745,6923.50211850794,0.0661195530192745,6923.91901018801,1.3275943826775,0.0663459189671692,"Malawi","Mzimba","TA Mzukuzuku",208,25638.56777,1,"Pediatrics",46866.047041
"209",209,18713.4403111706,0.602544360693787,0.6857655442217,0.000645216077645622,0.000216651861470729,6923.77215366134,0.0661333951749602,6924.12745882938,1.32764615680626,0.066350047036431,"Malawi","Mzimba","TA Mzukuzuku",208,25638.56777,1,"Pediatrics",46866.047041
"210",210,18713.241370493,0.575062942950801,0.654492232386091,0.000615828071860574,0.000207344107131686,6924.02987451653,0.0661466429843054,6924.32639950704,1.3276955699006,0.0663539870914371,"Malawi","Mzimba","TA Mzukuzuku",208,25638.56777,1,"Pediatrics",46866.047041
"211",211,18713.051504414,0.548834039706632,0.624643924030979,0.000587775984291055,0.000198426349822186,6924.2758420986,0.0661593213272918,6924.51626558601,1.32774272952657,0.066357747677114,"Malawi","Mzimba","TA Mzukuzuku",208,25638.56777,1,"Pediatrics",46866.047041
"212",212,18712.8702993272,0.523800655692191,0.596155804689119,0.000560999330847668,0.000189882869886505,6924.51059187609,0.0661714540810823,6924.69747067276,1.32778773835022,0.0663613369509688,"Malawi","Mzimba","TA Mzukuzuku",208,25638.56777,1,"Pediatrics",46866.047041
"213",213,18712.6973603383,0.499908366163141,0.568965980320446,0.000535440329063203,0.000181698539410057,6924.73463511213,0.066183064163971,6924.87040966166,1.32783069439668,0.066364762703381,"Malawi","Mzimba","TA Mzukuzuku",208,25638.56777,1,"Pediatrics",46866.047041
"214",214,18712.532310461,0.47710520713538,0.543015352877284,0.000511043784791281,0.000173858803271502,6924.94845990279,0.0661941735699496,6925.03545953897,1.32787169124921,0.0663680323732211,"Malawi","Mzimba","TA Mzukuzuku",208,25638.56777,1,"Pediatrics",46866.047041
"215",215,18712.3747899495,0.455341584090629,0.518247516859039,0.000487756997799515,0.000166349662935862,6925.15253203946,0.0662048033979027,6925.19298005047,1.32791081821457,0.0663711530608385,"Malawi","Mzimba","TA Mzukuzuku",208,25638.56777,1,"Pediatrics",46866.047041
"216",216,18712.2244555331,0.434570167348478,0.494608640652408,0.000465529653642427,0.000159157657961938,6925.34729599766,0.0662149738849853,6925.34331446686,1.32794816051259,0.0663741315429472,"Malawi","Mzimba","TA Mzukuzuku",208,25638.56777,1,"Pediatrics",46866.047041
"217",217,18712.0809795815,0.414745777988903,0.472047337063879,0.000444313705678714,0.000152269845718836,6925.5331760154,0.0662247044431435,6925.48679041845,1.32798379948293,0.0663769742888624,"Malawi","Mzimba","TA Mzukuzuku",208,25638.56777,1,"Pediatrics",46866.047041
"218",218,18711.9440493448,0.395825283923477,0.450514545339437,0.000424063267272497,0.000145673782358379,6925.71057707523,0.066234013692947,6925.62372065524,1.32801781277338,0.0663796874753054,"Malawi","Mzimba","TA Mzukuzuku",208,25638.56777,1,"Pediatrics",46866.047041
"219",219,18711.8133662999,0.377767510490526,0.429963429684039,0.000404734518767312,0.000139357505844743,6925.87988574839,0.0662429194933026,6925.75440370009,1.32805027450171,0.0663822769991474,"Malawi","Mzimba","TA Mzukuzuku",208,25638.56777,1,"Pediatrics",46866.047041
"220",220,18711.6886455394,0.360533156633772,0.410349284128817,0.000386285620176128,0.000133309519753154,6926.04147098574,0.0662514389696034,6925.87912446062,1.32808125540731,0.0663847484893565,"Malawi","Mzimba","TA Mzukuzuku",208,25638.56777,1,"Pediatrics",46866.047041
"221",221,18711.5696151543,0.344084710433791,0.391629436643393,0.000368676623199032,0.00012751877687088,6926.19568491467,0.0662595885421671,6925.99815484569,1.32811082300396,0.066387107319038,"Malawi","Mzimba","TA Mzukuzuku",208,25638.56777,1,"Pediatrics",46866.047041
"222",222,18711.4560156266,0.328386365802577,0.373763154540327,0.000351869384371053,0.000121974662843179,6926.34286362508,0.0662673839544673,6926.11175437343,1.32813904173058,0.0663893586173105,"Malawi","Mzimba","TA Mzukuzuku",208,25638.56777,1,"Pediatrics",46866.047041
"223",223,18711.3475992569,0.313403944085022,0.356711555440012,0.000335827483170697,0.000116666980450486,6926.4833279088,0.0662748403000387,6926.2201707431,1.32816597309295,0.0663915072804892,"Malawi","Mzimba","TA Mzukuzuku",208,25638.56777,1,"Pediatrics",46866.047041
"224",224,18711.2441296323,0.299104820998344,0.340437524298573,0.000320516145573524,0.000111585934632579,6926.61738394828,0.0662819720478787,6926.32364036772,1.3281916757958,0.0663935579825113,"Malawi","Mzimba","TA Mzukuzuku",208,25638.56777,1,"Pediatrics",46866.047041
"225",225,18711.1453811185,0.285457857003201,0.324905634328545,0.000305902171129861,0.000106722118004328,6926.74532397281,0.0662887930668675,6926.4223888815,1.32821620586857,0.0663955151848718,"Malawi","Mzimba","TA Mzukuzuku",208,25638.56777,1,"Pediatrics",46866.047041
"226",226,18711.0511383694,0.27243332994413,0.31008207048395,0.000291953862373923,0.000102066496690587,6926.86742689317,0.0662953166495476,6926.51663163061,1.32823961678714,0.0663973831462382,"Malawi","Mzimba","TA Mzukuzuku",208,25638.56777,1,"Pediatrics",46866.047041
"227",227,18710.9611958553,0.26000287030156,0.295934555901024,0.000278640956904131,0.0000976103965298361,6926.98395891161,0.0663015555351636,6926.60657414471,1.32826195959077,0.0663991659316935,"Malawi","Mzimba","TA Mzukuzuku",208,25638.56777,1,"Pediatrics",46866.047041
"228",228,18710.8753574146,0.248139399617477,0.282432281941972,0.000265934562716231,0.0000933454897450276,6927.09517410181,0.0663075219317843,6926.69241258536,1.3282832829933,0.0664008674215294,"Malawi","Mzimba","TA Mzukuzuku",208,25638.56777,1,"Pediatrics",46866.047041
"229",229,18710.7934358286,0.236817072046784,0.269545841784477,0.000253807096751142,0.0000892637820904272,6927.20131495914,0.0663132275375038,6926.77433417139,1.32830363348864,0.0664024913195943,"Malawi","Mzimba","TA Mzukuzuku",208,25638.56777,1,"Pediatrics",46866.047041
"230",230,18710.7152524149,0.226011218542305,0.257247166998681,0.000242232226164461,0.0000853576004167365,6927.30261292611,0.0663186835608503,6926.85251758505,1.32832305545151,0.0664040411612671,"Malawi","Mzimba","TA Mzukuzuku",208,25638.56777,1,"Pediatrics",46866.047041
"231",231,18710.6406366391,0.215698293392767,0.245509466792096,0.000231184812030962,0.0000816195806178278,6927.39928889558,0.0663239007404775,6926.9271333609,1.32834159123394,0.0664055203210954,"Malawi","Mzimba","TA Mzukuzuku",208,25638.56777,1,"Pediatrics",46866.047041
"232",232,18710.5694257424,0.205855823105781,0.234307169914863,0.000220640855475324,0.0000780426559623235,6927.49155369171,0.0663288893641381,6926.99834425761,1.32835928125749,0.0664069320201005,"Malawi","Mzimba","TA Mzukuzuku",208,25638.56777,1,"Pediatrics",46866.047041
"233",233,18710.5014643876,0.196462357659373,0.223615869253367,0.000210577446255405,0.0000746200458202493,6927.57960852865,0.0663336592869248,6927.06630561235,1.32837616410116,0.0664082793327451,"Malawi","Mzimba","TA Mzukuzuku",208,25638.56777,1,"Pediatrics",46866.047041
"234",234,18710.4366043213,0.187497424019247,0.213412268995701,0.000200972713696899,0.0000713452447773322,6927.66364544778,0.0663382199488007,6927.13116567872,1.32839227658526,0.0664095651935781,"Malawi","Mzimba","TA Mzukuzuku",208,25638.56777,1,"Pediatrics",46866.047041
"235",235,18710.3747040507,0.17894148175611,0.203674134180721,0.000191805779812553,0.0000682120121185297,6927.74384773513,0.0663425803914615,6927.19306594925,1.32840765385141,0.0664107924035801,"Malawi","Mzimba","TA Mzukuzuku",208,25638.56777,1,"Pediatrics",46866.047041
"236",236,18710.3156285364,0.17077588064029,0.194380242491588,0.000183056714481141,0.0000652143616666372,6927.82039032008,0.0663467492745607,6927.25214146357,1.32842232943903,0.0664119636362274,"Malawi","Mzimba","TA Mzukuzuku",208,25638.56777,1,"Pediatrics",46866.047041
"237",237,18710.2592488975,0.162982820145538,0.185510338216987,0.000174706492616711,0.0000623465519691592,6927.89344015621,0.0663507348913146,6927.30852110252,1.32843633535829,0.0664130814432838,"Malawi","Mzimba","TA Mzukuzuku",208,25638.56777,1,"Pediatrics",46866.047041
"238",238,18710.2054421311,0.155545310799311,0.177045088309199,0.000166736953264688,0.0000596030768275657,6927.96315658456,0.0663545451835007,6927.36232786889,1.32844970215983,0.0664141482603283,"Malawi","Mzimba","TA Mzukuzuku",208,25638.56777,1,"Pediatrics",46866.047041
"239",239,18710.1540908447,0.148447137295591,0.168966040443804,0.000159130760539836,0.0000569786561597874,6928.02969168036,0.0663581877558728,6927.41367915528,1.32846245900119,0.0664151664120327,"Malawi","Mzimba","TA Mzukuzuku",208,25638.56777,1,"Pediatrics",46866.047041
"240",240,18710.1050830002,0.141672823278741,0.161255582977244,0.000151871366312983,0.000054468227185011,6928.09319058401,0.0663616698900145,6927.46268699976,1.3284746337103,0.0664161381171996,"Malawi","Mzimba","TA Mzukuzuku",208,25638.56777,1,"Pediatrics",46866.047041
"241",241,18710.05831167,0.135207597718503,0.153896906711681,0.000144942974564714,0.0000520669359208148,6928.15379181705,0.0663649985576531,6927.50945832995,1.32848625284604,0.066417065493574,"Malawi","Mzimba","TA Mzukuzuku",208,25638.56777,1,"Pediatrics",46866.047041
"242",242,18710.013674804,0.129037362808662,0.146873968390762,0.00013833050733678,0.0000497701289841023,6928.21162758375,0.066368180433453,6927.55409519602,1.32849734175608,0.0664179505624372,"Malawi","Mzimba","TA Mzukuzuku",208,25638.56777,1,"Pediatrics",46866.047041
"243",243,18709.971075007,0.123148663324794,0.140171455853058,0.00013201957221491,0.0000475733456875011,6928.26682405901,0.0663712219073047,6927.59669499302,1.32850792463206,0.0664187952529923,"Malawi","Mzimba","TA Mzukuzuku",208,25638.56777,1,"Pediatrics",46866.047041
"244",244,18709.9304193269,0.117528657374809,0.133774754767991,0.000125996431274981,0.0000454723104223967,6928.31950166314,0.0663741290961285,6927.63735067313,1.32851802456229,0.0664196014065509,"Malawi","Mzimba","TA Mzukuzuku",208,25638.56777,1,"Pediatrics",46866.047041
"245",245,18709.8916190518,0.11216508847713,0.127669916880307,0.00012024797142543,0.0000434629253195929,6928.36977532405,0.0663769078552108,6927.67615094816,1.32852766358203,0.0664203707805304,"Malawi","Mzimba","TA Mzukuzuku",208,25638.56777,1,"Pediatrics",46866.047041
"246",246,18709.854589517,0.107046258905778,0.121843629694256,0.000114761676083267,0.0000415412631789159,6928.41775472765,0.0663795637890905,6927.71318048299,1.32853686272147,0.0664211050522695,"Malawi","Mzimba","TA Mzukuzuku",208,25638.56777,1,"Pediatrics",46866.047041
"247",247,18709.81924992,0.102161004245981,0.116283187533493,0.000109525598125301,0.0000397035606594662,6928.46354455677,0.0663821022620124,6927.74852007998,1.32854564205156,0.0664218058226718,"Malawi","Mzimba","TA Mzukuzuku",208,25638.56777,1,"Pediatrics",46866.047041
"248",248,18709.7855231448,0.097498669106381,0.110976463915436,0.000104528334058667,0.0000379462117223867,6928.50724471922,0.0663845284079611,6927.78224685521,1.32855402072773,0.0664224746196835,"Malawi","Mzimba","TA Mzukuzuku",208,25638.56777,1,"Pediatrics",46866.047041
"249",249,18709.7533355935,0.0930490839351978,0.105911885180543,0.0000997589993562603,0.000036265761318062,6928.54895056547,0.066386847140295,6927.8144344065,1.32856201703162,0.066423112901613,"Malawi","Mzimba","TA Mzukuzuku",208,25638.56777,1,"Pediatrics",46866.047041
"250",250,18709.7226170261,0.0888025428901205,0.1010784053193,0.0000952072049047491,0.00003465889930978,6928.5887530964,0.0663890631609911,6927.84515297388,1.32856964841092,0.0664237220603009,"Malawi","Mzimba","TA Mzukuzuku",208,25638.56777,1,"Pediatrics",46866.047041
"251",251,18709.6933004072,0.0847497827140878,0.0964654819426531,0.0000908630345154179,0.0000331224546260962,6928.62673916163,0.0663911809695188,6927.87446959276,1.32857693151741,0.0664243034241449,"Malawi","Mzimba","TA Mzukuzuku",208,25638.56777,1,"Pediatrics",46866.047041
"252",252,18709.66532176,0.0808819625715642,0.0920630533443692,0.0000867170234505545,0.0000316533896343575,6928.66299164878,0.0663932048713539,6927.90244823999,1.32858388224322,0.0664248582609883,"Malawi","Mzimba","TA Mzukuzuku",208,25638.56777,1,"Pediatrics",46866.047041
"253",253,18709.6386200265,0.0771906448019034,0.0878615166060658,0.0000827601379201186,0.0000302487947280172,6928.69758966412,0.0663951389861489,6927.92914997345,1.32859051575546,0.066425387780877,"Malawi","Mzimba","TA Mzukuzuku",208,25638.56777,1,"Pediatrics",46866.047041
"254",254,18709.6131369349,0.0736677765482102,0.0838517066976573,0.0000789837555052516,0.0000289058831205319,6928.73060870499,0.0663969872555706,6927.95463306514,1.32859684652933,0.0664258931386911,"Malawi","Mzimba","TA Mzukuzuku",208,25638.56777,1,"Pediatrics",46866.047041
"255",255,18709.5888168718,0.070305672221941,0.0800248765280505,0.0000753796464670457,0.0000276219858388007,6928.7621208244,0.0663987534508187,6927.97895312824,1.32860288837962,0.0664263754366575,"Malawi","Mzimba","TA Mzukuzuku",208,25638.56777,1,"Pediatrics",46866.047041
"256",256,18709.5656067616,0.0670969967653287,0.076372677903026,0.0000719399559008736,0.0000263945469092948,6928.79219478805,0.066400441179838,6928.00216323841,1.32860865449085,0.0664268357267473,"Malawi","Mzimba","TA Mzukuzuku",208,25638.56777,1,"Pediatrics",46866.047041
"257",257,18709.5434559505,0.0640347496754695,0.0728871433492368,0.0000686571866983865,0.0000252211187302132,6928.82089622429,0.0664020538942352,6928.02431404952,1.32861415744601,0.0664272750129655,"Malawi","Mzimba","TA Mzukuzuku",208,25638.56777,1,"Pediatrics",46866.047041
"258",258,18709.5223160959,0.0611122497555289,0.0695606687650852,0.0000655241832809415,0.0000240993576231782,6928.84828776717,0.0664035948959123,6928.04545390414,1.32861940925399,0.0664276942535355,"Malawi","Mzimba","TA Mzukuzuku",208,25638.56777,1,"Pediatrics",46866.047041
"259",259,18709.5021410611,0.0583231205600609,0.0663859968609707,0.0000625341160697967,0.0000230270195581595,6928.87442919303,0.0664050673434271,6928.06562893894,1.32862442137578,0.0664280943629853,"Malawi","Mzimba","TA Mzukuzuku",208,25638.56777,1,"Pediatrics",46866.047041
"260",260,18709.4828868146,0.0556612765029139,0.0633562013530845,0.0000596804666599327,0.0000220019560454922,6928.89937755082,0.0664064742580922,6928.08488318536,1.32862920474941,0.0664284762141377,"Malawi","Mzimba","TA Mzukuzuku",208,25638.56777,1,"Pediatrics",46866.047041
"261",261,18709.4645113344,0.0531209095976334,0.06046467187656,0.0000569570136658435,0.0000210221101890278,6928.92318728649,0.066407818529822,6928.10325866563,1.32863376981389,0.066428840640011,"Malawi","Mzimba","TA Mzukuzuku",208,25638.56777,1,"Pediatrics",46866.047041
"262",262,18709.4469745156,0.0506964768016373,0.05770509958534,0.00005435781920905,0.0000200855128946372,6928.94591036176,0.066409102922738,6928.12079548441,1.32863812653186,0.0664291884356327,"Malawi","Mzimba","TA Mzukuzuku",208,25638.56777,1,"Pediatrics",46866.047041
"263",263,18709.4302380837,0.0483826879367378,0.0550714634075876,0.0000518772160184333,0.00001919027922845,6928.96759636738,0.0664103300805422,6928.13753191631,1.32864228441143,0.0664295203597706,"Malawi","Mzimba","TA Mzukuzuku",208,25638.56777,1,"Pediatrics",46866.047041
"264",264,18709.4142655106,0.0461744941598189,0.0525580169268723,0.0000495097951157627,0.0000183346049193877,6928.98829263132,0.0664115025316664,6928.15350448935,1.32864625252683,0.0664298371365858,"Malawi","Mzimba","TA Mzukuzuku",208,25638.56777,1,"Pediatrics",46866.047041
"265",265,18709.3990219353,0.044067076958662,0.0501592758607056,0.0000472503940600233,0.000017516763000711,6929.00804432199,0.0664126226942086,6928.16874806467,1.32865003953825,0.0664301394572093,"Malawi","Mzimba","TA Mzukuzuku",208,25638.56777,1,"Pediatrics",46866.047041
"266",266,18709.3844740874,0.0420558376490463,0.0478700061092879,0.0000450940857253275,0.0000167351005854674,6929.02689454672,0.0664136928806628,6928.18329591256,1.32865365371069,0.0664304279812483,"Malawi","Mzimba","TA Mzukuzuku",208,25638.56777,1,"Pediatrics",46866.047041
"267",267,18709.3705902149,0.0401363873503322,0.0456852123485603,0.0000430361675883202,0.0000159880357708844,6929.04488444583,0.0664147153024517,6928.19717978505,1.32865710293204,0.0664307033382226,"Malawi","Mzimba","TA Mzukuzuku",208,25638.56777,1,"Pediatrics",46866.047041
"268",268,18709.3573400148,0.0383045374177826,0.043600127142823,0.0000410721515020655,0.0000152740546669122,6929.06205328233,0.0664156920742694,6928.21042998518,1.32866039473023,0.0664309661289363,"Malawi","Mzimba","TA Mzukuzuku",208,25638.56777,1,"Pediatrics",46866.047041
"269",269,18709.3446945669,0.0365562903108184,0.0416102005533027,0.0000391977539344281,0.0000145917085442739,6929.07843852756,0.0664166252182428,6928.22307543312,1.32866353628968,0.0664312169267871,"Malawi","Mzimba","TA Mzukuzuku",208,25638.56777,1,"Pediatrics",46866.047041
"270",270,18709.3326262707,0.0348878308774004,0.0397110902201162,0.0000374088866499484,0.0000139396110975319,6929.09407594297,0.0664175166679181,6928.23514372925,1.32866653446696,0.0664314562790156,"Malawi","Mzimba","TA Mzukuzuku",208,25638.56777,1,"Pediatrics",46866.047041
"271",271,18709.3211087856,0.0332955180356024,0.0378986518961058,0.0000357016478151514,0.0000133164358188262,6929.1089996581,0.0664183682720792,6928.2466612144,1.32866939580578,0.066431684707898,"Malawi","Mzimba","TA Mzukuzuku",208,25638.56777,1,"Pediatrics",46866.047041
"272",272,18709.3101169727,0.0317758768342986,0.0361689304119936,0.0000340723135081282,0.0000127209134780875,6929.12324224502,0.0664191817984063,6928.25765302731,1.3286721265512,0.0664319027118844,"Malawi","Mzimba","TA Mzukuzuku",208,25638.56777,1,"Pediatrics",46866.047041
"273",273,18709.2996268405,0.0303255908757099,0.0345181510532378,0.0000325173296140898,0.0000121518297056658,6929.13683478943,0.0664199589369793,6928.26814315947,1.32867473266331,0.0664321107666849,"Malawi","Mzimba","TA Mzukuzuku",208,25638.56777,1,"Pediatrics",46866.047041
"274",274,18709.2896154925,0.0289414950833392,0.0329427113298564,0.0000310333040894144,0.000011608022673454,6929.14980695844,0.0664207013036337,6928.2781545075,1.32867721983023,0.0664323093263071,"Malawi","Mzimba","TA Mzukuzuku",208,25638.56777,1,"Pediatrics",46866.047041
"275",275,18709.2800610769,0.0276205687995738,0.0314391731213373,0.0000296169995774945,0.0000110883808707207,6929.16218706532,0.0664214104431746,6928.28770892307,1.32867959348049,0.0664324988240454,"Malawi","Mzimba","TA Mzukuzuku",208,25638.56777,1,"Pediatrics",46866.047041
"276",276,18709.2709427394,0.0263599291979469,0.0300042551795659,0.0000282653263604414,0.000010591840970996,6929.17400213124,0.0664220878324545,6928.29682726063,1.32868185879487,0.0664326796734255,"Malawi","Mzimba","TA Mzukuzuku",208,25638.56777,1,"Pediatrics",46866.047041
"277",277,18709.2622405772,0.0251568249957294,0.0286348259734749,0.0000269753356314213,0.0000101173857864817,6929.18527794426,0.0664227348833198,6928.30552942285,1.32868402071776,0.0664328522691063,"Malawi","Mzimba","TA Mzukuzuku",208,25638.56777,1,"Pediatrics",46866.047041
"278",278,18709.2539355959,0.0240086304531753,0.0273278968598604,0.0000257442130730847,0.00000966404230658031,6929.1960391156,0.0664233529454336,6928.31383440412,1.32868608396788,0.0664330169877402,"Malawi","Mzimba","TA Mzukuzuku",208,25638.56777,1,"Pediatrics",46866.047041
"279",279,18709.2460096681,0.0229128396463664,0.026080615565516,0.0000245692727282049,0.00000923087981725948,6929.20630913327,0.0664239433089771,6928.32176033195,1.32868805304861,0.0664331741887943,"Malawi","Mzimba","TA Mzukuzuku",208,25638.56777,1,"Pediatrics",46866.047041
"280",280,18709.2384454934,0.021867061001194,0.0248902599665071,0.000023447951149266,0.00000881700809808174,6929.21611041342,0.0664245072072363,6928.32932450656,1.32868993225784,0.0664333242153344,"Malawi","Mzimba","TA Mzukuzuku",208,25638.56777,1,"Pediatrics",46866.047041
"281",281,18709.2312265614,0.0208690120765833,0.0237542321510581,0.0000223778018143419,0.00000842157569384686,6929.22546434916,0.0664250458190789,6928.3365434386,1.32869172569727,0.0664334673947728,"Malawi","Mzimba","TA Mzukuzuku",208,25638.56777,1,"Pediatrics",46866.047041
"282",282,18709.2243371148,0.0199165145856047,0.0226700527531331,0.0000213564897971769,0.00000804376825790145,6929.23439135732,0.0664255602713247,6928.3434328852,1.32869343728145,0.0664336040395826,"Malawi","Mzimba","TA Mzukuzuku",208,25638.56777,1,"Pediatrics",46866.047041
"283",283,18709.2177621156,0.0190074896436348,0.0216353555443832,0.0000203817866799256,0.00000768280696427852,6929.24291092294,0.0664260516410149,6928.35000788437,1.32869507074626,0.0664337344479791,"Malawi","Mzimba","TA Mzukuzuku",208,25638.56777,1,"Pediatrics",46866.047041
"284",284,18709.2114872122,0.0181399532332214,0.0206478822726906,0.0000194515656975305,0.00000733794698593285,6929.2510416418,0.0664265209575842,6928.35628278779,1.3286966296571,0.0664338589045701,"Malawi","Mzimba","TA Mzukuzuku",208,25638.56777,1,"Pediatrics",46866.047041
"285",285,18709.2054987079,0.0173120118757782,0.0197054777360748,0.0000185637971032147,0.0000070084760364388,6929.25880126103,0.06642696920494,6928.36227129213,1.32869811741663,0.0664339776809764,"Malawi","Mzimba","TA Mzukuzuku",208,25638.56777,1,"Pediatrics",46866.047041
"286",286,18709.199783531,0.0165218585006838,0.0188060850812399,0.0000177165437450429,0.0000066937129726141,6929.26620671781,0.0664273973234524,6928.36798646898,1.32869953727224,0.066434091036425,"Malawi","Mzimba","TA Mzukuzuku",208,25638.56777,1,"Pediatrics",46866.047041
"287",287,18709.1943292067,0.0157677685027873,0.0179477413165261,0.0000169079568439578,0.0000063930064556275,6929.27327417633,0.0664278062118578,6928.37344079333,1.32870089232311,0.0664341992183135,"Malawi","Mzimba","TA Mzukuzuku",208,25638.56777,1,"Pediatrics",46866.047041
"288",288,18709.1891238292,0.0150480959797372,0.0171285730294965,0.0000161362719641331,0.00000610573366823951,6929.28001906308,0.0664281967290823,6928.37864617083,1.32870218552697,0.0664343024627505,"Malawi","Mzimba","TA Mzukuzuku",208,25638.56777,1,"Pediatrics",46866.047041
"289",289,18709.1841560363,0.0143612701409311,0.016346792299834,0.0000153998051669012,0.00000583129908591327,6929.2864561005,0.0664285696959845,6928.38361396375,1.32870341970658,0.0664344009950704,"Malawi","Mzimba","TA Mzukuzuku",208,25638.56777,1,"Pediatrics",46866.047041
"290",290,18709.1794149842,0.0137057918802678,0.0156006927986463,0.0000146969493399054,0.00000556913329961849,6929.29259933912,0.0664289258970254,6928.38835501579,1.32870459755584,0.0664344950303249,"Malawi","Mzimba","TA Mzukuzuku",208,25638.56777,1,"Pediatrics",46866.047041
"291",291,18709.1748903243,0.0130802305052341,0.0148886460656847,0.0000140261706935103,0.00000531869188823332,6929.29846218821,0.066429266081864,6928.39287967573,1.32870572164574,0.0664345847737523,"Malawi","Mzimba","TA Mzukuzuku",208,25638.56777,1,"Pediatrics",46866.047041
"292",292,18709.1705721799,0.0124832206151984,0.0142090979563655,0.000013386005416859,0.00000507945433852926,6929.30405744506,0.0664295909668861,6928.39719782006,1.32870679442991,0.0664346704212247,"Malawi","Mzimba","TA Mzukuzuku",208,25638.56777,1,"Pediatrics",46866.047041
"293",293,18709.1664511255,0.0119134591221087,0.013560565250856,0.0000127750564863165,0.00000485092301080089,6929.30939732288,0.0664299012366653,6928.40131887448,1.32870781825001,0.0664347521596761,"Malawi","Mzimba","TA Mzukuzuku",208,25638.56777,1,"Pediatrics",46866.047041
"294",294,18709.1625181655,0.0113697024071022,0.0129416324178366,0.0000121919906193644,0.00000463262214827702,6929.31449347751,0.0664301975453614,6928.40525183451,1.32870879534081,0.0664348301675097,"Malawi","Mzimba","TA Mzukuzuku",208,25638.56777,1,"Pediatrics",46866.047041
"295",295,18709.1587647149,0.0108507636068304,0.0123509485258865,0.0000116355353673273,0.00000442409692852119,6929.3193570328,0.0664304805180588,6928.40900528509,1.32870972783511,0.0664349046149873,"Malawi","Mzimba","TA Mzukuzuku",208,25638.56777,1,"Pediatrics",46866.047041
"296",296,18709.1551825806,0.0103555100235836,0.0117872242957645,0.0000111044763406135,0.0000042249125550996,6929.32399860489,0.0664307507520457,6928.41258741937,1.32871061776836,0.0664349756646008,"Malawi","Mzimba","TA Mzukuzuku",208,25638.56777,1,"Pediatrics",46866.047041
"297",297,18709.1517639435,0.00988286065357111,0.0112492292871595,0.0000105976545604357,0.00000403465338786054,6929.32842832544,0.0664310088180386,6928.41600605652,1.32871146708309,0.0664350434714265,"Malawi","Mzimba","TA Mzukuzuku",208,25638.56777,1,"Pediatrics",46866.047041
"298",298,18709.1485013411,0.00943178382796772,0.0107357892137812,0.0000101139639312568,0.00000385292211023501,6929.33265586367,0.0664312552613535,6928.41926865887,1.32871227763321,0.0664351081834637,"Malawi","Mzimba","TA Mzukuzuku",208,25638.56777,1,"Pediatrics",46866.047041
"299",299,18709.1453876519,0.00900129496158479,0.0102457833809375,0.00000965234882846001,0.00000367933893202961,6929.3366904475,0.0664314906030258,6928.42238234815,1.32871305118798,0.0664351699419578,"Malawi","Mzimba","TA Mzukuzuku",208,25638.56777,1,"Pediatrics",46866.047041
"300",300,18709.142416079,0.00859045440425707,0.00977814224001406,0.00000921180179600069,0.0000035135408262435,6929.3405408837,0.0664317153408815,6928.42535392104,1.32871378943595,0.0664352288817078,"Malawi","Mzimba","TA Mzukuzuku",208,25638.56777,1,"Pediatrics",46866.047041
"301",301,18709.139580136,0.00819836539026117,0.00933184505452515,0.00000879136134902778,0.00000335518079849883,6929.34421557708,0.0664319299505627,6928.42818986402,1.32871449398857,0.0664352851313612,"Malawi","Mzimba","TA Mzukuzuku",208,25638.56777,1,"Pediatrics",46866.047041
"302",302,18709.1368736325,0.00782417208129424,0.0089059176726474,0.00000839010987669595,0.00000320392718772988,6929.34772254884,0.0664321348865065,6928.43089636753,1.32871516638376,0.0664353388136943,"Malawi","Mzimba","TA Mzukuzuku",208,25638.56777,1,"Pediatrics",46866.047041
"303",303,18709.1342906606,0.00746705769874572,0.0084994304013805,0.00000800717164060399,0.00000305946299683015,6929.35106945411,0.0664323305828833,6928.43347933944,1.32871580808924,0.0664353900458801,"Malawi","Mzimba","TA Mzukuzuku",208,25638.56777,1,"Pediatrics",46866.047041
"304",304,18709.131825582,0.00712624274118922,0.00811149597770006,0.00000764171086450354,0.000002921485252008,6929.35426359863,0.0664325174544924,6928.43594441801,1.32871642050575,0.0664354389397444,"Malawi","Mzimba","TA Mzukuzuku",208,25638.56777,1,"Pediatrics",46866.047041
"305",305,18709.1294730159,0.00680098328320751,0.00774126763227867,0.0000072929299111198,0.00000278970438965195,6929.35731195468,0.0664326958976195,6928.43829698414,1.32871700497009,0.0664354856020091,"Malawi","Mzimba","TA Mzukuzuku",208,25638.56777,1,"Pediatrics",46866.047041
"306",306,18709.1272278269,0.00649056935184045,0.00738793724155346,0.00000696006754211549,0.0000026638436695542,6929.36022117634,0.0664328662908563,6928.44054217314,1.32871756275806,0.0664355301345258,"Malawi","Mzimba","TA Mzukuzuku",208,25638.56777,1,"Pediatrics",46866.047041
"307",307,18709.125085114,0.00619432337711522,0.00705073356411024,0.00000664239725740937,0.00000254363861338756,6929.36299761397,0.0664330289958843,6928.44268488595,1.32871809508721,0.0664355726344977,"Malawi","Mzimba","TA Mzukuzuku",208,25638.56777,1,"Pediatrics",46866.047041
"308",308,18709.1230402002,0.00591159871327949,0.0067289205575385,0.00000633922571023332,0.00000242883646737549,6929.36564732812,0.0664331843582243,6928.44472979982,1.32871860311955,0.0664356131946917,"Malawi","Mzimba","TA Mzukuzuku",208,25638.56777,1,"Pediatrics",46866.047041
"309",309,18709.1210886215,0.00564177822751168,0.00642179577208661,0.00000604989119447629,0.00000231919568813744,6929.3681761027,0.0664333327079527,6928.4466813785,1.32871908796401,0.0664356519036409,"Malawi","Mzimba","TA Mzukuzuku",208,25638.56777,1,"Pediatrics",46866.047041
"310",310,18709.119226118,0.00538427295303058,0.00612868881761377,0.00000577376220102063,0.0000022144854507335,6929.37058945766,0.0664334743603873,6928.44854388204,1.32871955067896,0.066435688845838,"Malawi","Mzimba","TA Mzukuzuku",208,25638.56777,1,"Pediatrics",46866.047041
"311",311,18709.117448624,0.00513852080366617,0.00584895990049532,0.00000551023603992624,0.00000211448517797137,6929.37289266099,0.0664336096167415,6928.45032137604,1.32871999227443,0.0664357241019194,"Malawi","Mzimba","TA Mzukuzuku",208,25638.56777,1,"Pediatrics",46866.047041
"312",312,18709.1157522595,0.00490398534708789,0.00558199842729011,0.00000525873752546099,0.00000201898409007735,6929.37509074025,0.0664337387647514,6928.45201774052,1.32872041371436,0.0664357577488414,"Malawi","Mzimba","TA Mzukuzuku",208,25638.56777,1,"Pediatrics",46866.047041
"313",313,18709.1141333216,0.0046801546340139,0.00532722167212458,0.00000501871772111266,0.00000192778077386933,6929.37718849354,0.0664338620792742,6928.45363667844,1.32872081591868,0.066435789860048,"Malawi","Mzimba","TA Mzukuzuku",208,25638.56777,1,"Pediatrics",46866.047041
"314",314,18709.1125882763,0.00446654008084764,0.00508407350488641,0.00000478965274184804,0.00000184068277060531,6929.37919049997,0.0664339798228607,6928.45518172372,1.32872119976537,0.0664358205056313,"Malawi","Mzimba","TA Mzukuzuku",208,25638.56777,1,"Pediatrics",46866.047041
"315",315,18709.111113751,0.00426267540330378,0.00485202317745381,0.00000457104261100915,0.00000175750618171469,6929.38110112963,0.0664340922463025,6928.45665624902,1.3287215660923,0.0664358497524842,"Malawi","Mzimba","TA Mzukuzuku",208,25638.56777,1,"Pediatrics",46866.047041
"316",316,18709.109706527,0.00406811559869751,0.00463056416531256,0.00000436241016935582,0.00000167807529165217,6929.38292455318,0.0664341995891553,6928.45806347303,1.32872191569911,0.0664358776644469,"Malawi","Mzimba","TA Mzukuzuku",208,25638.56777,1,"Pediatrics",46866.047041
"317",317,18709.1083635324,0.00388243597467659,0.0044192130620339,0.00000416330003387675,0.00000160222220714557,6929.38466475091,0.0664343020802386,6928.45940646755,1.32872224934895,0.0664359043024458,"Malawi","Mzimba","TA Mzukuzuku",208,25638.56777,1,"Pediatrics",46866.047041
"318",318,18709.1070818358,0.00370523122227722,0.00421750852420159,0.0000039732776041,0.00000152978651213875,6929.38632552143,0.0664343999381144,6928.46068816419,1.32872256777014,0.0664359297246265,"Malawi","Mzimba","TA Mzukuzuku",208,25638.56777,1,"Pediatrics",46866.047041
"319",319,18709.1058586393,0.00353611453128141,0.00402501026448624,0.00000379192811373689,0.00000146061493775986,6929.38791049,0.0664344933715433,6928.46191136071,1.32872287165774,0.0664359539864811,"Malawi","Mzimba","TA Mzukuzuku",208,25638.56777,1,"Pediatrics",46866.047041
"320",320,18709.1046912728,0.00337471674594553,0.00384129809067035,0.00000361885572559209,0.00000139456104667289,6929.38942311639,0.0664345825799221,6928.46307872723,1.3287231616751,0.0664359771409687,"Malawi","Mzimba","TA Mzukuzuku",208,25638.56777,1,"Pediatrics",46866.047041
"321",321,18709.103577188,0.00322068555925819,0.0036659709885273,0.00000345368266776683,0.000001331484931197,6929.39086670248,0.0664346677537004,6928.46419281196,1.3287234384553,0.0664359992386315,"Malawi","Mzimba","TA Mzukuzuku",208,25638.56777,1,"Pediatrics",46866.047041
"322",322,18709.1025139532,0.00307368474396917,0.0034986462465535,0.00000329604840927211,0.00000127125292460408,6929.39224439945,0.0664347490747804,6928.46525604682,1.32872370260251,0.066436020327705,"Malawi","Mzimba","TA Mzukuzuku",208,25638.56777,1,"Pediatrics",46866.047041
"323",323,18709.1014992473,0.00293339341871164,0.00333895862064389,0.00000314560887325456,0.00000121373732502911,6929.39355921462,0.0664348267168979,6928.46627075273,1.32872395469333,0.0664360404542229,"Malawi","Mzimba","TA Mzukuzuku",208,25638.56777,1,"Pediatrics",46866.047041
"324",324,18709.1005308553,0.0027995053476163,0.00318655953688835,0.00000300203568611951,0.00000115881613145191,6929.39481401809,0.0664349008459867,6928.46723914468,1.32872419527805,0.0664360596621181,"Malawi","Mzimba","TA Mzukuzuku",208,25638.56777,1,"Pediatrics",46866.047041
"325",325,18709.0996066634,0.0026717282718892,0.0030411163307495,0.00000286501546091395,0.00000110637279123124,6929.39601154893,0.0664349716205272,6928.46816333655,1.32872442488183,0.0664360779933184,"Malawi","Mzimba","TA Mzukuzuku",208,25638.56777,1,"Pediatrics",46866.047041
"326",326,18709.0987246542,0.00254978327189464,0.00290231152096184,0.00000273424911340687,0.00000105629595869419,6929.39715442122,0.0664350391918792,6928.46904534576,1.32872464400587,0.0664360954878379,"Malawi","Mzimba","TA Mzukuzuku",208,25638.56777,1,"Pediatrics",46866.047041
"327",327,18709.0978829024,0.0024334041583511,0.00276984211656786,0.00000260945120937555,0.00000100847926430443,6929.39824512971,0.0664351037046,6928.46988709763,1.3287248531285,0.0664361121838643,"Malawi","Mzimba","TA Mzukuzuku",208,25638.56777,1,"Pediatrics",46866.047041
"328",328,18709.0970795704,0.00232233689131186,0.00264341895557907,0.00000249034934167418,0.000000962821093953136,6929.39928605529,0.0664351652967486,6928.47069042961,1.32872505270619,0.0664361281178425,"Malawi","Mzimba","TA Mzukuzuku",208,25638.56777,1,"Pediatrics",46866.047041
"329",329,18709.0963129047,0.00221633902566219,0.00252276607381883,0.00000237668353572666,0.000000919224377935539,6929.40027947018,0.0664352241001762,6928.47145709529,1.32872524317462,0.0664361433245541,"Malawi","Mzimba","TA Mzukuzuku",208,25638.56777,1,"Pediatrics",46866.047041
"330",330,18709.0955812318,0.00211517918192312,0.0024076201025697,0.00000226820568214654,0.000000877596389194477,6929.40122754288,0.0664352802408038,6928.47218876822,1.32872542494954,0.0664361578371929,"Malawi","Mzimba","TA Mzukuzuku",208,25638.56777,1,"Pediatrics",46866.047041
"331",331,18709.0948829544,0.00201863654120708,0.00229772969371096,0.00000216467899524698,0.000000837848550430013,6929.40213234295,0.0664353338388877,6928.47288704556,1.32872559842776,0.0664361716874381,"Malawi","Mzimba","TA Mzukuzuku",208,25638.56777,1,"Pediatrics",46866.047041
"332",332,18709.0942165484,0.00192650036322313,0.00219285497109168,0.00000206587749625942,0.00000079989624969118,6929.40299584544,0.0664353850092731,6928.47355345157,1.32872576398795,0.0664361849055227,"Malawi","Mzimba","TA Mzukuzuku",208,25638.56777,1,"Pediatrics",46866.047041
"333",333,18709.0935805591,0.00183856952627989,0.00209276700694232,0.00000197158552013393,0.000000763658664082189,6929.4038199353,0.0664354338616359,6928.47418944095,1.32872592199152,0.0664361975202999,"Malawi","Mzimba","TA Mzukuzuku",208,25638.56777,1,"Pediatrics",46866.047041
"334",334,18709.092973598,0.00175465208828241,0.00199724732218213,0.0000018815972448452,0.000000729058591230998,6929.40460641141,0.0664354805007149,6928.47479640199,1.32872607278337,0.0664362095593061,"Malawi","Mzimba","TA Mzukuzuku",208,25638.56777,1,"Pediatrics",46866.047041
"335",335,18709.0923943404,0.00167456486776479,0.00190608740953183,0.00000179571624217772,0.000000696022288183147,6929.40535699057,0.0664355250265326,6928.47537565963,1.32872621669266,0.0664362210488207,"Malawi","Mzimba","TA Mzukuzuku",208,25638.56777,1,"Pediatrics",46866.047041
"336",336,18709.0918415217,0.00159813304404433,0.00181908827839101,0.00000171375504900989,0.000000664479317398103,6929.40607331122,0.0664355675346065,6928.47592847832,1.32872635403353,0.0664362320139239,"Malawi","Mzimba","TA Mzukuzuku",208,25638.56777,1,"Pediatrics",46866.047041
"337",337,18709.0913139352,0.00152518977562441,0.00173606002048688,0.00000163553475816202,0.000000634362399539091,6929.40675693699,0.0664356081161514,6928.47645606481,1.32872648510578,0.0664362424785509,"Malawi","Mzimba","TA Mzukuzuku",208,25638.56777,1,"Pediatrics",46866.047041
"338",338,18709.0908104292,0.00145557583601347,0.00165682139534653,0.00000156088462791565,0.000000605607272760609,6929.40740936018,0.0664356468582721,6928.47695957077,1.32872661019553,0.0664362524655448,"Malawi","Mzimba","TA Mzukuzuku",208,25638.56777,1,"Pediatrics",46866.047041
"339",339,18709.0903299047,0.00138913926616517,0.00158119943468797,0.00000148964170935206,0.000000578152558210436,6929.40803200495,0.0664356838441477,6928.4774400953,1.32872672957583,0.0664362619967058,"Malawi","Mzimba","TA Mzukuzuku",208,25638.56777,1,"Pediatrics",46866.047041
"340",340,18709.0898713127,0.00132573504278112,0.0015090290648667,0.00000142165049069726,0.000000551939631475082,6929.40862623047,0.0664357191532079,6928.47789868734,1.32872684350728,0.0664362710928393,"Malawi","Mzimba","TA Mzukuzuku",208,25638.56777,1,"Pediatrics",46866.047041
"341",341,18709.0894336521,0.00126522476175249,0.0014401527465536,0.00000135676255789727,0.000000526912499709219,6929.40919333388,0.0664357528613013,6928.47833634793,1.32872695223858,0.0664362797738009,"Malawi","Mzimba","TA Mzukuzuku",208,25638.56777,1,"Pediatrics",46866.047041
"342",342,18709.0890159675,0.00120747633604931,0.00137442013085801,0.00000129483627068328,0.000000503017684200767,6929.40973455309,0.0664357850408561,6928.47875403247,1.32872705600708,0.0664362880585402,"Malawi","Mzimba","TA Mzukuzuku",208,25638.56777,1,"Pediatrics",46866.047041
"343",343,18709.0886173473,0.00115236370739831,0.00131168773114532,0.00000123573645341976,0.00000048020410813398,6929.41025106954,0.0664358157610336,6928.47915265269,1.32872715503929,0.0664362959651417,"Malawi","Mzimba","TA Mzukuzuku",208,25638.56777,1,"Pediatrics",46866.047041
"344",344,18709.0882369212,0.00109976657111993,0.00125181860983283,0.00000117933410006116,0.00000045842298932309,6929.41074401072,0.0664358450878753,6928.47953307876,1.32872724955139,0.0664363035108645,"Malawi","Mzimba","TA Mzukuzuku",208,25638.56777,1,"Pediatrics",46866.047041
"345",345,18709.0878738589,0.00104957011352393,0.00119468207948042,0.00000112550609257336,0.000000437627737698833,6929.41121445268,0.0664358730844426,6928.47989614111,1.3287273397497,0.0664363107121801,"Malawi","Mzimba","TA Mzukuzuku",208,25638.56777,1,"Pediatrics",46866.047041
"346",346,18709.0875273677,0.00100166476129047,0.00114015341752348,0.00000107413493220535,0.000000417773857339604,6929.41166342234,0.0664358998109509,6928.48024263225,1.3287274258311,0.0664363175848081,"Malawi","Mzimba","TA Mzukuzuku",208,25638.56777,1,"Pediatrics",46866.047041
"347",347,18709.0871966914,0.000955945942289693,0.00108811359402565,0.00000102510848302499,0.000000398818852847916,6929.41209189976,0.066435925324898,6928.48057330856,1.3287275079835,0.0664363241437507,"Malawi","Mzimba","TA Mzukuzuku",208,25638.56777,1,"Pediatrics",46866.047041
"348",348,18709.0868811081,0.000912313857317653,0.00103844901185704,0.000000978319727159036,0.000000380722139881498,6929.41250082026,0.0664359496811854,6928.48088889186,1.32872758638623,0.0664363304033252,"Malawi","Mzimba","TA Mzukuzuku",208,25638.56777,1,"Pediatrics",46866.047041
"349",349,18709.086579929,0.000870673262250526,0.000991051258730968,0.000000933666531203466,0.000000363444959656565,6929.41289107647,0.066435972932236,6928.48119007104,1.32872766121045,0.0664363363771956,"Malawi","Mzimba","TA Mzukuzuku",208,25638.56777,1,"Pediatrics",46866.047041
"350",350,18709.0862924964,0.000830933260141503,0.000945816870557911,0.000000891051423294287,0.000000346950297248697,6929.41326352028,0.0664359951281049,6928.48147750355,1.32872773261947,0.0664363420784021,"Malawi","Mzimba","TA Mzukuzuku",208,25638.56777,1,"Pediatrics",46866.047041
"351",351,18709.0860181832,0.000793007102806647,0.000902647105600206,0.000000850381380352419,0.000000331202803524355,6929.4136189647,0.0664360163165864,6928.48175181682,1.32872780076918,0.0664363475193898,"Malawi","Mzimba","TA Mzukuzuku",208,25638.56777,1,"Pediatrics",46866.047041
"352",352,18709.0857563904,0.000756812001466619,0.00086144772893457,0.000000811567625038341,0.000000316168720543251,6929.41395818562,0.0664360365433154,6928.48201360964,1.32872786580835,0.0664363527120359,"Malawi","Mzimba","TA Mzukuzuku",208,25638.56777,1,"Pediatrics",46866.047041
"353",353,18709.0855065465,0.000722268946030986,0.000822128806751989,0.000000774525431973427,0.000000301815810278747,6929.41428192354,0.066436055851865,6928.4822634535,1.32872792787894,0.0664363576676752,"Malawi","Mzimba","TA Mzukuzuku",208,25638.56777,1,"Pediatrics",46866.047041
"354",354,18709.0852681062,0.000689302532630633,0.000784604510046001,0.000000739173942805074,0.000000288113286510112,6929.41459088514,0.066436074283839,6928.48250189377,1.32872798711645,0.0664363623971254,"Malawi","Mzimba","TA Mzukuzuku",208,25638.56777,1,"Pediatrics",46866.047041
"355",355,18709.0850405491,0.000657840799021863,0.000748792927260893,0.000000705435989712053,0.000000275031749746782,6929.41488574486,0.0664360918789607,6928.48272945094,1.3287280436502,0.0664363669107104,"Malawi","Mzimba","TA Mzukuzuku",208,25638.56777,1,"Pediatrics",46866.047041
"356",356,18709.0848233782,0.000627815067502907,0.000714615885490895,0.000000673237926964913,0.000000262543125050874,6929.41516714633,0.0664361086751578,6928.48294662176,1.32872809760359,0.0664363712182828,"Malawi","Mzimba","TA Mzukuzuku",208,25638.56777,1,"Pediatrics",46866.047041
"357",357,18709.0846161197,0.000599159794999981,0.000681998779840079,0.000000642509470173828,0.000000250620602630041,6929.41543570385,0.066436124708643,6928.48315388027,1.32872814909439,0.0664363753292456,"Malawi","Mzimba","TA Mzukuzuku",208,25638.56777,1,"Pediatrics",46866.047041
"358",358,18709.0844183211,0.000571812429995665,0.000650870410570544,0.000000613183542873082,0.000000239238581078298,6929.41569200363,0.0664361400139916,6928.48335167892,1.328728198235,0.0664363792525726,"Malawi","Mzimba","TA Mzukuzuku",208,25638.56777,1,"Pediatrics",46866.047041
"359",359,18709.0842295505,0.000545713275987314,0.000621162827683391,0.000000585196130107368,0.000000228372613147814,6929.41593660516,0.0664361546242149,6928.48354044947,1.32872824513269,0.066436382996828,"Malawi","Mzimba","TA Mzukuzuku",208,25638.56777,1,"Pediatrics",46866.047041
"360",360,18709.084049396,0.000520805361177478,0.000592811182593288,0.000000558486138700366,0.000000217999353939762,6929.41617004237,0.0664361685708312,6928.48372060399,1.32872828988984,0.066436386570185,"Malawi","Mzimba","TA Mzukuzuku",208,25638.56777,1,"Pediatrics",46866.047041
"361",361,18709.0838774643,0.000497034314111886,0.000565753586572839,0.00000053299526390064,0.000000208096511407206,6929.41639282485,0.0664361818839327,6928.48389253574,1.32872833260415,0.0664363899804441,"Malawi","Mzimba","TA Mzukuzuku",208,25638.56777,1,"Pediatrics",46866.047041
"362",362,18709.08371338,0.000474348244993544,0.00053993097565781,0.000000508667862113816,0.000000198642799067685,6929.4166054389,0.0664361945922503,6928.48405662003,1.32872837336885,0.0664363932350493,"Malawi","Mzimba","TA Mzukuzuku",208,25638.56777,1,"Pediatrics",46866.047041
"363",363,18709.083556785,0.000452697632413893,0.000515286981718309,0.000000485450829443279,0.000000189617890827645,6929.41680834863,0.0664362067232144,6928.48421321505,1.32872841227294,0.0664363963411052,"Malawi","Mzimba","TA Mzukuzuku",208,25638.56777,1,"Pediatrics",46866.047041
"364",364,18709.0834073374,0.000432035215253778,0.00049176780941452,0.000000463293485774306,0.000000181002377825123,6929.41700199698,0.0664362183030142,6928.48436266262,1.32872844940133,0.0664363993053919,"Malawi","Mzimba","TA Mzukuzuku",208,25638.56777,1,"Pediatrics",46866.047041
"365",365,18709.083264711,0.000412315889518268,0.000469322118768401,0.000000442147464148635,0.000000172777727201228,6929.41718680667,0.0664362293566531,6928.48450528897,1.32872848483507,0.0664364021343803,"Malawi","Mzimba","TA Mzukuzuku",208,25638.56777,1,"Pediatrics",46866.047041
