"","time","Cases_sq","date","Hospitalizations_sq","ICU_sq","Death_sq","Severe_sq","Cases_sim","Hospitalizations_sim","ICU_sim","Death_sim","Severe_sim"
"1",1,0,2020-01-01,0,0,0,0,0,0,0,0,0
"2",2,0,2020-01-02,0,0,0,0,0,0,0,0,0
"3",3,0,2020-01-03,0,0,0,0,0,0,0,0,0
"4",4,0,2020-01-04,0,0,0,0,0,0,0,0,0
"5",5,0,2020-01-05,0,0,0,0,0,0,0,0,0
"6",6,0,2020-01-06,0,0,0,0,0,0,0,0,0
"7",7,0,2020-01-07,0,0,0,0,0,0,0,0,0
"8",8,0,2020-01-08,0,0,0,0,0,0,0,0,0
"9",9,0,2020-01-09,0,0,0,0,0,0,0,0,0
"10",10,0,2020-01-10,0,0,0,0,0,0,0,0,0
"11",11,0,2020-01-11,0,0,0,0,0,0,0,0,0
"12",12,0,2020-01-12,0,0,0,0,0,0,0,0,0
"13",13,0,2020-01-13,0,0,0,0,0,0,0,0,0
"14",14,0,2020-01-14,0,0,0,0,0,0,0,0,0
"15",15,0,2020-01-15,0,0,0,0,0,0,0,0,0
"16",16,0,2020-01-16,0,0,0,0,0,0,0,0,0
"17",17,0,2020-01-17,0,0,0,0,0,0,0,0,0
"18",18,0,2020-01-18,0,0,0,0,0,0,0,0,0
"19",19,0,2020-01-19,0,0,0,0,0,0,0,0,0
"20",20,0,2020-01-20,0,0,0,0,0,0,0,0,0
"21",21,0,2020-01-21,0,0,0,0,0,0,0,0,0
"22",22,0,2020-01-22,0,0,0,0,0,0,0,0,0
"23",23,0,2020-01-23,0,0,0,0,0,0,0,0,0
"24",24,0,2020-01-24,0,0,0,0,0,0,0,0,0
"25",25,0,2020-01-25,0,0,0,0,0,0,0,0,0
"26",26,0,2020-01-26,0,0,0,0,0,0,0,0,0
"27",27,0,2020-01-27,0,0,0,0,0,0,0,0,0
"28",28,0,2020-01-28,0,0,0,0,0,0,0,0,0
"29",29,0,2020-01-29,0,0,0,0,0,0,0,0,0
"30",30,0,2020-01-30,0,0,0,0,0,0,0,0,0
"31",31,0,2020-01-31,0,0,0,0,0,0,0,0,0
"32",32,0,2020-02-01,0,0,0,0,0,0,0,0,0
"33",33,0,2020-02-02,0,0,0,0,0,0,0,0,0
"34",34,0,2020-02-03,0,0,0,0,0,0,0,0,0
"35",35,0,2020-02-04,0,0,0,0,0,0,0,0,0
"36",36,0,2020-02-05,0,0,0,0,0,0,0,0,0
"37",37,0,2020-02-06,0,0,0,0,0,0,0,0,0
"38",38,0,2020-02-07,0,0,0,0,0,0,0,0,0
"39",39,0,2020-02-08,0,0,0,0,0,0,0,0,0
"40",40,0,2020-02-09,0,0,0,0,0,0,0,0,0
"41",41,0,2020-02-10,0,0,0,0,0,0,0,0,0
"42",42,0,2020-02-11,0,0,0,0,0,0,0,0,0
"43",43,0,2020-02-12,0,0,0,0,0,0,0,0,0
"44",44,0,2020-02-13,0,0,0,0,0,0,0,0,0
"45",45,0,2020-02-14,0,0,0,0,0,0,0,0,0
"46",46,0,2020-02-15,0,0,0,0,0,0,0,0,0
"47",47,0,2020-02-16,0,0,0,0,0,0,0,0,0
"48",48,0,2020-02-17,0,0,0,0,0,0,0,0,0
"49",49,0,2020-02-18,0,0,0,0,0,0,0,0,0
"50",50,0,2020-02-19,0,0,0,0,0,0,0,0,0
"51",51,0,2020-02-20,0,0,0,0,0,0,0,0,0
"52",52,0,2020-02-21,0,0,0,0,0,0,0,0,0
"53",53,0,2020-02-22,0,0,0,0,0,0,0,0,0
"54",54,0,2020-02-23,0,0,0,0,0,0,0,0,0
"55",55,0,2020-02-24,0,0,0,0,0,0,0,0,0
"56",56,0,2020-02-25,0,0,0,0,0,0,0,0,0
"57",57,0,2020-02-26,0,0,0,0,0,0,0,0,0
"58",58,0,2020-02-27,0,0,0,0,0,0,0,0,0
"59",59,0,2020-02-28,0,0,0,0,0,0,0,0,0
"60",60,0,2020-02-29,0,0,0,0,0,0,0,0,0
"61",61,0,2020-03-01,0,0,0,0,0,0,0,0,0
"62",62,0,2020-03-02,0,0,0,0,0,0,0,0,0
"63",63,0,2020-03-03,0,0,0,0,0,0,0,0,0
"64",64,0,2020-03-04,0,0,0,0,0,0,0,0,0
"65",65,0,2020-03-05,0,0,0,0,0,0,0,0,0
"66",66,0,2020-03-06,0,0,0,0,0,0,0,0,0
"67",67,0,2020-03-07,0,0,0,0,0,0,0,0,0
"68",68,0,2020-03-08,0,0,0,0,0,0,0,0,0
"69",69,0,2020-03-09,0,0,0,0,0,0,0,0,0
"70",70,0,2020-03-10,0,0,0,0,0,0,0,0,0
"71",71,0,2020-03-11,0,0,0,0,0,0,0,0,0
"72",72,0,2020-03-12,0,0,0,0,0,0,0,0,0
"73",73,0,2020-03-13,0,0,0,0,0,0,0,0,0
"74",74,0,2020-03-14,0,0,0,0,0,0,0,0,0
"75",75,0,2020-03-15,0,0,0,0,0,0,0,0,0
"76",76,0,2020-03-16,0,0,0,0,0,0,0,0,0
"77",77,0,2020-03-17,0,0,0,0,0,0,0,0,0
"78",78,0,2020-03-18,0,0,0,0,0,0,0,0,0
"79",79,0,2020-03-19,0,0,0,0,0,0,0,0,0
"80",80,0,2020-03-20,0,0,0,0,0,0,0,0,0
"81",81,0,2020-03-21,0,0,0,0,0,0,0,0,0
"82",82,0,2020-03-22,0,0,0,0,0,0,0,0,0
"83",83,0,2020-03-23,0,0,0,0,0,0,0,0,0
"84",84,0,2020-03-24,0,0,0,0,0,0,0,0,0
"85",85,0,2020-03-25,0,0,0,0,0,0,0,0,0
"86",86,0,2020-03-26,0,0,0,0,0,0,0,0,0
"87",87,0,2020-03-27,0,0,0,0,0,0,0,0,0
"88",88,0,2020-03-28,0,0,0,0,0,0,0,0,0
"89",89,0,2020-03-29,0,0,0,0,0,0,0,0,0
"90",90,0,2020-03-30,0,0,0,0,0,0,0,0,0
"91",91,0,2020-03-31,0,0,0,0,0,0,0,0,0
"92",92,0,2020-04-01,0,0,0,0,0,0,0,0,0
"93",93,0,2020-04-02,0,0,0,0,0,0,0,0,0
"94",94,0,2020-04-03,0,0,0,0,0,0,0,0,0
"95",95,0,2020-04-04,0,0,0,0,0,0,0,0,0
"96",96,0,2020-04-05,0,0,0,0,0,0,0,0,0
"97",97,0,2020-04-06,0,0,0,0,0,0,0,0,0
"98",98,0,2020-04-07,0,0,0,0,0,0,0,0,0
"99",99,0,2020-04-08,0,0,0,0,0,0,0,0,0
"100",100,0,2020-04-09,0,0,0,0,0,0,0,0,0
"101",101,0,2020-04-10,0,0,0,0,0,0,0,0,0
"102",102,0,2020-04-11,0,0,0,0,0,0,0,0,0
"103",103,0,2020-04-12,0,0,0,0,0,0,0,0,0
"104",104,0,2020-04-13,0,0,0,0,0,0,0,0,0
"105",105,0,2020-04-14,0,0,0,0,0,0,0,0,0
"106",106,0,2020-04-15,0,0,0,0,0,0,0,0,0
"107",107,0,2020-04-16,0,0,0,0,0,0,0,0,0
"108",108,0,2020-04-17,0,0,0,0,0,0,0,0,0
"109",109,0,2020-04-18,0,0,0,0,0,0,0,0,0
"110",110,0,2020-04-19,0,0,0,0,0,0,0,0,0
"111",111,0,2020-04-20,0,0,0,0,0,0,0,0,0
"112",112,0,2020-04-21,0,0,0,0,0,0,0,0,0
"113",113,0,2020-04-22,0,0,0,0,0,0,0,0,0
"114",114,0,2020-04-23,0,0,0,0,0,0,0,0,0
"115",115,0,2020-04-24,0,0,0,0,0,0,0,0,0
"116",116,0,2020-04-25,0,0,0,0,0,0,0,0,0
"117",117,0,2020-04-26,0,0,0,0,0,0,0,0,0
"118",118,0,2020-04-27,0,0,0,0,0,0,0,0,0
"119",119,0,2020-04-28,0,0,0,0,0,0,0,0,0
"120",120,0,2020-04-29,0,0,0,0,0,0,0,0,0
"121",121,37,2020-04-30,0,0,0,0,37,0,0,0,0
"122",122,97,2020-05-01,0,0,0,0,97,0,0,0,0
"123",123,173,2020-05-02,0,0,0,0,173,0,0,0,0
"124",124,260,2020-05-03,1,0,0,1,260,1,0,0,1
"125",125,360,2020-05-04,2,0,0,2,360,2,0,0,2
"126",126,472,2020-05-05,2,0,0,2,472,2,0,0,2
"127",127,598,2020-05-06,3,0,0,3,598,3,0,0,3
"128",128,738,2020-05-07,4,0,0,4,738,4,0,0,4
"129",129,896,2020-05-08,6,0,0,6,896,6,0,0,6
"130",130,1073,2020-05-09,7,1,0,8,1073,7,1,0,8
"131",131,1271,2020-05-10,9,1,0,10,1271,9,1,0,10
"132",132,1494,2020-05-11,10,1,0,11,1494,10,1,0,11
"133",133,1743,2020-05-12,12,1,0,13,1743,12,1,0,13
"134",134,2022,2020-05-13,15,2,0,17,2022,15,2,0,17
"135",135,2334,2020-05-14,17,2,0,19,2334,17,2,0,19
"136",136,2683,2020-05-15,20,2,0,22,2683,20,2,0,22
"137",137,3072,2020-05-16,23,3,0,26,3072,23,3,0,26
"138",138,3508,2020-05-17,26,4,1,31,3508,26,4,1,31
"139",139,3994,2020-05-18,30,4,1,35,3994,30,4,1,35
"140",140,4537,2020-05-19,34,5,1,40,4537,34,5,1,40
"141",141,5143,2020-05-20,39,6,1,46,5143,39,6,1,46
"142",142,5819,2020-05-21,44,7,1,52,5819,44,7,1,52
"143",143,6574,2020-05-22,49,8,2,59,6574,49,8,2,59
"144",144,7415,2020-05-23,56,9,2,67,7415,56,9,2,67
"145",145,8355,2020-05-24,63,10,2,75,8355,63,10,2,75
"146",146,9402,2020-05-25,71,11,3,85,9402,71,11,3,85
"147",147,10571,2020-05-26,80,13,3,96,10571,80,13,3,96
"148",148,11873,2020-05-27,90,15,4,109,11873,90,15,4,109
"149",149,13326,2020-05-28,101,17,4,122,13326,101,17,4,122
"150",150,14945,2020-05-29,113,19,5,137,14945,113,19,5,137
"151",151,16749,2020-05-30,127,21,6,154,16749,127,21,6,154
"152",152,18760,2020-05-31,142,24,7,173,18760,142,24,7,173
"153",153,21000,2020-06-01,159,27,8,194,21000,159,27,8,194
"154",154,23495,2020-06-02,178,31,9,218,23495,178,31,9,218
"155",155,26272,2020-06-03,200,34,11,245,26272,200,34,11,245
"156",156,29365,2020-06-04,223,39,12,274,29365,223,39,12,274
"157",157,32806,2020-06-05,250,43,14,307,32806,250,43,14,307
"158",158,36634,2020-06-06,279,49,16,344,36634,279,49,16,344
"159",159,40892,2020-06-07,312,54,18,384,40892,312,54,18,384
"160",160,45626,2020-06-08,348,61,20,429,45626,348,61,20,429
"161",161,50887,2020-06-09,388,68,23,479,50887,388,68,23,479
"162",162,56731,2020-06-10,433,76,26,535,56731,433,76,26,535
"163",163,63220,2020-06-11,483,85,30,598,63220,483,85,30,598
"164",164,70423,2020-06-12,539,95,34,668,70423,539,95,34,668
"165",165,78413,2020-06-13,600,107,38,745,78413,600,107,38,745
"166",166,87272,2020-06-14,669,119,43,831,87272,669,119,43,831
"167",167,97090,2020-06-15,745,133,48,926,97090,745,133,48,926
"168",168,107964,2020-06-16,829,148,54,1031,107964,829,148,54,1031
"169",169,119984,2020-06-17,923,165,61,1149,119984,923,165,61,1149
"170",170,133237,2020-06-18,1026,184,69,1279,133237,1026,184,69,1279
"171",171,147807,2020-06-19,1141,206,77,1424,147807,1141,206,77,1424
"172",172,163775,2020-06-20,1267,229,87,1583,163775,1267,229,87,1583
"173",173,181218,2020-06-21,1406,255,97,1758,181218,1406,255,97,1758
"174",174,200212,2020-06-22,1559,284,109,1952,200212,1559,284,109,1952
"175",175,220823,2020-06-23,1727,315,122,2164,220823,1727,315,122,2164
"176",176,243145,2020-06-24,1910,350,136,2396,243145,1910,350,136,2396
"177",177,267283,2020-06-25,2109,389,152,2650,267283,2109,389,152,2650
"178",178,293354,2020-06-26,2326,432,170,2928,293354,2326,432,170,2928
"179",179,321484,2020-06-27,2561,478,190,3229,321484,2561,478,190,3229
"180",180,351806,2020-06-28,2816,529,212,3557,351806,2816,529,212,3557
"181",181,384205,2020-06-29,3091,585,236,3912,384205,3091,585,236,3912
"182",182,418640,2020-06-30,3388,645,263,4296,418640,3388,645,263,4296
"183",183,455118,2020-07-01,3706,711,293,4710,455118,3706,711,293,4710
"184",184,493662,2020-07-02,4047,783,326,5156,493662,4047,783,326,5156
"185",185,534308,2020-07-03,4409,861,362,5632,534308,4409,861,362,5632
"186",186,576834,2020-07-04,4794,944,402,6140,576834,4794,944,402,6140
"187",187,621115,2020-07-05,5201,1034,445,6680,621115,5201,1034,445,6680
"188",188,667073,2020-07-06,5630,1131,493,7254,667073,5630,1131,493,7254
"189",189,714661,2020-07-07,6080,1234,545,7859,714661,6080,1234,545,7859
"190",190,763842,2020-07-08,6549,1344,602,8495,763842,6549,1344,602,8495
"191",191,814599,2020-07-09,7038,1461,665,9164,814599,7038,1461,665,9164
"192",192,866923,2020-07-10,7547,1585,732,9864,866923,7547,1585,732,9864
"193",193,920808,2020-07-11,8074,1716,806,10596,920808,8074,1716,806,10596
"194",194,976252,2020-07-12,8619,1854,886,11359,976252,8619,1854,886,11359
"195",195,1032982,2020-07-13,9183,1998,972,12153,1032982,9183,1998,972,12153
"196",196,1090833,2020-07-14,9763,2150,1065,12978,1090833,9763,2150,1065,12978
"197",197,1149695,2020-07-15,10360,2308,1165,13833,1149695,10360,2308,1165,13833
"198",198,1209495,2020-07-16,10972,2472,1272,14716,1209495,10972,2472,1272,14716
"199",199,1270176,2020-07-17,11597,2644,1388,15629,1270176,11597,2644,1388,15629
"200",200,1331691,2020-07-18,12236,2821,1511,16568,1331691,12236,2821,1511,16568
"201",201,1393999,2020-07-19,12886,3005,1643,17534,1393999,12886,3005,1643,17534
"202",202,1457059,2020-07-20,13547,3195,1783,18525,1457059,13547,3195,1783,18525
"203",203,1520833,2020-07-21,14219,3390,1933,19542,1520833,14219,3390,1933,19542
"204",204,1585283,2020-07-22,14901,3591,2092,20584,1585283,14901,3591,2092,20584
"205",205,1650369,2020-07-23,15593,3798,2260,21651,1650369,15593,3798,2260,21651
"206",206,1716052,2020-07-24,16293,4009,2438,22740,1716052,16293,4009,2438,22740
"207",207,1782291,2020-07-25,17001,4225,2627,23853,1782291,17001,4225,2627,23853
"208",208,1849044,2020-07-26,17718,4446,2825,24989,1849044,17718,4446,2825,24989
"209",209,1916268,2020-07-27,18441,4672,3034,26147,1916268,18441,4672,3034,26147
"210",210,1983543,2020-07-28,19172,4902,3254,27328,1983543,19172,4902,3254,27328
"211",211,2050611,2020-07-29,19908,5136,3485,28529,2050611,19908,5136,3485,28529
"212",212,2117308,2020-07-30,20647,5374,3727,29748,2117308,20647,5374,3727,29748
"213",213,2183528,2020-07-31,21388,5615,3981,30984,2183528,21388,5615,3981,30984
"214",214,2249195,2020-08-01,22129,5860,4246,32235,2249195,22129,5860,4246,32235
"215",215,2314253,2020-08-02,22868,6108,4523,33499,2314253,22868,6108,4523,33499
"216",216,2378658,2020-08-03,23604,6358,4812,34774,2378658,23604,6358,4812,34774
"217",217,2442373,2020-08-04,24336,6610,5113,36059,2442373,24336,6610,5113,36059
"218",218,2505021,2020-08-05,25064,6864,5427,37355,2505021,25064,6864,5427,37355
"219",219,2566390,2020-08-06,25785,7119,5752,38656,2566390,25785,7119,5752,38656
"220",220,2626363,2020-08-07,26497,7375,6090,39962,2626363,26497,7375,6090,39962
"221",221,2684879,2020-08-08,27199,7632,6441,41272,2684879,27199,7632,6441,41272
"222",222,2741910,2020-08-09,27890,7888,6803,42581,2741910,27890,7888,6803,42581
"223",223,2797449,2020-08-10,28567,8144,7179,43890,2797449,28567,8144,7179,43890
"224",224,2851207,2020-08-11,29231,8399,7566,45196,2851207,29231,8399,7566,45196
"225",225,2903048,2020-08-12,29879,8652,7967,46498,2903048,29879,8652,7967,46498
"226",226,2952920,2020-08-13,30510,8903,8379,47792,2952920,30510,8903,8379,47792
"227",227,3000826,2020-08-14,31124,9152,8804,49080,3000826,31124,9152,8804,49080
"228",228,3046795,2020-08-15,31718,9398,9241,50357,3046795,31718,9398,9241,50357
"229",229,3090636,2020-08-16,32292,9641,9690,51623,3090636,32292,9641,9690,51623
"230",230,3132289,2020-08-17,32846,9879,10152,52877,3132289,32846,9879,10152,52877
"231",231,3171768,2020-08-18,33379,10113,10624,54116,3171768,33379,10113,10624,54116
"232",232,3209129,2020-08-19,33888,10343,11109,55340,3209129,33888,10343,11109,55340
"233",233,3244450,2020-08-20,34376,10567,11604,56547,3244450,34376,10567,11604,56547
"234",234,3277640,2020-08-21,34840,10786,12111,57737,3277640,34840,10786,12111,57737
"235",235,3308710,2020-08-22,35282,10999,12628,58909,3308710,35282,10999,12628,58909
"236",236,3337725,2020-08-23,35700,11205,13156,60061,3337725,35700,11205,13156,60061
"237",237,3364779,2020-08-24,36096,11405,13694,61195,3364779,36096,11405,13694,61195
"238",238,3389979,2020-08-25,36468,11599,14242,62309,3389979,36468,11599,14242,62309
"239",239,3413437,2020-08-26,36818,11785,14800,63403,3413437,36818,11785,14800,63403
"240",240,3435265,2020-08-27,37147,11965,15367,64479,3435265,37147,11965,15367,64479
"241",241,3455570,2020-08-28,37455,12137,15942,65534,3455570,37455,12137,15942,65534
"242",242,3474455,2020-08-29,37743,12302,16527,66572,3474455,37743,12302,16527,66572
"243",243,3492018,2020-08-30,38012,12460,17119,67591,3492018,38012,12460,17119,67591
"244",244,3508349,2020-08-31,38263,12610,17719,68592,3508349,38263,12610,17719,68592
"245",245,3523536,2020-09-01,38498,12754,18327,69579,3523536,38498,12754,18327,69579
"246",246,3537658,2020-09-02,38716,12890,18942,70548,3537658,38716,12890,18942,70548
"247",247,3550789,2020-09-03,38920,13020,19564,71504,3550789,38920,13020,19564,71504
"248",248,3563000,2020-09-04,39110,13142,20192,72444,3563000,39110,13142,20192,72444
"249",249,3574354,2020-09-05,39287,13259,20826,73372,3574354,39287,13259,20826,73372
"250",250,3584914,2020-09-06,39451,13369,21466,74286,3584914,39451,13369,21466,74286
"251",251,3594734,2020-09-07,39605,13473,22112,75190,3594734,39605,13473,22112,75190
"252",252,3603867,2020-09-08,39747,13571,22763,76081,3603867,39747,13571,22763,76081
"253",253,3612361,2020-09-09,39880,13664,23419,76963,3612361,39880,13664,23419,76963
"254",254,3620262,2020-09-10,40004,13751,24079,77834,3620262,40004,13751,24079,77834
"255",255,3627611,2020-09-11,40119,13833,24744,78696,3627611,40119,13833,24744,78696
"256",256,3634448,2020-09-12,40226,13910,25413,79549,3634448,40226,13910,25413,79549
"257",257,3640808,2020-09-13,40325,13983,26085,80393,3640808,40325,13983,26085,80393
"258",258,3646725,2020-09-14,40418,14051,26762,81231,3646725,40418,14051,26762,81231
"259",259,3652231,2020-09-15,40505,14115,27441,82061,3652231,40505,14115,27441,82061
"260",260,3657354,2020-09-16,40585,14175,28124,82884,3657354,40585,14175,28124,82884
"261",261,3662122,2020-09-17,40660,14231,28810,83701,3662122,40660,14231,28810,83701
"262",262,3666559,2020-09-18,40729,14284,29499,84512,3666559,40729,14284,29499,84512
"263",263,3670688,2020-09-19,40794,14334,30191,85319,3670688,40794,14334,30191,85319
"264",264,3674532,2020-09-20,40854,14380,30885,86119,3674532,40854,14380,30885,86119
"265",265,3678111,2020-09-21,40910,14423,31581,86914,3678111,40910,14423,31581,86914
"266",266,3681442,2020-09-22,40963,14464,32279,87706,3681442,40963,14464,32279,87706
"267",267,3684544,2020-09-23,41011,14502,32980,88493,3684544,41011,14502,32980,88493
"268",268,3687432,2020-09-24,41057,14538,33682,89277,3687432,41057,14538,33682,89277
"269",269,3690121,2020-09-25,41099,14571,34387,90057,3690121,41099,14571,34387,90057
"270",270,3692626,2020-09-26,41138,14602,35093,90833,3692626,41138,14602,35093,90833
"271",271,3694958,2020-09-27,41175,14631,35800,91606,3694958,41175,14631,35800,91606
"272",272,3697131,2020-09-28,41209,14658,36509,92376,3697131,41209,14658,36509,92376
"273",273,3699155,2020-09-29,41241,14683,37219,93143,3699155,41241,14683,37219,93143
"274",274,3701041,2020-09-30,41270,14707,37931,93908,3701041,41270,14707,37931,93908
"275",275,3702798,2020-10-01,41298,14729,38644,94671,3702798,41298,14729,38644,94671
"276",276,3704435,2020-10-02,41324,14750,39358,95432,3704435,41324,14750,39358,95432
"277",277,3705961,2020-10-03,41347,14769,40073,96189,3705961,41347,14769,40073,96189
"278",278,3707382,2020-10-04,41370,14787,40789,96946,3707382,41370,14787,40789,96946
"279",279,3708708,2020-10-05,41391,14804,41505,97700,3708708,41391,14804,41505,97700
"280",280,3709943,2020-10-06,41410,14820,42223,98453,3709943,41410,14820,42223,98453
"281",281,3711094,2020-10-07,41428,14834,42942,99204,3711094,41428,14834,42942,99204
"282",282,3712168,2020-10-08,41445,14848,43661,99954,3712168,41445,14848,43661,99954
"283",283,3713169,2020-10-09,41461,14861,44381,100703,3713169,41461,14861,44381,100703
"284",284,3714102,2020-10-10,41475,14873,45101,101449,3714102,41475,14873,45101,101449
"285",285,3714972,2020-10-11,41489,14884,45823,102196,3714972,41489,14884,45823,102196
"286",286,3715784,2020-10-12,41502,14894,46544,102940,3715784,41502,14894,46544,102940
"287",287,3716541,2020-10-13,41513,14904,47267,103684,3716541,41513,14904,47267,103684
"288",288,3717247,2020-10-14,41525,14913,47989,104427,3717247,41525,14913,47989,104427
"289",289,3717906,2020-10-15,41535,14922,48713,105170,3717906,41535,14922,48713,105170
"290",290,3718521,2020-10-16,41544,14929,49436,105909,3718521,41544,14929,49436,105909
"291",291,3719094,2020-10-17,41553,14937,50160,106650,3719094,41553,14937,50160,106650
"292",292,3719629,2020-10-18,41562,14944,50885,107391,3719629,41562,14944,50885,107391
"293",293,3720129,2020-10-19,41570,14950,51610,108130,3720129,41570,14950,51610,108130
"294",294,3720595,2020-10-20,41577,14956,52335,108868,3720595,41577,14956,52335,108868
"295",295,3721029,2020-10-21,41584,14962,53060,109606,3721029,41584,14962,53060,109606
"296",296,3721435,2020-10-22,41590,14967,53786,110343,3721435,41590,14967,53786,110343
"297",297,3721814,2020-10-23,41596,14972,54512,111080,3721814,41596,14972,54512,111080
"298",298,3722168,2020-10-24,41602,14976,55238,111816,3722168,41602,14976,55238,111816
"299",299,3722498,2020-10-25,41607,14980,55965,112552,3722498,41607,14980,55965,112552
"300",300,3722807,2020-10-26,41612,14984,56691,113287,3722807,41612,14984,56691,113287
"301",301,3723178,2020-10-27,41616,14988,57418,114022,3723178,41616,14988,57418,114022
"302",302,3723598,2020-10-28,41621,14991,58145,114757,3723598,41621,14991,58145,114757
"303",303,3724059,2020-10-29,41625,14995,58872,115492,3724059,41625,14995,58872,115492
"304",304,3724561,2020-10-30,41630,14998,59600,116228,3724561,41630,14998,59600,116228
"305",305,3725106,2020-10-31,41636,15001,60327,116964,3725106,41636,15001,60327,116964
"306",306,3725697,2020-11-01,41641,15003,61055,117699,3725697,41641,15003,61055,117699
"307",307,3726340,2020-11-02,41648,15006,61783,118437,3726340,41648,15006,61783,118437
"308",308,3727039,2020-11-03,41654,15009,62511,119174,3727039,41654,15009,62511,119174
"309",309,3727800,2020-11-04,41661,15011,63239,119911,3727800,41661,15011,63239,119911
"310",310,3728628,2020-11-05,41669,15014,63967,120650,3728628,41669,15014,63967,120650
"311",311,3729531,2020-11-06,41678,15017,64696,121391,3729531,41678,15017,64696,121391
"312",312,3730513,2020-11-07,41687,15019,65424,122130,3730513,41687,15019,65424,122130
"313",313,3731582,2020-11-08,41697,15022,66153,122872,3731582,41697,15022,66153,122872
"314",314,3732747,2020-11-09,41707,15025,66882,123614,3732747,41707,15025,66882,123614
"315",315,3734016,2020-11-10,41719,15028,67611,124358,3734016,41719,15028,67611,124358
"316",316,3735398,2020-11-11,41732,15032,68340,125104,3735398,41732,15032,68340,125104
"317",317,3736903,2020-11-12,41745,15035,69069,125849,3736903,41745,15035,69069,125849
"318",318,3738544,2020-11-13,41760,15039,69798,126597,3738544,41760,15039,69798,126597
"319",319,3740332,2020-11-14,41776,15043,70528,127347,3740332,41776,15043,70528,127347
"320",320,3742283,2020-11-15,41794,15047,71258,128099,3742283,41794,15047,71258,128099
"321",321,3744411,2020-11-16,41813,15052,71988,128853,3744411,41813,15052,71988,128853
"322",322,3746734,2020-11-17,41834,15057,72718,129609,3746734,41834,15057,72718,129609
"323",323,3749270,2020-11-18,41857,15063,73449,130369,3749270,41857,15063,73449,130369
"324",324,3752041,2020-11-19,41882,15068,74180,131130,3752041,41882,15068,74180,131130
"325",325,3755069,2020-11-20,41909,15075,74911,131895,3755069,41909,15075,74911,131895
"326",326,3758379,2020-11-21,41939,15082,75642,132663,3758379,41939,15082,75642,132663
"327",327,3761999,2020-11-22,41971,15090,76374,133435,3761999,41971,15090,76374,133435
"328",328,3765961,2020-11-23,42007,15098,77106,134211,3765961,42007,15098,77106,134211
"329",329,3770297,2020-11-24,42045,15107,77839,134991,3770297,42045,15107,77839,134991
"330",330,3775045,2020-11-25,42088,15117,78572,135777,3775045,42088,15117,78572,135777
"331",331,3780246,2020-11-26,42134,15128,79306,136568,3780246,42134,15128,79306,136568
"332",332,3785944,2020-11-27,42185,15139,80040,137364,3785944,42185,15139,80040,137364
"333",333,3792190,2020-11-28,42241,15152,80775,138168,3792190,42241,15152,80775,138168
"334",334,3799037,2020-11-29,42302,15166,81511,138979,3799037,42302,15166,81511,138979
"335",335,3806546,2020-11-30,42369,15182,82247,139798,3806546,42369,15182,82247,139798
"336",336,3814782,2020-12-01,42443,15199,82985,140627,3814782,42443,15199,82985,140627
"337",337,3823818,2020-12-02,42523,15217,83723,141463,3823818,42523,15217,83723,141463
"338",338,3833734,2020-12-03,42612,15238,84462,142312,3833734,42612,15238,84462,142312
"339",339,3844617,2020-12-04,42709,15260,85202,143171,3844617,42709,15260,85202,143171
"340",340,3856562,2020-12-05,42815,15284,85943,144042,3856562,42815,15284,85943,144042
"341",341,3869676,2020-12-06,42932,15311,86686,144929,3869676,42932,15311,86686,144929
"342",342,3884074,2020-12-07,43061,15340,87430,145831,3884074,43061,15340,87430,145831
"343",343,3899881,2020-12-08,43202,15372,88176,146750,3899881,43202,15372,88176,146750
"344",344,3917238,2020-12-09,43357,15408,88923,147688,3917238,43357,15408,88923,147688
"345",345,3936296,2020-12-10,43527,15447,89672,148646,3936296,43527,15447,89672,148646
"346",346,3957221,2020-12-11,43713,15489,90424,149626,3957221,43713,15489,90424,149626
"347",347,3980193,2020-12-12,43918,15536,91177,150631,3980193,43918,15536,91177,150631
"348",348,4005412,2020-12-13,44144,15588,91933,151665,4005412,44144,15588,91933,151665
"349",349,4033093,2020-12-14,44391,15644,92692,152727,4033093,44391,15644,92692,152727
"350",350,4063470,2020-12-15,44663,15706,93454,153823,4063470,44663,15706,93454,153823
"351",351,4096801,2020-12-16,44961,15774,94219,154954,4096801,44961,15774,94219,154954
"352",352,4133362,2020-12-17,45288,15849,94988,156125,4133362,45288,15849,94988,156125
"353",353,4173455,2020-12-18,45648,15931,95761,157340,4173455,45648,15931,95761,157340
"354",354,4217408,2020-12-19,46042,16022,96539,158603,4217408,46042,16022,96539,158603
"355",355,4265573,2020-12-20,46474,16121,97321,159916,4265573,46474,16121,97321,159916
"356",356,4318331,2020-12-21,46949,16230,98108,161287,4318331,46949,16230,98108,161287
"357",357,4376094,2020-12-22,47469,16349,98902,162720,4376094,47469,16349,98902,162720
"358",358,4439303,2020-12-23,48039,16480,99701,164220,4439303,48039,16480,99701,164220
"359",359,4508431,2020-12-24,48663,16624,100508,165795,4508431,48663,16624,100508,165795
"360",360,4583987,2020-12-25,49346,16782,101323,167451,4583987,49346,16782,101323,167451
"361",361,4666510,2020-12-26,50094,16956,102146,169196,4666510,50094,16956,102146,169196
"362",362,4756576,2020-12-27,50911,17146,102978,171035,4756576,50911,17146,102978,171035
"363",363,4854794,2020-12-28,51805,17354,103821,172980,4854794,51805,17354,103821,172980
"364",364,4961808,2020-12-29,52780,17582,104675,175037,4961808,52780,17582,104675,175037
"365",365,5078296,2020-12-30,53845,17831,105541,177217,5078296,53845,17831,105541,177217
"366",366,5204966,2020-12-31,55005,18104,106421,179530,5204966,55005,18104,106421,179530
"367",367,5342558,2021-01-01,56270,18403,107315,181988,5342558,56270,18403,107315,181988
"368",368,5491840,2021-01-02,57645,18729,108226,184600,5491840,57645,18729,108226,184600
"369",369,5653600,2021-01-03,59141,19085,109154,187380,5653600,59141,19085,109154,187380
"370",370,5828649,2021-01-04,60765,19473,110101,190339,5828649,60765,19473,110101,190339
"371",371,6017808,2021-01-05,62526,19897,111069,193492,6017808,62526,19897,111069,193492
"372",372,6221907,2021-01-06,64433,20358,112060,196851,6221907,64433,20358,112060,196851
"373",373,6441774,2021-01-07,66497,20860,113076,200433,6441774,66497,20860,113076,200433
"374",374,6678226,2021-01-08,68725,21406,114120,204251,6678226,68725,21406,114120,204251
"375",375,6932060,2021-01-09,71128,21998,115192,208318,6932060,71128,21998,115192,208318
"376",376,7204043,2021-01-10,73716,22640,116297,212653,7204043,73716,22640,116297,212653
"377",377,7494896,2021-01-11,76497,23336,117437,217270,7494896,76497,23336,117437,217270
"378",378,7805283,2021-01-12,79481,24088,118614,222183,7805283,79481,24088,118614,222183
"379",379,8135799,2021-01-13,82677,24901,119833,227411,8135799,82677,24901,119833,227411
"380",380,8486950,2021-01-14,86092,25777,121095,232964,8486950,86092,25777,121095,232964
"381",381,8859144,2021-01-15,89734,26721,122405,238860,8859144,89734,26721,122405,238860
"382",382,9252671,2021-01-16,93611,27735,123766,245112,9252671,93611,27735,123766,245112
"383",383,9667692,2021-01-17,97726,28824,125183,251733,9667692,97726,28824,125183,251733
"384",384,10104223,2021-01-18,102086,29990,126658,258734,10104223,102086,29990,126658,258734
"385",385,10562120,2021-01-19,106693,31236,128198,266127,10562120,106693,31236,128198,266127
"386",386,11041074,2021-01-20,111548,32566,129805,273919,11041074,111548,32566,129805,273919
"387",387,11540595,2021-01-21,116653,33983,131485,282121,11540595,116653,33983,131485,282121
"388",388,12060007,2021-01-22,122004,35488,133242,290734,12060007,122004,35488,133242,290734
"389",389,12598444,2021-01-23,127598,37084,135081,299763,12598444,127598,37084,135081,299763
"390",390,13154848,2021-01-24,133430,38772,137008,309210,13154848,133430,38772,137008,309210
"391",391,13727974,2021-01-25,139492,40554,139027,319073,13727974,139492,40554,139027,319073
"392",392,14316393,2021-01-26,145773,42429,141144,329346,14316393,145773,42429,141144,329346
"393",393,14918500,2021-01-27,152261,44399,143364,340024,14918500,152261,44399,143364,340024
"394",394,15532533,2021-01-28,158943,46463,145692,351098,15532533,158943,46463,145692,351098
"395",395,16156588,2021-01-29,165802,48618,148133,362553,16156588,165802,48618,148133,362553
"396",396,16788637,2021-01-30,172819,50865,150694,374378,16788637,172819,50865,150694,374378
"397",397,17426557,2021-01-31,179975,53199,153377,386551,17426557,179975,53199,153377,386551
"398",398,18068152,2021-02-01,187248,55618,156190,399056,18068152,187248,55618,156190,399056
"399",399,18711184,2021-02-02,194615,58118,159137,411870,18711184,194615,58118,159137,411870
"400",400,19353404,2021-02-03,202051,60694,162221,424966,19353404,202051,60694,162221,424966
"401",401,19992577,2021-02-04,209533,63340,165448,438321,19992577,209533,63340,165448,438321
"402",402,20626516,2021-02-05,217035,66052,168822,451909,20626516,217035,66052,168822,451909
"403",403,21253112,2021-02-06,224531,68821,172347,465699,21253112,224531,68821,172347,465699
"404",404,21870355,2021-02-07,231996,71642,176025,479663,21870355,231996,71642,176025,479663
"405",405,22476363,2021-02-08,239405,74507,179860,493772,22476363,239405,74507,179860,493772
"406",406,23069400,2021-02-09,246734,77407,183855,507996,23069400,246734,77407,183855,507996
"407",407,23647896,2021-02-10,253960,80335,188012,522307,23647896,253960,80335,188012,522307
"408",408,24210456,2021-02-11,261062,83282,192332,536676,24210456,261062,83282,192332,536676
"409",409,24755874,2021-02-12,268019,86240,196818,551077,24755874,268019,86240,196818,551077
"410",410,25283134,2021-02-13,274813,89200,201469,565482,25283134,274813,89200,201469,565482
"411",411,25791412,2021-02-14,281428,92154,206286,579868,25791412,281428,92154,206286,579868
"412",412,26280076,2021-02-15,287850,95093,211269,594212,26280076,287850,95093,211269,594212
"413",413,26748676,2021-02-16,294066,98009,216417,608492,26748676,294066,98009,216417,608492
"414",414,27196939,2021-02-17,300067,100894,221730,622691,27196939,300067,100894,221730,622691
"415",415,27624756,2021-02-18,305844,103742,227205,636791,27624756,305844,103742,227205,636791
"416",416,28032168,2021-02-19,311392,106545,232841,650778,28032168,311392,106545,232841,650778
"417",417,28419353,2021-02-20,316706,109296,238636,664638,28419353,316706,109296,238636,664638
"418",418,28786612,2021-02-21,321786,111991,244586,678363,28786612,321786,111991,244586,678363
"419",419,29134352,2021-02-22,326630,114623,250690,691943,29134352,326630,114623,250690,691943
"420",420,29463069,2021-02-23,331239,117189,256943,705371,29463069,331239,117189,256943,705371
"421",421,29773337,2021-02-24,335618,119683,263341,718642,29773337,335618,119683,263341,718642
"422",422,30065789,2021-02-25,339768,122103,269882,731753,30065789,339768,122103,269882,731753
"423",423,30341108,2021-02-26,343697,124445,276560,744702,30341108,343697,124445,276560,744702
"424",424,30600011,2021-02-27,347409,126708,283372,757489,30600011,347409,126708,283372,757489
"425",425,30843238,2021-02-28,350912,128890,290313,770115,30843238,350912,128890,290313,770115
"426",426,31071544,2021-03-01,354213,130989,297379,782581,31071544,354213,130989,297379,782581
"427",427,31285688,2021-03-02,357319,133005,304565,794889,31285688,357319,133005,304565,794889
"428",428,31486427,2021-03-03,360240,134939,311867,807046,31486427,360240,134939,311867,807046
"429",429,31674507,2021-03-04,362983,136789,319279,819051,31674507,362983,136789,319279,819051
"430",430,31850660,2021-03-05,365557,138558,326798,830913,31850660,365557,138558,326798,830913
"431",431,32015599,2021-03-06,367972,140245,334418,842635,32015599,367972,140245,334418,842635
"432",432,32170012,2021-03-07,370234,141853,342135,854222,32170012,370234,141853,342135,854222
"433",433,32314563,2021-03-08,372354,143384,349945,865683,32314563,372354,143384,349945,865683
"434",434,32449888,2021-03-09,374338,144838,357843,877019,32449888,374338,144838,357843,877019
"435",435,32576592,2021-03-10,376196,146218,365824,888238,32576592,376196,146218,365824,888238
"436",436,32695253,2021-03-11,377935,147527,373885,899347,32695253,377935,147527,373885,899347
"437",437,32806415,2021-03-12,379562,148767,382022,910351,32806415,379562,148767,382022,910351
"438",438,32910596,2021-03-13,381084,149940,390230,921254,32910596,381084,149940,390230,921254
"439",439,33008280,2021-03-14,382510,151049,398505,932064,33008280,382510,151049,398505,932064
"440",440,33099923,2021-03-15,383844,152097,406845,942786,33099923,383844,152097,406845,942786
"441",441,33185955,2021-03-16,385093,153086,415245,953424,33185955,385093,153086,415245,953424
"442",442,33266773,2021-03-17,386263,154019,423703,963985,33266773,386263,154019,423703,963985
"443",443,33342754,2021-03-18,387360,154899,432214,974473,33342754,387360,154899,432214,974473
"444",444,33414244,2021-03-19,388388,155727,440776,984891,33414244,388388,155727,440776,984891
"445",445,33481568,2021-03-20,389353,156508,449386,995247,33481568,389353,156508,449386,995247
"446",446,33545028,2021-03-21,390258,157243,458041,1005542,33545028,390258,157243,458041,1005542
"447",447,33604903,2021-03-22,391109,157935,466739,1015783,33604903,391109,157935,466739,1015783
"448",448,33661454,2021-03-23,391909,158586,475476,1025971,33661454,391909,158586,475476,1025971
"449",449,33714921,2021-03-24,392661,159198,484251,1036110,33714921,392661,159198,484251,1036110
"450",450,33765527,2021-03-25,393370,159774,493061,1046205,33765527,393370,159774,493061,1046205
"451",451,33813477,2021-03-26,394038,160315,501905,1056258,33813477,394038,160315,501905,1056258
"452",452,33858963,2021-03-27,394669,160825,510780,1066274,33858963,394669,160825,510780,1066274
"453",453,33902161,2021-03-28,395265,161304,519684,1076253,33902161,395265,161304,519684,1076253
"454",454,33943232,2021-03-29,395828,161755,528615,1086198,33943232,395828,161755,528615,1086198
"455",455,33982327,2021-03-30,396361,162179,537573,1096113,33982327,396361,162179,537573,1096113
"456",456,34019585,2021-03-31,396866,162579,546555,1106000,34019585,396866,162579,546555,1106000
"457",457,34055133,2021-04-01,397345,162954,555560,1115859,34055133,397345,162954,555560,1115859
"458",458,34089089,2021-04-02,397800,163308,564586,1125694,34089089,397800,163308,564586,1125694
"459",459,34121561,2021-04-03,398232,163642,573633,1135507,34121561,398232,163642,573633,1135507
"460",460,34152649,2021-04-04,398644,163956,582699,1145299,34152649,398644,163956,582699,1145299
"461",461,34182446,2021-04-05,399037,164253,591783,1155073,34182446,399037,164253,591783,1155073
"462",462,34211037,2021-04-06,399411,164532,600884,1164827,34211037,399411,164532,600884,1164827
"463",463,34238500,2021-04-07,399768,164796,610000,1174564,34238500,399768,164796,610000,1174564
"464",464,34264906,2021-04-08,400110,165046,619132,1184288,34264906,400110,165046,619132,1184288
"465",465,34290324,2021-04-09,400438,165282,628278,1193998,34290324,400438,165282,628278,1193998
"466",466,34314813,2021-04-10,400751,165505,637437,1203693,34314813,400751,165505,637437,1203693
"467",467,34338432,2021-04-11,401052,165716,646609,1213377,34338432,401052,165716,646609,1213377
"468",468,34361231,2021-04-12,401341,165916,655793,1223050,34361231,401341,165916,655793,1223050
"469",469,34383260,2021-04-13,401618,166106,664988,1232712,34383260,401618,166106,664988,1232712
"470",470,34404562,2021-04-14,401886,166286,674194,1242366,34404562,401886,166286,674194,1242366
"471",471,34425179,2021-04-15,402143,166457,683410,1252010,34425179,402143,166457,683410,1252010
"472",472,34445150,2021-04-16,402391,166620,692635,1261646,34445150,402391,166620,692635,1261646
"473",473,34464509,2021-04-17,402630,166774,701870,1271274,34464509,402630,166774,701870,1271274
"474",474,34483288,2021-04-18,402861,166922,711113,1280896,34483288,402861,166922,711113,1280896
"475",475,34501519,2021-04-19,403085,167062,720364,1290511,34501519,403085,167062,720364,1290511
"476",476,34519229,2021-04-20,403301,167196,729624,1300121,34519229,403301,167196,729624,1300121
"477",477,34536444,2021-04-21,403510,167324,738890,1309724,34536444,403510,167324,738890,1309724
"478",478,34553188,2021-04-22,403713,167446,748164,1319323,34553188,403713,167446,748164,1319323
"479",479,34569484,2021-04-23,403910,167564,757445,1328919,34569484,403910,167564,757445,1328919
"480",480,34585352,2021-04-24,404100,167676,766732,1338508,34585352,404100,167676,766732,1338508
"481",481,34600813,2021-04-25,404285,167783,776025,1348093,34600813,404285,167783,776025,1348093
"482",482,34615884,2021-04-26,404465,167886,785324,1357675,34615884,404465,167886,785324,1357675
"483",483,34630582,2021-04-27,404640,167985,794629,1367254,34630582,404640,167985,794629,1367254
"484",484,34644923,2021-04-28,404810,168080,803939,1376829,34644923,404810,168080,803939,1376829
"485",485,34658922,2021-04-29,404976,168172,813254,1386402,34658922,404976,168172,813254,1386402
"486",486,34672593,2021-04-30,405137,168260,822575,1395972,34672593,405137,168260,822575,1395972
"487",487,34685949,2021-05-01,405294,168345,831900,1405539,34685949,405294,168345,831900,1405539
"488",488,34699002,2021-05-02,405447,168427,841229,1415103,34699002,405447,168427,841229,1415103
"489",489,34711764,2021-05-03,405596,168506,850564,1424666,34711764,405596,168506,850564,1424666
"490",490,34724246,2021-05-04,405741,168582,859902,1434225,34724246,405741,168582,859902,1434225
"491",491,34736457,2021-05-05,405883,168656,869244,1443783,34736457,405883,168656,869244,1443783
"492",492,34748409,2021-05-06,406022,168727,878591,1453340,34748409,406022,168727,878591,1453340
"493",493,34760109,2021-05-07,406157,168797,887941,1462895,34760109,406157,168797,887941,1462895
"494",494,34771567,2021-05-08,406290,168863,897295,1472448,34771567,406290,168863,897295,1472448
"495",495,34782790,2021-05-09,406419,168928,906652,1481999,34782790,406419,168928,906652,1481999
"496",496,34793788,2021-05-10,406545,168991,916013,1491549,34793788,406545,168991,916013,1491549
"497",497,34804566,2021-05-11,406669,169052,925378,1501099,34804566,406669,169052,925378,1501099
"498",498,34815133,2021-05-12,406790,169112,934745,1510647,34815133,406790,169112,934745,1510647
"499",499,34825494,2021-05-13,406909,169169,944116,1520194,34825494,406909,169169,944116,1520194
"500",500,34835657,2021-05-14,407025,169225,953490,1529740,34835657,407025,169225,953490,1529740
"501",501,34845627,2021-05-15,407138,169280,962866,1539284,34845627,407138,169280,962866,1539284
"502",502,34855410,2021-05-16,407249,169333,972246,1548828,34855410,407249,169333,972246,1548828
"503",503,34865012,2021-05-17,407358,169385,981628,1558371,34865012,407358,169385,981628,1558371
"504",504,34874438,2021-05-18,407465,169435,991013,1567913,34874438,407465,169435,991013,1567913
"505",505,34883694,2021-05-19,407570,169484,1000401,1577455,34883694,407570,169484,1000401,1577455
"506",506,34892784,2021-05-20,407672,169532,1009791,1586995,34892784,407672,169532,1009791,1586995
"507",507,34901712,2021-05-21,407773,169578,1019184,1596535,34901712,407773,169578,1019184,1596535
"508",508,34910484,2021-05-22,407872,169624,1028579,1606075,34910484,407872,169624,1028579,1606075
"509",509,34919103,2021-05-23,407969,169668,1037976,1615613,34919103,407969,169668,1037976,1615613
"510",510,34927575,2021-05-24,408064,169712,1047376,1625152,34927575,408064,169712,1047376,1625152
"511",511,34935902,2021-05-25,408157,169754,1056778,1634689,34935902,408157,169754,1056778,1634689
"512",512,34944088,2021-05-26,408249,169796,1066183,1644228,34944088,408249,169796,1066183,1644228
"513",513,34952138,2021-05-27,408339,169836,1075589,1653764,34952138,408339,169836,1075589,1653764
"514",514,34960054,2021-05-28,408427,169876,1084998,1663301,34960054,408427,169876,1084998,1663301
"515",515,34967841,2021-05-29,408514,169915,1094408,1672837,34967841,408514,169915,1094408,1672837
"516",516,34975501,2021-05-30,408600,169953,1103821,1682374,34975501,408600,169953,1103821,1682374
"517",517,34983037,2021-05-31,408684,169990,1113235,1691909,34983037,408684,169990,1113235,1691909
"518",518,34990453,2021-06-01,408766,170027,1122652,1701445,34990453,408766,170027,1122652,1701445
"519",519,34997751,2021-06-02,408847,170062,1132070,1710979,34997751,408847,170062,1132070,1710979
"520",520,35004934,2021-06-03,408927,170097,1141490,1720514,35004934,408927,170097,1141490,1720514
"521",521,35012005,2021-06-04,409005,170132,1150912,1730049,35012005,409005,170132,1150912,1730049
"522",522,35018967,2021-06-05,409082,170165,1160336,1739583,35018967,409082,170165,1160336,1739583
"523",523,35025821,2021-06-06,409158,170198,1169761,1749117,35025821,409158,170198,1169761,1749117
"524",524,35032571,2021-06-07,409233,170230,1179188,1758651,35032571,409233,170230,1179188,1758651
"525",525,35039218,2021-06-08,409306,170262,1188617,1768185,35039218,409306,170262,1188617,1768185
"526",526,35045765,2021-06-09,409378,170293,1198047,1777718,35045765,409378,170293,1198047,1777718
"527",527,35052214,2021-06-10,409449,170324,1207479,1787252,35052214,409449,170324,1207479,1787252
"528",528,35058567,2021-06-11,409519,170354,1216912,1796785,35058567,409519,170354,1216912,1796785
"529",529,35064826,2021-06-12,409588,170383,1226347,1806318,35064826,409588,170383,1226347,1806318
"530",530,35070992,2021-06-13,409656,170412,1235784,1815852,35070992,409656,170412,1235784,1815852
"531",531,35077069,2021-06-14,409723,170441,1245222,1825386,35077069,409723,170441,1245222,1825386
"532",532,35083057,2021-06-15,409788,170469,1254661,1834918,35083057,409788,170469,1254661,1834918
"533",533,35088958,2021-06-16,409853,170496,1264102,1844451,35088958,409853,170496,1264102,1844451
"534",534,35094774,2021-06-17,409917,170523,1273544,1853984,35094774,409917,170523,1273544,1853984
"535",535,35100506,2021-06-18,409980,170550,1282988,1863518,35100506,409980,170550,1282988,1863518
"536",536,35106157,2021-06-19,410042,170576,1292433,1873051,35106157,410042,170576,1292433,1873051
"537",537,35111726,2021-06-20,410103,170601,1301879,1882583,35111726,410103,170601,1301879,1882583
"538",538,35117217,2021-06-21,410163,170626,1311326,1892115,35117217,410163,170626,1311326,1892115
"539",539,35122630,2021-06-22,410222,170651,1320775,1901648,35122630,410222,170651,1320775,1901648
"540",540,35127966,2021-06-23,410280,170676,1330225,1911181,35127966,410280,170676,1330225,1911181
"541",541,35133228,2021-06-24,410338,170700,1339676,1920714,35133228,410338,170700,1339676,1920714
"542",542,35138415,2021-06-25,410394,170723,1349129,1930246,35138415,410394,170723,1349129,1930246
"543",543,35143530,2021-06-26,410450,170746,1358582,1939778,35143530,410450,170746,1358582,1939778
"544",544,35148573,2021-06-27,410505,170769,1368037,1949311,35148573,410505,170769,1368037,1949311
"545",545,35153546,2021-06-28,410559,170792,1377493,1958844,35153546,410559,170792,1377493,1958844
"546",546,35158449,2021-06-29,410613,170814,1386950,1968377,35158449,410613,170814,1386950,1968377
"547",547,35163284,2021-06-30,410665,170836,1396408,1977909,35163284,410665,170836,1396408,1977909
