"","time","S","E","I","H","C","R","D","inci","hosp","crits","lvl2","lvl3","ID","POP"
"1",1,18841349.6633035,0,1,0,0,0,0,0,0,0,"Malawi","All",1,18841350.6633035
"2",2,18841348.9258304,0.607742686850597,0.79451532948519,0.00852221116383039,0.0000812236208645524,0.326610592178878,0.0000010312944190363,0.73747307459378,0.00908769464362167,0.000082980227685045,"Malawi","All",1,18841350.6633035
"3",3,18841348.2610552,0.965719959944854,0.799142666638208,0.0152220447222812,0.000289161663995005,0.621866929226121,0.00000749204415495216,1.40224825423961,0.0172795517733511,0.000301922884863744,"Malawi","All",1,18841350.6633035
"4",4,18841347.5464263,1.25295178858828,0.90170838005613,0.0217219903937092,0.000600307797205092,0.939871195314158,0.000023506425020199,2.1168771685745,0.0260857442434358,0.000640346360154423,"Malawi","All",1,18841350.6633035
"5",5,18841346.7188951,1.5434957312932,1.06254501816537,0.0287718971871992,0.00101233007319609,1.30853060919933,0.000052776706776215,2.94440836262508,0.0362832035427513,0.001102224793244,"Malawi","All",1,18841350.6633035
"6",6,18841345.7350589,1.87208464384727,1.27059393930771,0.0368088074141501,0.00153306882764226,1.74712499930718,0.0000991254073862767,3.92824458411133,0.0484067710652648,0.00170190942590861,"Malawi","All",1,18841350.6633035
"7",7,18841344.5551643,2.25959390029619,1.52666342919755,0.0461773306908984,0.00217663263128294,2.27336116355277,0.000166784000365385,5.10813924036906,0.062946318444752,0.00246071631018488,"Malawi","All",1,18841350.6633035
"8",8,18841343.1361537,2.72310011571048,1.83716271437874,0.057220420695989,0.00296230243197063,2.9064436018811,0.000260597580905699,6.52714975267918,0.0804324320475516,0.00340617905883202,"Malawi","All",1,18841350.6633035
"9",9,18841341.4280266,3.28006688283525,2.21190130288963,0.0703215031607583,0.00391460853717541,3.66868635991558,0.000386213869468294,8.23527687120787,0.101481259425717,0.00457244775821064,"Malawi","All",1,18841350.6633035
"10",10,18841339.3712839,3.95032989576382,2.66349744583531,0.0859292644863089,0.00506396762640553,4.58664873092119,0.000550286018076853,10.2920195906511,0.126825993034066,0.00600127142126051,"Malawi","All",1,18841350.6633035
"11",11,18841336.8945467,4.75731849617568,3.20745567206773,0.104577575744996,0.0064476683216483,5.69219669389238,0.000760705949166263,12.7687568121516,0.157346219047605,0.00774338100468928,"Malawi","All",1,18841350.6633035
"12",12,18841333.9119636,5.72906967061748,3.86256691266151,0.126905560346047,0.00811114692728819,7.02365975005232,0.00102687887978213,15.7513399194844,0.194099865311773,0.00986023274676798,"Malawi","All",1,18841350.6633035
"13",13,18841330.320187,6.89927969159242,4.65150616533447,0.153680306198773,0.0101095651671183,8.62718075557745,0.00136005047849133,19.3431165343487,0.238360462735125,0.0124261431516715,"Malawi","All",1,18841350.6633035
"14",14,18841325.9947835,8.30849856146774,5.60159594068267,0.185823524709483,0.0125097248246727,10.5583185743834,0.00177369683333822,23.6685200229013,0.291661378479855,0.0155308678633788,"Malawi","All",1,18841350.6633035
"15",15,18841320.7859016,10.0055518119671,6.7457475376648,0.224443599743419,0.0153923982992569,12.883982517744,0.00228399454317068,28.8774018599618,0.35584920347745,0.0192827329296435,"Malawi","All",1,18841350.6633035
"16",16,18841314.5130184,12.0492509903294,8.12361375235306,0.270874408867633,0.0188551709856069,15.6847804149587,0.0029103901871431,35.1502851276815,0.433148553666401,0.0238124471607339,"Malawi","All",1,18841350.6633035
"17",17,18841308.1338981,13.5260834323945,9.61461038615055,0.326131408398654,0.0230129383005761,19.0358910456287,0.00367622609241804,41.5294054369654,0.525628805689975,0.0292746650280887,"Malawi","All",1,18841350.6633035
"18",18,18841300.6646871,15.4377540860619,11.1779104461489,0.389759074123858,0.0279769349500059,22.9606067988708,0.00460910242198593,48.9986164425775,0.633912831756973,0.0358276326764368,"Malawi","All",1,18841350.6633035
"19",19,18841292.0126156,17.7243636814834,12.9165828041567,0.462048205929623,0.0338482551974609,27.5081045299817,0.00574045918006008,57.650687935929,0.759345295136214,0.0436259962210915,"Malawi","All",1,18841350.6633035
"20",20,18841282.0273527,20.392207286884,14.894271249394,0.544036247656361,0.0407344713808279,32.7575959872274,0.00710552507067796,67.6359507676132,0.904105626218805,0.0528373331552543,"Malawi","All",1,18841350.6633035
"21",21,18841270.5182791,23.47877553514,17.162167515005,0.637186522771361,0.0487591831787584,38.8093919196868,0.00874374923620131,79.1450244250181,1.07095734474831,0.0636524369979155,"Malawi","All",1,18841350.6633035
"22",22,18841257.2587939,27.0394373498271,19.7703244420069,0.743280638569835,0.0580674579387657,45.7827002289919,0.0106994972706475,92.4045096146051,1.26318561704948,0.0762919431435084,"Malawi","All",1,18841350.6633035
"23",23,18841241.9850737,31.1428687863722,22.7728045753063,0.864398619356735,0.0688299197505464,53.8163049683562,0.0130229131159438,107.678229782258,1.48461525935183,0.0910118860056586,"Malawi","All",1,18841350.6633035
"24",24,18841224.3920919,35.8701383973033,26.2304464581454,1.00293818012581,0.0812466621606639,63.0706709759637,0.0157709335147326,125.271211607214,1.7396684505773,0.108109339652317,"Malawi","All",1,18841350.6633035
"25",25,18841204.1280739,41.3154180002516,30.2127331274242,1.16165341166793,0.0955514104242548,73.7308651939438,0.0190084372991209,145.535229581011,2.03344512217429,0.127928537644377,"Malawi","All",1,18841350.6633035
"26",26,18841180.7876859,47.5874761646852,34.7994672687339,1.34370587487414,0.112016268619416,86.0101424853729,0.0228095649674072,168.875617627253,2.37182171940783,0.150867867788989,"Malawi","All",1,18841350.6633035
"27",27,18841153.903944,54.8117453224354,40.0824675536704,1.55272687549655,0.130957212143909,100.154203305658,0.0272592349140419,195.759359504319,2.76156850529216,0.177387947235213,"Malawi","All",1,18841350.6633035
"28",28,18841122.9390547,63.1327100463237,46.1674412649102,1.79288808725594,0.152740322340906,116.446014236776,0.0324548409980473,226.724248798605,3.21048237511883,0.208020748573063,"Malawi","All",1,18841350.6633035
"29",29,18841087.2733772,72.7168634272594,53.1761620082293,2.06898697346616,0.177789287999202,135.21161635145,0.0385082768535366,262.389926325258,3.72754689548838,0.243380549347778,"Malawi","All",1,18841350.6633035
"30",30,18841046.1933474,83.7559461827171,61.2488476198167,2.38654011746333,0.206593653033887,156.826480403401,0.0455481385481817,303.46995611498,4.32310740729239,0.284175931535153,"Malawi","All",1,18841350.6633035
"31",31,18840998.8770742,96.4707947774762,70.5470116366056,2.75189434866165,0.239718692876107,181.723087455326,0.0537223463577147,350.786229257303,5.00907988832192,0.331224123607526,"Malawi","All",1,18841350.6633035
"32",32,18840944.3778991,111.115776517375,81.2566747837738,3.17235372351138,0.277816691293881,210.399581526464,0.063201123343284,405.285404365761,5.79918935583864,0.385467350774174,"Malawi","All",1,18841350.6633035
"33",33,18840881.6054855,127.983859555152,93.5920899515397,3.65632529664316,0.321639960144303,243.429722805265,0.0741804184169488,468.057817987161,6.70924409622586,0.447991685251056,"Malawi","All",1,18841350.6633035
"34",34,18840809.3040046,147.412464673053,107.800035443041,4.21348721488334,0.372055880065067,281.474369833413,0.0868858488664824,540.359298893323,7.757452019163,0.520048802266438,"Malawi","All",1,18841350.6633035
"35",35,18840726.0269728,169.790247119929,124.164734684318,4.85498274089,0.430064248281782,325.294724694352,0.101577239473207,623.636330727244,8.96478558860046,0.603081059360985,"Malawi","All",1,18841350.6633035
"36",36,18840630.108501,195.564787963446,143.013534039988,5.59364152981825,0.496817159418272,375.76746800797,0.118553811489282,719.55480251213,10.3553988115794,0.698750215598352,"Malawi","All",1,18841350.6633035
"37",37,18840519.6298287,225.251583534579,164.723474086302,6.44423737586903,0.573642139428405,433.902377416744,0.138160214905156,830.033474767827,11.9571126543657,0.808970840275928,"Malawi","All",1,18841350.6633035
"38",38,18840392.3810138,259.444374632757,189.728771921484,7.42378347584951,0.662068614707456,500.862497613044,0.160793427246198,957.282289685088,13.8019707619704,0.93594853277681,"Malawi","All",1,18841350.6633035
"39",39,18840245.8167974,298.826948982728,218.529536224086,8.55187195716622,0.763858490782117,577.987379749394,0.186910710423717,1103.84650611458,15.9268797288804,1.08222405418759,"Malawi","All",1,18841350.6633035
"40",40,18840077.0057658,344.186758161085,251.701781252824,9.85106510124353,0.881041373240487,666.819853068585,0.21703877265798,1272.65753772964,18.3743466884063,1.25072415375878,"Malawi","All",1,18841350.6633035
"41",41,18839882.5717338,396.430744903051,289.908842466576,11.3473472236967,1.01595509971636,769.136895690467,0.251784317822845,1467.09156970133,21.1933298563477,1.44482006961891,"Malawi","All",1,18841350.6633035
"42",42,18839658.6263527,456.603384165933,333.914651951213,13.0706432615179,1.1712924662703,886.985132758666,0.291846192709141,1691.03695079631,24.4402165422655,1.66839494562505,"Malawi","All",1,18841350.6633035
"43",43,18839400.6915661,525.907369096469,384.599079939173,15.0554150758663,1.35015506011099,1022.72168886561,0.338029374579707,1948.97173741181,28.1799486648853,1.92592148912784,"Malawi","All",1,18841350.6633035
"44",44,18839103.6101329,605.727771606476,442.975337391645,17.3413514087013,1.55611518271456,1179.06133396012,0.3912610819399,2246.0531706316,32.4873216999362,2.22255133561372,"Malawi","All",1,18841350.6633035
"45",45,18838761.4427306,697.659659654659,510.210143935083,19.9741603933511,1.79328719987542,1359.13071237564,0.452609326001134,2588.22057288461,37.448478753667,2.56421799751812,"Malawi","All",1,18841350.6633035
"46",46,18838367.3521703,803.536797137657,587.647287702027,23.0064809265682,2.0664100291271,1566.53085302253,0.523304334934776,2982.31113315285,43.1626327412329,2.95775584364119,"Malawi","All",1,18841350.6633035
"47",47,18838104.4394821,765.915861558812,649.129880192927,26.4013690770547,2.38048345946573,1801.79146771538,0.604759406731619,3245.22382141038,49.643316480203,3.41057193760806,"Malawi","All",1,18841350.6633035
"48",48,18837821.8155345,756.37929538608,684.31332993851,29.8515238627662,2.73680138709703,2054.86829927479,0.69851917411686,3527.84776902336,56.6099757363448,3.92659115309333,"Malawi","All",1,18841350.6633035
"49",49,18837527.1463749,759.756195191143,707.672258423683,33.1742929332822,3.13189172954793,2318.97621083289,0.806079470866657,3822.51692858142,63.8736598681486,4.50488926569919,"Malawi","All",1,18841350.6633035
"50",50,18837223.8605407,769.1501107929,725.791599633909,36.3058744040204,3.56045489523123,2591.06595483169,0.92876826332532,4125.80276282108,71.3498663004339,5.14242861282277,"Malawi","All",1,18841350.6633035
"51",51,18836913.4585964,781.427266500318,741.668657115551,39.2342726659314,4.01690768289142,2869.78989224347,1.06771092421654,4436.20470713238,79.0016144278103,5.83554284388238,"Malawi","All",1,18841350.6633035
"52",52,18836596.5630687,795.165441171274,756.668881476364,41.9690826169332,4.49601457958845,3154.5769817579,1.22383321677588,4753.10023481884,86.8135665763953,6.58057330118294,"Malawi","All",1,18841350.6633035
"53",53,18836273.3962256,809.720555222755,771.415902423721,44.5279713709246,4.9931132365085,3445.21165670848,1.39787897233899,5076.26707793473,94.7802514496311,7.37412460601475,"Malawi","All",1,18841350.6633035
"54",54,18835943.9972,824.802449091485,786.196038504931,46.9307397814323,5.50416263595418,3741.64228114623,1.59043235074269,5405.66610351078,102.900712281146,8.21315074185051,"Malawi","All",1,18841350.6633035
"55",55,18835608.3207437,840.281897979969,801.142317940732,49.1968021788208,6.02571742557749,4043.8938838969,1.8019403234984,5741.3425597455,111.176072640579,9.09496768423367,"Malawi","All",1,18841350.6633035
"56",56,18835266.2818583,856.103356365459,816.317683059377,51.3442061683632,6.55487481952168,4352.02859130065,2.03273351690668,6083.38144523028,119.608436315683,10.0172358040587,"Malawi","All",1,18841350.6633035
"57",57,18834917.7766731,872.244101442037,831.753951772967,53.3893123071015,7.08921392744701,4666.12700583327,2.28304509068406,6431.88663037351,128.200372668976,10.9779313526176,"Malawi","All",1,18841350.6633035
"58",58,18834562.6912257,888.697011666324,847.468241892956,55.3467922209573,7.62673606109813,4986.28026864506,2.55302730224013,6786.97207778864,136.954700232551,11.975314982149,"Malawi","All",1,18841350.6633035
"59",59,18834200.9058758,905.461840433799,863.471296331215,57.2297148332668,8.1658120078077,5312.58599846639,2.84276565973198,7148.75742773222,145.874377903565,13.0079031262814,"Malawi","All",1,18841350.6633035
"60",60,18833832.2971729,922.541556427404,879.770972996986,59.0497139340411,8.70512788185138,5645.14646701517,3.15229231080806,7517.36613056626,154.962458917261,14.0744366564747,"Malawi","All",1,18841350.6633035
"61",61,18833456.738683,939.940676919656,896.373836034765,60.81713903259,9.2436418762645,5984.06772995797,3.48159668367471,7892.92462050493,164.222070492929,15.1738557587969,"Malawi","All",1,18841350.6633035
"62",62,18833074.1013352,957.664456893081,913.285934373096,62.5411822845531,9.78054930501211,6329.45921114222,3.83063434011911,8275.56196833809,173.656405295717,16.3052800554743,"Malawi","All",1,18841350.6633035
"63",63,18832684.2535034,975.718563081217,930.513119323729,64.2299825409068,10.3152549981202,6681.43354607532,4.19933404769509,8665.40980006699,183.268719457477,17.4679930460977,"Malawi","All",1,18841350.6633035
"64",64,18832287.0611336,994.108862201957,948.061244563411,65.8907892822392,10.8473340147775,7040.10633339586,4.58760645258957,9062.60216991083,193.062329453452,18.6614175932428,"Malawi","All",1,18841350.6633035
"65",65,18831882.3877808,1012.84132494849,965.936258243514,67.5300759446654,11.3765048019739,7405.59600877618,4.99534999614471,9467.27552271097,203.040611188771,19.8850991587386,"Malawi","All",1,18841350.6633035
"66",66,18831470.0944422,1031.92217170625,984.144071313363,69.1536046059107,11.9026137778178,7778.0239451281,5.42245475117669,9879.56886128262,213.207004154723,21.1386969213977,"Malawi","All",1,18841350.6633035
"67",67,18831050.0362262,1051.3610900341,1002.69068844494,70.7665166148686,12.4256139772987,8157.5143610783,5.86880711004637,10299.6270772596,223.565010952678,22.4219704079832,"Malawi","All",1,18841350.6633035
"68",68,18830310.9819224,1330.45600848215,1067.20977660176,72.5353710832889,12.9463086883341,8550.19961687104,6.33429934647777,11038.6813810731,234.285414413937,23.7355394159298,"Malawi","All",1,18841350.6633035
"69",69,18829501.1933203,1580.32850856416,1193.82064789098,75.0676059618734,13.4729592301575,8979.96129671352,6.81896481287542,11848.4699831736,246.032337851132,25.0877220737195,"Malawi","All",1,18841350.6633035
"70",70,18828585.2737735,1839.28559058444,1360.66641246228,78.7541660786539,14.0226941554528,9465.33734878364,7.323317921217,12764.3895299857,259.319422669129,26.4965231334726,"Malawi","All",1,18841350.6633035
"71",71,18827537.2222263,2125.89101953685,1561.26157126176,83.8135777646432,14.6167415132875,10020.0095799848,7.84858708760628,13812.4410771489,274.524116295362,27.9852630090231,"Malawi","All",1,18841350.6633035
"72",72,18826333.0409928,2451.24103189706,1795.65254668989,90.4121374683933,15.2783504570422,10656.6414241499,8.39681999602637,15016.6223106584,291.994919067792,29.5806786799092,"Malawi","All",1,18841350.6633035
"73",73,18824947.4960927,2823.97166082032,2066.91539106665,98.7138992153354,16.0322520847535,11388.5630626111,8.97094499340927,16402.1672107916,312.098410135952,31.3124891061191,"Malawi","All",1,18841350.6633035
"74",74,18823352.505304,3252.35776998604,2379.80444191164,108.902828191141,16.9047531827932,12230.6133801675,9.57482602512671,17997.1579994643,335.242677538749,33.2135825435531,"Malawi","All",1,18841350.6633035
"75",75,18821516.1406706,3745.24745489704,2740.27930029929,121.194081466468,17.9241047966964,13199.664364945,10.2133265276718,19833.5226329321,361.89185225224,35.3204939434452,"Malawi","All",1,18841350.6633035
"76",76,18819401.8195384,4312.54827473043,3155.39150765432,135.841434971392,19.1210099079861,14315.0491479046,10.8923899659502,21947.8437651347,392.577929651222,37.6740498085921,"Malawi","All",1,18841350.6633035
"77",77,18816967.5199263,4965.54186065495,3633.33049429748,153.143569567385,20.5292170983068,15598.9790953804,11.6191401933781,24382.1433771919,427.912266136566,40.3201328011374,"Malawi","All",1,18841350.6633035
"78",78,18814164.9260332,5717.15298311584,4183.54609014976,173.450560166421,22.1861970972352,17076.9994333446,12.4020063773639,27184.7372702512,468.598128776923,43.3105710763234,"Malawi","All",1,18841350.6633035
"79",79,18810938.4911107,6582.21314284062,4816.9132315415,197.170902436976,24.1338836740391,18778.4901611801,13.2508710716474,30411.1721927449,515.444489696785,46.7041313863017,"Malawi","All",1,18841350.6633035
"80",80,18807224.3549722,7577.75092595271,5545.93489367598,224.779645984883,26.4195179361445,20737.2460977416,14.1772499734759,34125.3083312648,569.381999403223,50.5676695595258,"Malawi","All",1,18841350.6633035
"81",81,18802949.1083809,8723.31617876779,6384.97912629984,256.827736977581,29.0965973906633,22992.1407781641,15.1945049661021,38400.5549225661,631.481269840546,54.9774424381952,"Malawi","All",1,18841350.6633035
"82",82,18798028.4056969,10041.3402282527,7350.54650890623,293.952584143265,32.2259285333174,25587.8742665791,16.3180901529939,43321.2576065677,702.973469275618,60.0205795379714,"Malawi","All",1,18841350.6633035
"83",83,18792365.3747997,11557.5464588418,8461.57588927973,336.890250242728,35.8768229792686,28575.8332423895,17.5658400353787,48984.2885037684,785.274010024732,65.7967700324691,"Malawi","All",1,18841350.6633035
"84",84,18785848.7297636,13301.4322939102,9739.80834058493,386.489997354231,40.1285113207871,32015.1160781603,18.9583185768258,55500.9335399074,880.010780475519,72.4202711736546,"Malawi","All",1,18841350.6633035
"85",85,18778350.7714776,15306.7763449937,11210.1700228603,443.729797132478,45.0716370137471,35973.6248269711,20.5191969287644,62998.8918259001,989.054220134284,80.022045559329,"Malawi","All",1,18841350.6633035
"86",86,18769725.0242651,17612.2333529074,12901.2223168491,509.734754865325,50.810025859835,40529.362881635,22.2757063129868,71624.6390384296,1114.55305894861,88.7523020114372,"Malawi","All",1,18841350.6633035
"87",87,18759803.5546146,20261.9979202742,14845.6738623522,585.798094348513,57.4627035944463,45771.9169465074,24.2591618254955,81546.1086889022,1258.97513142492,98.7834053606001,"Malawi","All",1,18841350.6633035
"88",88,18748393.9762471,23306.5377954129,17080.9466227224,673.404742273382,65.1661644105817,51804.1261726678,26.5055589257236,92955.6870564129,1425.15334399942,110.313160971856,"Malawi","All",1,18841350.6633035
"89",89,18735276.0650596,26803.4129914455,19649.8078583275,774.258156250622,74.076956744123,58743.9860201538,29.056260970202,106073.598243892,1616.33810487379,123.568571608056,"Malawi","All",1,18841350.6633035
"90",90,18720197.968974,30818.1675525212,22601.0790659784,890.310506637263,84.3746208891078,66726.8037955019,31.9587879501721,121151.694329478,1836.25667998288,138.810118504238,"Malawi","All",1,18841350.6633035
"91",91,18702871.9793591,35425.3010612356,25990.418373403,1023.79659260561,96.265018154415,75907.6351791461,35.2677198221905,138477.683944367,2089.18028156621,156.336629169988,"Malawi","All",1,18841350.6633035
"92",92,18682969.8307519,40709.3269694299,29881.1693148255,1177.27191196629,109.984095691149,86464.0345296441,39.0457300777524,158379.832551635,2379.99979119311,176.490802699011,"Malawi","All",1,18841350.6633035
"93",93,18660117.5267084,46765.8836046528,34345.2912651727,1353.65490764328,125.802139034573,98599.1399124059,43.3647661631876,181232.136595072,2714.3106876158,199.665472923747,"Malawi","All",1,18841350.6633035
"94",94,18633889.6869831,53702.8823642626,39464.363696176,1556.27360781126,144.028560494718,112545.120696119,48.3073954875531,207459.976320351,3098.50794197662,226.310689465184,"Malawi","All",1,18841350.6633035
"95",95,18603803.4126002,61641.6983975073,45330.6278239487,1788.91707562918,165.017264459284,128567.021803972,53.9683378056979,237546.250703322,3539.89181742514,256.94169314835,"Malawi","All",1,18841350.6633035
"96",96,18569311.7323397,70718.326742479,52048.0717718287,2055.89125534836,189.172642315531,146967.012345915,60.4562058866885,272037.930963773,4046.7847734239,292.147875809857,"Malawi","All",1,18841350.6633035
"97",97,18529796.7243699,81084.4214812701,59733.5460305964,2362.07869240692,216.956241119492,168089.04101019,67.8954780572392,311552.93893364,4628.65952689104,332.602808806145,"Malawi","All",1,18841350.6633035
"98",98,18484562.4016746,92908.208474757,68517.8121235614,2713.00222366791,248.894119296574,192323.915959269,76.4287282976221,356787.26162885,5296.27875491407,379.075397243012,"Malawi","All",1,18841350.6633035
"99",99,18432827.5755606,106375.129529125,78546.4866975057,3114.89128121727,285.584908229461,220114.776187359,86.2191394530488,408522.087742889,6061.84550766906,432.442222323869,"Malawi","All",1,18841350.6633035
"100",100,18373719.027165,121687.985701672,89980.8626024341,3574.74832755037,327.708586155906,251962.877596011,97.4533246691999,467630.636138493,6939.1621845901,493.70112100697,"Malawi","All",1,18841350.6633035
"101",101,18306265.2993682,139066.518506173,102998.405484486,4100.41427482936,376.035890977561,288433.645295858,110.344482940047,535084.363935264,7943.79672677716,563.985973668145,"Malawi","All",1,18841350.6633035
"102",102,18229391.6078521,158746.218646862,117792.767020018,4700.62979444942,431.438272511021,330162.865806354,125.135911244006,611958.055451438,9093.25251492237,644.582638583687,"Malawi","All",1,18841350.6633035
"103",103,18141916.6423484,180975.870257649,134573.299745912,5385.08596971172,494.89827152059,377862.76182338,142.104886926647,699433.020955099,10407.1348163448,736.945943837028,"Malawi","All",1,18841350.6633035
"104",104,18042552.0704148,206013.611958926,153563.714392677,6164.45951222786,567.520055864244,432327.720026388,161.566942581134,798797.592888664,11907.3074223342,842.717504881137,"Malawi","All",1,18841350.6633035
"105",105,17929905.5110996,234121.43107217,174999.483909136,7050.42769326135,650.539711769468,494439.389302765,183.880514767992,911444.15220387,13618.0316710459,963.743933992419,"Malawi","All",1,18841350.6633035
"106",106,17802488.612122,265557.052395752,199124.054716212,8055.64767358143,745.334929532954,565170.509499713,209.451966753373,1038861.05118154,15566.0700835069,1102.09508121531,"Malawi","All",1,18841350.6633035
"107",107,17658731.4046455,300563.128924965,226183.308268058,9193.6913721149,853.433372505593,645586.955779407,238.740940950186,1182618.258658,17780.7403924469,1260.08152017597,"Malawi","All",1,18841350.6633035
"108",108,17497004.1511961,339353.819674427,256417.547721023,10478.927096804,976.518821488331,736847.432807577,272.265986044094,1344345.51210736,20293.9043618712,1440.27027717845,"Malawi","All",1,18841350.6633035
"109",109,17315648.9062411,382097.402376858,290051.402816609,11926.320981672,1116.43421728183,840199.58631761,310.610352389106,1525700.75706242,23139.8572279442,1645.49774506874,"Malawi","All",1,18841350.6633035
"110",110,17113021.468339,428895.545070672,327281.01523889,13551.1501415333,1275.18037680098,956971.876318712,354.427817883796,1728328.19496449,26355.0997280585,1878.87832258134,"Malawi","All",1,18841350.6633035
"111",111,16887545.3109218,479759.812720062,368257.574846109,15368.6097082293,1454.9083888017,1088559.99834812,404.448370405633,1953804.35238173,29977.9592750323,2143.80648897326,"Malawi","All",1,18841350.6633035
"112",112,16637777.7620475,534585.111503225,413068.453958298,17393.2912626927,1657.90460468457,1236406.65645616,461.48347094154,2203571.90125601,34048.0271979199,2443.95075953334,"Malawi","All",1,18841350.6633035
"113",113,16362488.8175935,593121.12581136,461715.916764884,19638.5130879621,1886.56595752895,1401973.29348213,526.430606161481,2478860.84571003,38605.3736460235,2783.23675902849,"Malawi","All",1,18841350.6633035
"114",114,16060747.1516338,654946.300835324,514093.437057492,22115.5391264971,2143.36436377191,1586704.59361682,600.276669795559,2780602.5116697,43689.5632043337,3165.81738289206,"Malawi","All",1,18841350.6633035
"115",115,15732018.3748777,719443.143520359,569960.115431965,24832.6030719429,2430.79564315023,1791981.53078365,684.099974684301,3109331.28842575,49338.3542459728,3596.0251442971,"Malawi","All",1,18841350.6633035
"116",116,15376258.3550001,785780.699662381,628919.970445731,27793.8516763948,2751.31618618953,2019067.40052534,779.069807330942,3465091.30830337,55586.2054783138,4078.30808291303,"Malawi","All",1,18841350.6633035
"117",117,14994003.9926521,852909.092417468,690400.532372998,30998.1967989689,3107.26185805372,2269045.1435295,886.443674451053,3847345.67065144,62462.5433868839,4617.14397879502,"Malawi","All",1,18841350.6633035
"118",118,14586448.8604393,919566.965387432,753640.838966235,34438.1215779647,3500.75105309317,2542747.56481757,1007.56106189238,4254900.80286419,69989.8353124623,5216.93277648188,"Malawi","All",1,18841350.6633035
"119",119,14155491.9247573,984308.283910783,817687.680170213,38098.5900449508,3933.57578226848,2840686.7749418,1143.83369613507,4685857.73854615,78181.6438218496,5881.87108480452,"Malawi","All",1,18841350.6633035
"120",120,13703755.4433243,1045549.10469517,881405.15204306,41956.0571790869,4407.07626525975,3162981.09868931,1296.73110729582,5137594.21997918,87040.6145710236,6615.80217841774,"Malawi","All",1,18841350.6633035
"121",121,13234558.3703204,1101634.09567518,943500.624822656,45977.7912313065,4922.01056704336,3509290.00903723,1467.76164966987,5606791.29298308,96556.6899413507,7422.05330661019,"Malawi","All",1,18841350.6633035
"122",122,12751843.2482105,1150921.34098587,1002565.20729215,50121.620779871,5478.42444717856,3878762.37270993,1658.44887797807,6089506.41509298,106705.694948251,8303.26530418308,"Malawi","All",1,18841350.6633035
"123",123,12260057.7278873,1191877.68585052,1057131.35679449,54336.1726606934,6075.52775623004,4270001.88925686,1870.30309740583,6581291.9354162,117448.402621234,9261.22052897041,"Malawi","All",1,18841350.6633035
"124",124,11763996.602938,1223176.52727126,1105742.65183689,58561.7078686975,6711.58879926082,4681056.79563713,2104.7889522955,7077353.06036552,128730.273813588,10296.682019056,"Malawi","All",1,18841350.6633035
"125",125,11268609.3101468,1243791.76021353,1147033.14303425,62731.6250118504,7383.85278469728,5109437.68348435,2363.28862806207,7572740.35315674,140481.977779439,11409.2492633533,"Malawi","All",1,18841350.6633035
"126",126,10778796.0883054,1253070.00163589,1179807.99729265,66774.5724423389,8088.50043558537,5552166.43995355,2647.06323803719,8062553.57499805,152620.774053337,12597.2510429592,"Malawi","All",1,18841350.6633035
"127",127,10299217.0687691,1250770.8726041,1203115.30591769,70616.9960592047,8820.65230656015,6005852.55276695,2957.21487986256,8542132.59453437,165052.64924274,13857.6851186671,"Malawi","All",1,18841350.6633035
"128",128,9834108.5877715,1237087.70318453,1216302.57057596,74186.1333179461,9574.41938344944,6466796.60134889,3294.64772121076,9007241.07553199,177675.204161653,15186.2025477636,"Malawi","All",1,18841350.6633035
"129",129,9387143.19492104,1212623.42791662,1219057.50725534,77413.0665906638,10343.0054483648,6931110.42836387,3660.03280760159,9454206.46838246,190380.996283978,16577.1501061699,"Malawi","All",1,18841350.6633035
"130",130,8961333.68406107,1178336.82382375,1211424.67173511,80235.6607051336,11118.8578731643,7394847.18776859,4053.77733666735,9880015.97924242,203061.148243647,18023.6687466704,"Malawi","All",1,18841350.6633035
"131",131,8558981.03656586,1135473.63339631,1193788.50445576,82601.2871600984,11893.8577187482,7854136.34360089,4476.00040582109,10282368.6267376,215609.08600731,19517.8423891394,"Malawi","All",1,18841350.6633035
"132",132,8181673.60289746,1085472.22300858,1166845.05308979,84468.8410409975,12659.5435116125,8305304.88358421,4926.51617084353,10659676.060406,227923.885269052,21050.8930110671,"Malawi","All",1,18841350.6633035
"133",133,7830322.42849578,1029871.99544136,1131548.13963157,85810.1864333286,13407.3510982909,8744985.73656557,5404.82563759006,11011027.2348077,239913.256116958,22613.4065207914,"Malawi","All",1,18841350.6633035
"134",134,7505225.20950794,970229.536384524,1089040.46442626,86610.9016582916,14128.8561344638,9170205.57771317,5910.11747882724,11336124.4537955,251495.950235201,24195.5766379272,"Malawi","All",1,18841350.6633035
"135",135,7206154.68056597,908036.315522088,1040590.70644108,86870.0898769184,14816.0119044361,9578441.58157877,6441.27741422429,11635194.9827375,262603.301049058,25787.4586898111,"Malawi","All",1,18841350.6633035
"136",136,6932450.87106976,844664.729459744,987518.743410901,86599.7247686438,15461.359987904,9967658.32850362,6996.90610291571,11908898.7922337,273180.212716735,27379.2107547227,"Malawi","All",1,18841350.6633035
"137",137,6683117.21677806,781326.590248559,931133.32895,85823.3306072002,16058.2119896407,10336316.6405285,7575.34420149417,12158232.4465254,283185.369494093,28961.3180729239,"Malawi","All",1,18841350.6633035
"138",138,6456912.80215766,719045.986407338,872683.742975732,84574.1776577946,16600.795033456,10683358.4557867,8174.70328484273,12384436.8611458,292590.781538538,30524.7912081624,"Malawi","All",1,18841350.6633035
"139",139,6252430.66507285,658657.149162897,813312.385647633,82893.4191819694,17084.3499206762,11008179.7927822,8792.90153524596,12588918.9982306,301381.005092189,32061.3249955202,"Malawi","All",1,18841350.6633035
"140",140,6068168.87162662,600804.655534927,754031.813093094,80827.918483599,17505.1924804285,11310584.5099976,9427.70208725057,12773180.7916769,309551.832696703,33563.4252046117,"Malawi","All",1,18841350.6633035
"141",141,5902586.86248267,545957.41447936,695708.154014766,78428.2049696822,17860.7317516025,11590732.5426986,10076.7529067888,12938762.8008208,317108.836053601,35024.4946477732,"Malawi","All",1,18841350.6633035
"142",142,5754148.47199428,494431.158794963,639051.383817334,75746.6365767356,18149.4496178398,11849085.9357354,10737.6267668862,13087201.1913092,324065.853686118,36438.8809057946,"Malawi","All",1,18841350.6633035
"143",143,5621357.59437261,446405.74875494,584624.286455957,72835.587552403,18370.8548787988,12086348.731597,11407.8596917539,13219992.0689309,330443.311969559,37801.8958811176,"Malawi","All",1,18841350.6633035
"144",144,5502780.6885414,401951.473449257,532847.474445238,69746.0870825196,18525.4068092941,12303414.5455716,12084.9874042082,13338568.9747621,336266.765900535,39109.8014379743,"Malawi","All",1,18841350.6633035
"145",145,5397062.98601699,361050.916101355,484013.200898168,66526.6582802944,18614.4224818909,12501315.9009475,12766.5785772584,13444286.6772865,341565.492485993,40359.7733625077,"Malawi","All",1,18841350.6633035
"146",146,5302939.23255545,323616.972940911,438304.414394819,63222.3856484619,18639.9730353296,12681177.4203309,13450.2643976652,13538410.430748,346371.19446598,41549.847986893,"Malawi","All",1,18841350.6633035
"147",147,5219237.06172134,289513.665522195,395807.444235027,59874.3920851013,18604.7704084801,12844179.5653259,14133.7640054041,13622112.6015822,350717.000735451,42678.8522544044,"Malawi","All",1,18841350.6633035
"148",148,5144879.2736558,258569.174503448,356531.949735923,56519.3970502619,18512.0551087293,12991523.907157,14814.9060923155,13696470.3896477,354636.510394141,43746.3282768477,"Malawi","All",1,18841350.6633035
"149",149,5078881.67912629,230589.583418763,320425.401154266,53189.5822962388,18365.4825000507,13124407.288464,15491.6463439119,13762467.9841772,358163.086021791,44752.4493313104,"Malawi","All",1,18841350.6633035
"150",150,5020349.84746302,205368.39191665,287387.765789288,49912.582631602,18169.0186300937,13244000.9764023,16162.0804705784,13820999.8158405,361329.285796547,45697.9378833337,"Malawi","All",1,18841350.6633035
"151",151,4968474.3539599,182694.637296058,257284.105149477,46711.6195232211,17926.8405683298,13351434.652888,16824.4539185344,13872875.3093436,364166.430653202,46583.9824657686,"Malawi","All",1,18841350.6633035
"152",152,4922525.30675105,162358.85451732,229955.282982823,43605.7356724253,17643.2471726916,13447785.0683045,17477.1679026523,13918824.3565525,366704.30078849,47412.1587211325,"Malawi","All",1,18841350.6633035
"153",153,4881846.57839515,144157.358037477,205226.999559605,40610.0928704466,17322.580310062,13534068.2717622,18118.7823686018,13959503.0849084,368970.931042557,48184.3556675272,"Malawi","All",1,18841350.6633035
"154",154,4845849.89485255,127895.368022041,182917.019510199,37736.3150864145,16969.1561964502,13611234.8932677,18748.0163681178,13995499.7684509,370992.490448306,48902.7076780105,"Malawi","All",1,18841350.6633035
"155",155,4814008.74775802,113389.100514473,162841.161182105,34992.8692059907,16587.2051720682,13680167.8335073,19363.74596354,14027340.9155455,372793.228233645,49569.5306864683,"Malawi","All",1,18841350.6633035
"156",156,4785853.0475857,100466.80297993,144817.011873354,32385.4243686794,16180.8284900898,13741682.5479741,19965.0000315901,14055496.6157178,374395.48998063,50187.2718289348,"Malawi","All",1,18841350.6633035
"157",157,4760963.70749248,88969.3670912181,128667.857530261,29917.2198649749,15753.9567586453,13796527.5995584,20550.9550074895,14080385.955811,375819.741310787,50758.4589332282,"Malawi","All",1,18841350.6633035
"158",158,4738967.60861902,78750.4141572543,114224.855740297,27589.4184340113,15310.3209311391,13845387.1174583,21120.9279634612,14102382.0546845,377084.643150108,51285.6597198597,"Malawi","All",1,18841350.6633035
"159",159,4719532.88763537,69676.2243369234,101328.340445127,25401.4404051043,14853.4303219595,13888883.9713059,21674.3688531427,14121816.7756681,378207.146032089,51771.4466076286,"Malawi","All",1,18841350.6633035
"160",160,4702364.76304751,61625.0682267365,89829.0685937894,23351.2585171321,14386.5579755487,13927583.0948431,22210.8520996303,14138984.900256,379202.587570601,52218.3677545838,"Malawi","All",1,18841350.6633035
"161",161,4687201.60270611,54486.639585479,79588.5888617126,21435.6736882918,13912.7317238887,13961995.3590021,22730.0677359584,14154148.0605974,380084.804452766,52628.9230250623,"Malawi","All",1,18841350.6633035
"162",162,4673811.29751057,48161.4586563534,70479.1593836806,19650.5643433519,13434.7303029742,13992581.6408462,23231.8122603771,14167538.3657929,380866.249154227,53005.5445299291,"Malawi","All",1,18841350.6633035
"163",163,4661988.21048975,42559.9258503103,62383.8530601052,17991.0899579349,12955.08420906,14019756.5200484,23715.9796878869,14179361.4528138,381558.095449522,53350.582240877,"Malawi","All",1,18841350.6633035
"164",164,4651550.20211673,37601.6139703012,55196.063041031,16451.8843628329,12476.0795209685,14043892.2678833,24182.5524083519,14189799.4611868,382170.351650116,53666.2922413325,"Malawi","All",1,18841350.6633035
"165",165,4642335.98490498,33214.5334702021,48818.9379912197,15027.2190234666,11999.7648178477,14065322.6308239,24631.5922718984,14199013.6783985,382711.967550256,53954.8284599456,"Malawi","All",1,18841350.6633035
"166",166,4634202.84165189,29334.3045409806,43164.9122451851,13711.1354037291,11527.9605225329,14084346.2768788,25063.2320603453,14207146.8216516,383190.931467792,54218.2374872144,"Malawi","All",1,18841350.6633035
"167",167,4627024.52720459,25903.4839621382,38155.0157781679,12497.5604030815,11062.2696200343,14101230.1390018,25477.667333731,14214325.1360989,383614.36408319,54458.4554061388,"Malawi","All",1,18841350.6633035
"168",168,4620689.39861548,22870.8959250108,33718.2158814318,11380.4012775537,10604.0897057866,14116212.5132513,25875.148646893,14220660.264688,383988.605119722,54677.3065829458,"Malawi","All",1,18841350.6633035
"169",169,4615098.80325418,20190.9991168778,29790.8175701314,10353.6202509527,10154.625499733,14129505.8231937,26255.9744179371,14226250.8600493,384319.290455164,54876.5040340167,"Malawi","All",1,18841350.6633035
"170",170,4610165.50666788,17823.2889672842,26315.7814485097,9411.30103247237,9714.90269055044,14141299.3987659,26620.4837308889,14231184.1566356,384611.429440401,55057.6510108478,"Malawi","All",1,18841350.6633035
"171",171,4605812.4130191,15731.7996438779,23242.1135743595,8547.6947184841,9285.78123442189,14151761.810963,26969.0501501953,14235537.2502844,384869.46963013,55222.2437630445,"Malawi","All",1,18841350.6633035
"172",172,4601971.46570423,13884.6384912645,20524.3311309189,7757.25349187728,8867.9682301385,14161042.9300935,27302.0761615678,14239378.1975993,385097.353694178,55371.6749444951,"Malawi","All",1,18841350.6633035
"173",173,4598582.5439703,12253.5018719072,18121.9261082706,7034.66193348517,8462.03136866952,14169276.0105121,27619.9875387131,14242767.1193332,385298.576995466,55507.2374677775,"Malawi","All",1,18841350.6633035
"174",174,4595592.55286762,10813.3151040488,15998.8406721414,6374.85485860535,8068.41167228664,14176579.4596094,27923.2285193632,14245757.1104359,385476.2362455,55630.1290266,"Malawi","All",1,18841350.6633035
"175",175,4592954.60807616,9541.8817249172,14123.0060759313,5773.02931226353,7687.43573629357,14183058.4449931,28212.2573847807,14248395.0552273,385633.073612372,55741.4568080906,"Malawi","All",1,18841350.6633035
"176",176,4590627.3229696,8419.53760164981,12465.9633571871,5224.65045262828,7319.32736311117,14188806.3190779,28487.5424814366,14250722.3403339,385771.515708485,55842.2423505928,"Malawi","All",1,18841350.6633035
"177",177,4588574.16128724,7428.88813285711,11002.4511508474,4725.45366695112,6964.21859349144,14193905.9318214,28749.5586507081,14252775.5020163,385893.709438522,55933.4264935748,"Malawi","All",1,18841350.6633035
"178",178,4586762.868728,6554.55893630396,9710.05220672018,4271.44273070192,6622.1600416893,14198430.7966049,28998.7840551706,14254586.7945755,386001.553750751,56015.8743070141,"Malawi","All",1,18841350.6633035
"179",179,4585164.9834362,5782.94097947176,8568.92249810625,3858.88396018565,6293.1305773782,14202446.1044828,29235.6973694044,14256184.6798673,386096.727161179,56090.3799884061,"Malawi","All",1,18841350.6633035
"180",180,4583755.38551924,5102.00742494686,7561.48188091216,3484.29944106228,5977.04627103182,14206009.6674523,29460.7753139738,14257594.2777843,386180.713317716,56157.6716077652,"Malawi","All",1,18841350.6633035
"181",181,4582511.90220001,4501.14195044981,6672.14929451165,3144.45821562345,5673.76865577386,14209172.7524813,29674.4905057905,14258837.7611035,386254.82353748,56218.4157079927,"Malawi","All",1,18841350.6633035
"182",182,4581414.9731041,3970.95076548947,5887.15803878606,2836.36511323724,5383.11235026206,14211980.7943344,29877.3095972613,14259934.6901994,386320.215984958,56273.2217581646,"Malawi","All",1,18841350.6633035
"183",183,4580447.33791034,3503.13697606966,5194.32911307441,2557.25003066199,5104.85198699413,14214474.0656018,30069.6916845604,14260902.3253932,386377.913690584,56322.646370644,"Malawi","All",1,18841350.6633035
"184",184,4579593.76179139,3090.38562680007,4582.87414312169,2304.55650594625,4838.72851987972,14216688.2697575,30252.0869588871,14261755.9015121,386428.820453227,56367.1973113357,"Malawi","All",1,18841350.6633035
"185",185,4578840.80803814,2726.22416852589,4043.27554496052,2075.92885147671,4584.45497348993,14218655.0361505,30424.9355764443,14262508.8552654,386473.734035846,56407.3373241672,"Malawi","All",1,18841350.6633035
"186",186,4578176.62186511,2404.93712395991,3567.12287985703,1869.20045448066,4341.72159140628,14220402.3926584,30588.6667302466,14263173.0414384,386513.358776376,56443.4876984459,"Malawi","All",1,18841350.6633035
"187",187,4577590.7388814,2121.49204871663,3146.96512392834,1682.38218068167,4110.20045713634,14221955.1867101,30743.6979015357,14263758.9244221,386548.316792266,56476.0316147072,"Malawi","All",1,18841350.6633035
"188",188,4577073.93179414,1871.43472517377,2776.23773811114,1513.64979924917,3889.54966104999,14223335.4253159,30890.434269904,14264275.7315094,386579.156954788,56505.3173069138,"Malawi","All",1,18841350.6633035
"189",189,4576618.06103667,1650.83136026355,2449.1460190713,1361.33288353434,3679.41697422432,14224562.6067608,31029.26826893,14264731.6022668,386606.363667903,56531.6609794126,"Malawi","All",1,18841350.6633035
"190",190,4576215.94036529,1456.22378366487,2160.55229498668,1223.9042819453,3479.44309472257,14225654.0202135,31160.5792694135,14265133.7229382,386630.364784634,56555.349513667,"Malawi","All",1,18841350.6633035
"191",191,4575861.2344784,1284.54946117997,1905.93589009226,1099.96880456868,3289.26454439656,14226624.9767521,31284.7333727806,14265488.4288251,386651.53763643,56576.6430131662,"Malawi","All",1,18841350.6633035
"192",192,4575548.35609418,1133.10203587447,1681.31123914066,988.253443960559,3108.5161766457,14227489.0410086,31402.0833050764,14265801.3072093,386670.215113038,56595.7771306204,"Malawi","All",1,18841350.6633035
"193",193,4575272.37075273,999.507301420661,1483.13931643607,887.598426407286,2936.83334900399,14228258.2457598,31512.9683977186,14266077.2925508,386686.691295854,56612.9652077667,"Malawi","All",1,18841350.6633035
"194",194,4575028.92924171,881.661054564243,1308.3099666337,796.947523926148,2773.85384047668,14228943.2470355,31617.7146407179,14266320.7340618,386701.225453696,56628.4002833553,"Malawi","All",1,18841350.6633035
"195",195,4574814.19627567,777.702686593422,1154.08368184967,715.339825994617,2619.21947512212,14229553.4865557,31716.6348025962,14266535.4670278,386714.046270677,56642.2569209892,"Malawi","All",1,18841350.6633035
"196",196,4574624.78528673,686.000702236706,1018.02852288987,641.902415117533,2472.57746782807,14230097.3403039,31810.0286047477,14266724.8780168,386725.355716681,56654.6928518888,"Malawi","All",1,18841350.6633035
"197",197,4574457.71114036,605.109120981046,898.007548135289,575.84240463922,2333.58162992115,14230582.2285183,31898.1829412096,14266891.9521631,386735.331852006,56665.8505548395,"Malawi","All",1,18841350.6633035
"198",198,4574310.33972268,533.754757633057,792.131425361183,516.440476290049,2201.89331512965,14231014.7314682,31981.3721381714,14267039.3235808,386744.131823576,56675.8586441756,"Malawi","All",1,18841350.6633035
"199",199,4574180.34784536,470.813139769954,698.73470261951,463.044409593449,2077.18221903509,14231400.6827397,32059.8582473841,14267169.3154581,386751.894248096,56684.833168998,"Malawi","All",1,18841350.6633035
"200",200,4574065.68603898,415.292795801361,616.347087052922,415.063314136622,1959.12701052783,14231745.255694,32133.8913630106,14267283.9772645,386758.74142531,56692.8787843209,"Malawi","All",1,18841350.6633035
"201",201,4573964.54662425,366.318927536498,543.671616081021,371.962213123841,1847.41582903041,14232053.0381334,32203.7099600317,14267385.1166792,386764.78123801,56700.0898247036,"Malawi","All",1,18841350.6633035
"202",202,4573875.3350601,323.119828247774,479.563968975084,333.257058446607,1741.74666050576,14232328.0994773,32269.541249912,14267474.3282434,386770.108857859,56706.5512860661,"Malawi","All",1,18841350.6633035
"203",203,4573796.64470722,285.01474789638,423.014395786066,298.510141794832,1641.82760726577,14232574.0501565,32331.6015470265,14267553.0185963,386774.808248437,56712.3397196318,"Malawi","All",1,18841350.6633035
"204",204,4573727.23448643,251.402895605367,373.131958429128,267.325827551835,1547.37706114103,14232794.0944251,32390.0966492822,14267622.4288171,386778.95349629,56717.5240534125,"Malawi","All",1,18841350.6633035
"205",205,4573666.01017386,221.754616729931,329.130937318815,239.346864945933,1458.12378323326,14232991.0747224,32445.2222050516,14267683.6531296,386782.609925726,56722.1662969587,"Malawi","All",1,18841350.6633035
"206",206,4573612.00637695,195.602596592868,290.318020779347,214.250724105543,1373.80693645989,14233167.5145463,32497.1641022804,14267737.6569265,386785.835173209,56726.322236673,"Malawi","All",1,18841350.6633035
"207",207,4573564.37159702,172.534560143687,256.081689523319,191.74639528703,1294.17603881807,14233325.6541743,32546.0988484084,14267785.2917065,386788.680078014,56730.0420361948,"Malawi","All",1,18841350.6633035
"208",208,4573522.35468748,152.18688551634,225.882355195187,171.571433925518,1218.9908714572,14233467.4831214,32592.1939484894,14267827.308616,386791.189489825,56733.3707885244,"Malawi","All",1,18841350.6633035
"209",209,4573485.29311129,134.238805611659,199.244064947767,153.489272099788,1148.02133867533,14233594.7684315,32635.6082793498,14267864.3701922,386793.402969161,56736.3490133264,"Malawi","All",1,18841350.6633035
"210",210,4573452.60248093,118.407323076743,175.747028591646,137.286758846795,1081.04729303196,14233709.0799611,32676.49245793,14267897.0608226,386795.355411394,56739.0131094383,"Malawi","All",1,18841350.6633035
"211",211,4573423.76729733,104.442871419057,155.0208359155,122.771928560064,1017.85832849488,14233811.8128392,32714.9892025875,14267925.8960062,386797.077599321,56741.3957634263,"Malawi","All",1,18841350.6633035
"212",212,4573398.33286149,92.1252962272116,136.738760127815,109.771964494358,958.25354835168,14233904.2071864,32751.2336863837,14267951.330442,386798.596685824,56743.5263192516,"Malawi","All",1,18841350.6633035
"213",213,4573375.89811825,81.2603497415653,120.61266596043,98.1313492052585,902.041312784333,14233987.3656261,32785.3538814175,14267973.7651852,386799.936620951,56745.431112349,"Malawi","All",1,18841350.6633035
"214",214,4573356.10928523,71.6767504344583,106.388294486703,87.7101895590058,849.038970206564,14234062.26892,32817.4708936188,14267993.5540183,386801.118532176,56747.1337712191,"Malawi","All",1,18841350.6633035
"215",215,4573338.65430554,63.2234072339446,93.8413723114463,78.3826913426528,799.072576649405,14234129.789663,32847.6992874367,14268011.008998,386802.161055524,56748.6554898567,"Malawi","All",1,18841350.6633035
"216",216,4573323.25794664,55.7669905960758,82.7741495764153,70.0357768931132,751.976606333336,14234190.7044334,32876.1474000602,14268026.4053568,386803.080628135,56750.015273535,"Malawi","All",1,18841350.6633035
"217",217,4573309.67741241,49.1899509305906,73.0121067575327,62.5678374528364,707.593656250511,14234245.7046948,32902.9176449105,14268039.9858911,386803.891750231,56751.2301603281,"Malawi","All",1,18841350.6633035
"218",218,4573297.69854063,43.3886014503502,64.4013004056622,55.8875984143723,665.774147642778,14234295.4063107,32928.1068042203,14268051.9647629,386804.607212125,56752.3154209398,"Malawi","All",1,18841350.6633035
"219",219,4573287.13244918,38.2714248144006,56.8060241015263,49.9130924190697,626.376026402224,14234340.3579759,32951.8063106476,14268062.5308543,386805.238294464,56753.2847387778,"Malawi","All",1,18841350.6633035
"220",220,4573277.81251183,33.7577501330869,50.106494996742,44.5707364454398,589.264464131021,14234381.0488281,32974.1025178479,14268071.8507917,386805.794948803,56754.15037188,"Malawi","All",1,18841350.6633035
"221",221,4573269.59175057,29.7764247507918,44.1970462772174,39.7944919293515,554.311561815815,14234417.9150679,32995.0769602171,14268080.0715529,386806.285953306,56754.9232990095,"Malawi","All",1,18841350.6633035
"222",222,4573262.34054479,26.2646300115502,38.9845564646519,35.5251065906488,521.396057285521,14234451.3458066,33014.8066017435,14268087.3227587,386806.719049535,56755.6133509831,"Malawi","All",1,18841350.6633035
"223",223,4573255.94454068,23.1670060824293,34.3868102731167,31.7094347807314,490.403037461792,14234481.6884,33033.364074252,14268093.7187628,386807.101067297,56756.2293287239,"Malawi","All",1,18841350.6633035
"224",224,4573250.30286838,20.4347283552502,30.3312779245714,28.2998197040701,461.223656660061,14234509.2530473,33050.8179051835,14268099.3604351,386807.438031098,56756.7791095389,"Malawi","All",1,18841350.6633035
"225",225,4573245.32657365,18.0246738075473,26.754062482376,25.2535349237864,433.754861428673,14234534.3168619,33067.232735323,14268104.3367298,386807.735253809,56757.2697428161,"Malawi","All",1,18841350.6633035
"226",226,4573240.93717933,15.898862069285,23.5987283967333,22.5322899435692,407.899123048509,14234557.1275949,33082.6695258446,14268108.7261242,386807.997422568,56757.7075351835,"Malawi","All",1,18841350.6633035
"227",227,4573237.06546756,14.0237638474045,20.8155282705039,20.1017721255637,383.564177132408,14234577.9068376,33097.1857569207,14268112.5978359,386808.22867151,56758.0981284008,"Malawi","All",1,18841350.6633035
"228",228,4573233.65038154,12.3698103592023,18.3605723944888,17.9312429134095,360.662771387991,14234596.8529087,33110.8356162452,14268116.0129219,386808.432647348,56758.4465682347,"Malawi","All",1,18841350.6633035
"229",229,4573230.6380706,10.910927211006,16.1951460756802,15.9931746511035,339.112424570485,14234614.1433836,33123.6701767539,14268119.0252329,386808.612566413,56758.7573661216,"Malawi","All",1,18841350.6633035
"230",230,4573227.98102657,9.62409742357741,14.2851077702226,14.2629126662517,318.835185714842,14234629.9374018,33135.7375715322,14268121.6822769,386808.771266222,56759.0345563232,"Malawi","All",1,18841350.6633035
"231",231,4573225.63735124,8.48903645703444,12.6003327528491,12.7183901268568,299.757415432016,14234644.3776269,33147.0831505508,14268124.0259522,386808.911249236,56759.2817441887,"Malawi","All",1,18841350.6633035
"232",232,4573223.57008831,7.48784299331996,11.1142586765699,11.3398547864279,281.809563911188,14234657.5920568,33157.7496379771,14268126.0932152,386809.034722752,56759.5021521076,"Malawi","All",1,18841350.6633035
"233",233,4573221.74663618,6.60472920037882,9.80344891523591,10.1096300601246,264.92596211685,14234669.6956187,33167.7772783679,14268127.9166673,386809.14363398,56759.6986597163,"Malawi","All",1,18841350.6633035
"234",234,4573220.13824233,5.82576962746518,8.64723535973959,9.01190226105191,249.044623777493,14234680.7915563,33177.2039738517,14268129.5250612,386809.239700233,56759.8738395506,"Malawi","All",1,18841350.6633035
"235",235,4573218.71954198,5.13868001181214,7.62738456895606,8.0325244094674,234.107051013394,14234690.972704,33186.0654175201,14268130.9437615,386809.324436488,56760.0299898786,"Malawi","All",1,18841350.6633035
"236",236,4573217.46816236,4.53262526958811,6.72781369819407,7.15884432934139,220.05805245836,14234700.3225883,33194.3952170533,14268132.1951411,386809.399179019,56760.1691633947,"Malawi","All",1,18841350.6633035
"237",237,4573216.36437162,3.99804896522423,5.93433864877783,6.37954950938582,206.845568936958,14234708.9164136,33202.2250122357,14268133.2989319,386809.465106363,56760.2931930615,"Malawi","All",1,18841350.6633035
"238",238,4573215.39076689,3.52652291630593,5.23444916873616,5.6845271084208,194.420506397916,14234716.8219443,33209.584586706,14268134.2725366,386809.523257954,56760.4037153873,"Malawi","All",1,18841350.6633035
"239",239,4573214.5319862,3.11060720841304,4.61710222542414,5.06473236842171,182.736569473916,14234724.1003275,33216.501978492,14268135.1313173,386809.57455133,56760.50219226,"Malawi","All",1,18841350.6633035
"240",240,4573213.77448856,2.74374369814717,4.07256393011994,4.51208563195677,171.750119663879,14234730.8067287,33223.0035732748,14268135.8888149,386809.619795266,56760.5899279868,"Malawi","All",1,18841350.6633035
"241",241,4573213.10633011,2.42014798171082,3.59224823461866,4.01936719334147,161.420026839449,14234736.9909814,33229.1142017789,14268136.5569734,386809.659703143,56760.6680866856,"Malawi","All",1,18841350.6633035
"242",242,4573212.51697385,2.13471695952904,3.168580482041,3.58012600792134,151.707530940969,14234742.6981454,33234.8572298137,14268137.1463296,386809.694904315,56760.7377073487,"Malawi","All",1,18841350.6633035
"243",243,4573211.99712577,1.88294932543002,2.7948797133943,3.18859937491844,142.576111733892,14234747.9689951,33240.2546425017,14268137.6661777,386809.725953894,56760.7997170653,"Malawi","All",1,18841350.6633035
"244",244,4573211.53858814,1.66087496098638,2.46525278270826,2.83964038976465,133.991364918459,14234752.8404583,33245.3271240185,14268138.1247154,386809.753341515,56760.8549429528,"Malawi","All",1,18841350.6633035
"245",245,4573211.13413031,1.46499203526947,2.17450183586873,2.52865280422864,125.920884218532,14234757.3460092,33250.0941330946,14268138.5291732,386809.777499049,56760.9041228481,"Malawi","All",1,18841350.6633035
"246",246,4573210.77737424,1.29221138874516,1.91804213970077,2.25153250864965,118.334149466808,14234761.5160194,33254.5739743505,14268138.8859293,386809.798807446,56760.9479148981,"Malawi","All",1,18841350.6633035
"247",247,4573210.46269382,1.13980848636749,1.69182907435286,2.00461542198361,111.20242063174,14234765.3780705,33258.7838655204,14268139.2006097,386809.817602741,56760.9869060883,"Malawi","All",1,18841350.6633035
"248",248,4573210.18512667,1.0053799963244,1.49229534538006,1.78463082127968,104.498637411201,14234768.9572324,33262.7400008745,14268139.4781768,386809.834181328,56761.021619865,"Malawi","All",1,18841350.6633035
"249",249,4573209.94029576,0.886805751619411,1.31629481353736,1.58865948420902,98.1973240699606,14234772.2763125,33266.4576110982,14268139.7230077,386809.848804639,56761.0525229638,"Malawi","All",1,18841350.6633035
"250",250,4573209.72434008,0.78221623000363,1.16105153163725,1.41409628276902,92.2744993388165,14234775.3560802,33269.9510197687,14268139.9389634,386809.861703286,56761.0800315071,"Malawi","All",1,18841350.6633035
"251",251,4573209.53385415,0.689961954732562,1.02411758413874,1.25861664843373,86.7075911472526,14234778.2154654,33273.2336966158,14268140.1294493,386809.87308067,56761.1045164548,"Malawi","All",1,18841350.6633035
"252",252,4573209.36583406,0.608588129462983,0.903333546923295,1.12014663697572,81.4753559468631,14234780.8717374,33276.3183077431,14268140.2974694,386809.88311621,56761.1263084698,"Malawi","All",1,18841350.6633035
"253",253,4573209.2176302,0.536811476024915,0.796794753494203,0.996836128419876,76.5578024364361,14234783.3406655,33279.2167629606,14268140.4456733,386809.891968163,56761.1457022656,"Malawi","All",1,18841350.6633035
"254",254,4573209.08690543,0.473500128387689,0.702821079186085,0.887034875158622,71.9361194310067,14234785.6366621,33281.9402604113,14268140.5763981,386809.899776121,56761.162960487,"Malawi","All",1,18841350.6633035
"255",255,4573208.97159818,0.417655644823379,0.619930544067898,0.789271038651112,67.5926076121462,14234787.7729118,33284.4993286791,14268140.6917053,386809.906663218,56761.1783171837,"Malawi","All",1,18841350.6633035
"256",256,4573208.86989023,0.368397435053384,0.546816086338201,0.702232204628402,63.5106156568463,14234789.7614858,33286.9038660887,14268140.7934133,386809.912738053,56761.1919808781,"Malawi","All",1,18841350.6633035
"257",257,4573208.7801776,0.324948682569569,0.48232466330077,0.624748041458145,59.6744786912669,14234791.6134473,33289.1631784827,14268140.8831259,386809.918096429,56761.2041373655,"Malawi","All",1,18841350.6633035
"258",258,4573208.70104539,0.286624136626716,0.425439153267329,0.555775062294134,56.0694609699056,14234793.3389445,33291.2860143164,14268140.9622581,386809.922822855,56761.2149521703,"Malawi","All",1,18841350.6633035
"259",259,4573208.6312461,0.252819617510441,0.375262760074302,0.494383354735276,52.6817033159771,14234794.9472916,33293.2805967708,14268141.0320574,386809.926991843,56761.2245726838,"Malawi","All",1,18841350.6633035
"260",260,4573208.56967895,0.223002008980599,0.331004179085821,0.439743789045935,49.49816976264,14234796.4470485,33295.1546562869,14268141.0936245,386809.93066914,56761.2331302221,"Malawi","All",1,18841350.6633035
"261",261,4573208.51537304,0.196701095461243,0.291965465395252,0.391117408101046,46.5066003026232,14234797.8460869,33296.915459307,14268141.1479304,386809.933912735,56761.2407417308,"Malawi","All",1,18841350.6633035
"262",262,4573208.46747218,0.173502213408535,0.257531126494208,0.347845787596969,43.6954659220164,14234799.1516507,33298.5698355834,14268141.1958313,386809.936773769,56761.2475113329,"Malawi","All",1,18841350.6633035
"263",263,4573208.42522096,0.153039509560567,0.227158125072486,0.309342086944498,41.0539245236558,14234800.3704134,33300.1242048971,14268141.2380825,386809.939297359,56761.2535317633,"Malawi","All",1,18841350.6633035
"264",264,4573208.38795274,0.134990125803649,0.200367240350748,0.275083223010813,38.5717800764184,14234801.5085283,33301.584601778,14268141.2753507,386809.941523324,56761.2588856233,"Malawi","All",1,18841350.6633035
"265",265,4573208.35507985,0.119069444579833,0.176736008741352,0.244603372560033,36.2394463614843,14234802.5716711,33302.956697399,14268141.3082236,386809.943486764,56761.2636464195,"Malawi","All",1,18841350.6633035
"266",266,4573208.32608399,0.105026445757116,0.155891840503769,0.217487606629664,34.0479104201052,14234803.5650816,33304.2458216333,14268141.3372195,386809.945218635,56761.2678795822,"Malawi","All",1,18841350.6633035
"267",267,4573208.30050788,0.0926396706667798,0.137506023437366,0.193366269745081,31.9886981879712,14234804.4936017,33305.4569837579,14268141.3627956,386809.946746251,56761.2716433631,"Malawi","All",1,18841350.6633035
"268",268,4573208.2779482,0.0817137871188646,0.121288621121353,0.171910124068158,30.0538428092804,14234805.3617084,33306.5948915108,14268141.3853553,386809.9480937,56761.2749896103,"Malawi","All",1,18841350.6633035
"269",269,4573208.25804921,0.0720764979535221,0.106983892757586,0.152825949991233,28.2358545897431,14234806.1735442,33307.663969143,14268141.4052543,386809.949282232,56761.2779644695,"Malawi","All",1,18841350.6633035
"270",270,4573208.24049709,0.0635758259541831,0.0943662583772577,0.135852628693232,26.5276926920031,14234806.9329446,33308.6683744028,14268141.4228064,386809.950330589,56761.2806090082,"Malawi","All",1,18841350.6633035
"271",271,4573208.22501507,0.0560777200582009,0.0832367417619339,0.120757649045982,24.9227384807936,14234807.6434633,33309.6120145109,14268141.4382884,386809.951255303,56761.2829597715,"Malawi","All",1,18841350.6633035
"272",272,4573208.21135899,0.0494639376419101,0.0734198354937751,0.107333990030529,23.4147704226115,14234808.3083951,33310.4985611875,14268141.4519445,386809.952070957,56761.285049278,"Malawi","All",1,18841350.6633035
"273",273,4573208.1993135,0.0436301814287318,0.0647607316619652,0.0953973416561393,21.9979404544083,14234808.9307965,33311.3314647858,14268141.46399,386809.952790412,56761.2869064612,"Malawi","All",1,18841350.6633035
"274",274,4573208.18868865,0.0384844563500042,0.0571228782567011,0.0847836268157506,20.6667517373063,14234809.5135046,33312.1139675833,14268141.4746148,386809.953425016,56761.2885570629,"Malawi","All",1,18841350.6633035
"275",275,4573208.17931689,0.0339456160158582,0.050385829866252,0.0753467917288893,19.4160377165481,14234810.0591544,33312.8491162812,14268141.4839866,386809.953984774,56761.290023984,"Malawi","All",1,18841350.6633035
"276",276,4573208.17105043,0.0299420840974971,0.0444433468278609,0.0669568363359181,18.2409424130421,14234810.5701946,33313.5397737591,14268141.4922531,386809.954478515,56761.2913275962,"Malawi","All",1,18841350.6633035
"277",277,4573208.16375891,0.0264107273909519,0.0392017171945703,0.0594980586680924,17.1369018759181,14234811.0489021,33314.1886301266,14268141.4995446,386809.954914025,56761.2924860203,"Malawi","All",1,18841350.6633035
"278",278,4573208.15732736,0.0232958575627353,0.0345782828969156,0.052867489973364,16.0996267293483,14234811.4973947,33314.7982131159,14268141.5059761,386809.95529817,56761.2935153742,"Malawi","All",1,18841350.6633035
"279",279,4573208.15165433,0.0205483536709166,0.0305001352155352,0.0469735002157648,15.1250857505345,14234811.9176436,33315.370897852,14268141.5116491,386809.95563701,56761.2944299926,"Malawi","All",1,18841350.6633035
"280",280,4573208.14665039,0.018124889529378,0.0269029620970184,0.0417345554815657,14.2094904192471,14234812.3114842,33315.9089160394,14268141.5166531,386809.955935887,56761.2952426241,"Malawi","All",1,18841350.6633035
"281",281,4573208.1422366,0.0159872479351452,0.0237300377429692,0.0370781106898339,13.3492803826078,14234812.6806265,33316.4143645981,14268141.5210669,386809.956199514,56761.2959646058,"Malawi","All",1,18841350.6633035
"282",282,4573208.13834338,0.0141017183966726,0.0209313274755062,0.0329396231614072,12.5411097819319,14234813.0266639,33316.8892137824,14268141.5249601,386809.95643205,56761.2966060188,"Malawi","All",1,18841350.6633035
"283",283,4573208.13490932,0.0124385676671099,0.0184626955423129,0.0292616739200919,11.7818343914294,14234813.351082,33317.3353148129,14268141.5283942,386809.95663716,56761.2971758271,"Malawi","All",1,18841350.6633035
"284",284,4573208.13188027,0.0109715684865732,0.0162852126404964,0.0259931848584658,11.0684995213891,14234813.6552667,33317.7544070512,14268141.5314232,386809.95681808,56761.2976820006,"Malawi","All",1,18841350.6633035
"285",285,4573208.12920846,0.00967758608843821,0.0143645418688765,0.0230887215516028,10.3983286411354,14234813.9405108,33318.1481247436,14268141.534095,386809.956977662,56761.298131625,"Malawi","All",1,18841350.6633035
"286",286,4573208.12685177,0.00853621562717669,0.012670393903178,0.0205078724090374,9.76871267958385,14234814.2080212,33318.51800336,14268141.5364517,386809.957118423,56761.2985309998,"Malawi","All",1,18841350.6633035
"287",287,4573208.12477303,0.00752945820958222,0.0111760525997002,0.0182146956726951,9.1771999636292,14234814.4589247,33318.8654855521,14268141.5385305,386809.957242583,56761.2988857248,"Malawi","All",1,18841350.6633035
"288",288,4573208.12293945,0.00664143687029555,0.00985795397296615,0.0161772270520981,8.62148675685634,14234814.6942739,33319.1919267537,14268141.540364,386809.957352099,56761.2992007778,"Malawi","All",1,18841350.6633035
"289",289,4573208.12132212,0.00585814853911771,0.0086953111265986,0.0143670414126064,8.09940836321886,14234814.9150521,33319.4986004438,14268141.5419814,386809.957448699,56761.2994805836,"Malawi","All",1,18841350.6633035
"290",290,4573208.11989554,0.00516724123025936,0.00766978940283926,0.0127588624276925,7.60893076236764,14234815.1221782,33319.7867030937,14268141.5434079,386809.957533906,56761.2997290746,"Malawi","All",1,18841350.6633035
"291",291,4573208.11863721,0.00455781879155528,0.00676521794226172,0.0113302151210846,7.14814274522026,14234815.3165115,33320.057358816,14268141.5446663,386809.957609064,56761.2999497461,"Malawi","All",1,18841350.6633035
"292",292,4573208.11752729,0.00402027147142321,0.0059673311208547,0.0100611166597079,6.71524852018098,14234815.4988552,33320.3116237338,14268141.5457762,386809.957675358,56761.3001457043,"Malawi","All",1,18841350.6633035
"293",293,4573208.11654827,0.003546122611019,0.00526354620787507,0.00893380101816073,6.30856076214277,14234815.6699609,33320.5504900875,14268141.5467552,386809.957733833,56761.3003197097,"Malawi","All",1,18841350.6633035
"294",294,4573208.11568472,0.00312789424604748,0.00464276601674767,0.00793247395128837,5.92649407801042,14234815.8305315,33320.7748900927,14268141.5476188,386809.957785412,56761.3004742153,"Malawi","All",1,18841350.6633035
"295",295,4573208.11492301,0.00275899159927294,0.00409520031917528,0.00704309502358566,5.56755886401503,14234815.9812248,33320.9856995677,14268141.5483805,386809.957830907,56761.3006114007,"Malawi","All",1,18841350.6633035
"296",296,4573208.11425114,0.00243359755364714,0.00361221372787614,0.00625318353204357,5.23035553154129,14234816.1226565,33321.1837413403,14268141.5490523,386809.957871037,56761.3007332027,"Malawi","All",1,18841350.6633035
"297",297,4573208.11365851,0.00214657995296821,0.00318619095335102,0.00555164582488739,4.91356907953935,14234816.255403,33321.3697884509,14268141.549645,386809.957906433,56761.300841342,"Malawi","All",1,18841350.6633035
"298",298,4573208.11313577,0.00189341307773294,0.00281041313967095,0.00492862175495773,4.61596399287881,14234816.3800041,33321.5445671614,14268141.5501677,386809.957937656,56761.3009373475,"Malawi","All",1,18841350.6633035
"299",299,4573208.11267469,0.00167010499303131,0.00247895381559029,0.004375347969202,4.33637944722275,14234816.4969652,33321.7087597828,14268141.5506288,386809.957965195,56761.3010225773,"Malawi","All",1,18841350.6633035
"300",300,4573208.11226798,0.00147313341157396,0.00218658719644131,0.00388403628586696,4.07372480213159,14234816.6067596,33321.8630073326,14268141.5510355,386809.957989487,56761.301098238,"Malawi","All",1,18841350.6633035
"301",301,4573208.11190924,0.00129939251747723,0.0019287022594485,0.00344776560441643,3.82697536518374,14234816.709831,33322.0079120316,14268141.5513942,386809.958010914,56761.3011654015,"Malawi","All",1,18841350.6633035
"302",302,4573208.11159281,0.001146142959056,0.00170123155814444,0.0030603856654786,3.59516841092436,14234816.8065949,33322.1440396496,14268141.5517107,386809.958029814,56761.3012250198,"Malawi","All",1,18841350.6633035
"303",303,4573208.1113137,0.00101096726759309,0.00150058913275859,0.00271643143637365,3.37739943940093,14234816.8974407,33322.2719217102,14268141.5519898,386809.958046484,56761.3012779387,"Malawi","All",1,18841350.6633035
"304",304,4573208.11106751,0.000891734036269614,0.00132361054497363,0.0024110470711428,3.17281865994433,14234816.9827334,33322.392057562,14268141.552236,386809.958061189,56761.3013249092,"Malawi","All",1,18841350.6633035
"305",305,4573208.11085036,0.000786563536170191,0.00116750412269056,0.00213991820191541,2.98062768671341,14234817.0628151,33322.5049163245,14268141.5524531,386809.958074159,56761.3013665985,"Malawi","All",1,18841350.6633035
"306",306,4573208.11065881,0.000693796518621664,0.00102980924468345,0.00189921170131766,2.80007643331229,14234817.1380067,33322.6109387174,14268141.5526447,386809.9580856,56761.3014035991,"Malawi","All",1,18841350.6633035
"307",307,4573208.11048986,0.000611970257097352,0.000908354260811525,0.00168552222434177,2.63046019454058,14234817.2086088,33322.7105387782,14268141.5528136,386809.958095691,56761.3014364372,"Malawi","All",1,18841350.6633035
"308",308,4573208.11034083,0.000539794965433778,0.00080122301061805,0.00149582460147595,2.47111690405641,14234817.2749034,33322.8041054768,14268141.5529627,386809.958104592,56761.30146558,"Malawi","All",1,18841350.6633035
"309",309,4573208.11020938,0.000476131756906447,0.00070672713180047,0.00132743147377812,2.32142455739258,14234817.337155,33322.8920042324,14268141.5530941,386809.958112444,56761.3014914424,"Malawi","All",1,18841350.6633035
"310",310,4573208.11009343,0.000419976773886708,0.000623376334011099,0.00117795573466892,2.18079879039126,14234817.3956116,33322.9745783382,14268141.5532101,386809.958119369,56761.3015143931,"Malawi","All",1,18841350.6633035
"311",311,4573208.10999116,0.000370445096603651,0.00054985528467541,0.00104527707738029,2.04869060372538,14234817.4505059,33323.052150301,14268141.5533123,386809.958125478,56761.301534759,"Malawi","All",1,18841350.6633035
"312",312,4573208.10990095,0.000326754967175435,0.000485005569844605,0.000927512209787975,1.92458422472506,14234817.502056,33323.1250230986,14268141.5534025,386809.958130866,56761.3015528307,"Malawi","All",1,18841350.6633035
"313",313,4573208.10982138,0.000288217410986345,0.000427804532965641,0.000822988483951807,1.80799509824757,14234817.5504667,33323.1934813622,14268141.5534821,386809.958135618,56761.3015688662,"Malawi","All",1,18841350.6633035
"314",314,4573208.10975119,0.000254225359283051,0.000377349166614078,0.000730220404643257,1.69846799883306,14234817.59593,33323.2577924866,14268141.5535523,386809.958139811,56761.3015830943,"Malawi","All",1,18841350.6633035
"315",315,4573208.10968928,0.000224242162493634,0.000332844712572511,0.000647888693380824,1.59557525684691,14234817.6386263,33323.3182076737,14268141.5536142,386809.958143508,56761.3015957185,"Malawi","All",1,18841350.6633035
"316",316,4573208.10963467,0.000197794917464323,0.000293589471909065,0.000574821784875802,1.49891509174142,14234817.6787246,33323.3749629127,14268141.5536688,386809.95814677,56761.3016069191,"Malawi","All",1,18841350.6633035
"317",317,4573208.10958651,0.000174467236664785,0.000258963402967593,0.000509979342122218,1.40811004599033,14234817.7163836,33323.428279901,14268141.553717,386809.958149647,56761.3016168563,"Malawi","All",1,18841350.6633035
"318",318,4573208.10954402,0.000153890703628475,0.00022842127995636,0.000452437542056414,1.32280551363203,14234817.7517523,33323.4783669092,14268141.5537595,386809.958152185,56761.3016256725,"Malawi","All",1,18841350.6633035
"319",319,4573208.10950655,0.000135740677134697,0.000201481699328923,0.000401376100096963,1.24266835771504,14234817.7849704,33323.5254195944,14268141.5537969,386809.958154423,56761.3016334938,"Malawi","All",1,18841350.6633035
"320",320,4573208.10947349,0.000119731626011437,0.000177718813967766,0.000356066711337015,1.16738561129084,14234817.8161691,33323.5696217636,14268141.55383,386809.958156397,56761.3016404324,"Malawi","All",1,18841350.6633035
"321",321,4573208.10944433,0.000105610610550847,0.00015675860992142,0.0003158627083412,1.09666325691792,14234817.8454716,33323.6111460912,14268141.5538592,386809.958158139,56761.3016465875,"Malawi","All",1,18841350.6633035
"322",322,4573208.10941861,0.0000931547178940407,0.000138270894480406,0.000280189967609439,1.03022507993656,14234817.8729934,33323.6501547933,14268141.5538849,386809.958159675,56761.3016520476,"Malawi","All",1,18841350.6633035
"323",323,4573208.10939593,0.0000821682145032762,0.000121963098065076,0.000248538812712886,0.967811591067593,14234817.8988431,33323.6868002605,14268141.5539076,386809.95816103,56761.301656891,"Malawi","All",1,18841350.6633035
"324",324,4573208.10937592,0.0000724774328069483,0.000107578668792285,0.000220456743254222,0.90917901415413,14234817.9231224,33323.7212256535,14268141.5539276,386809.958162225,56761.3016611872,"Malawi","All",1,18841350.6633035
"325",325,4573208.10935827,0.000063929255954657,0.0000948912108124997,0.000195542065286936,0.854098335109132,14234817.9459271,33323.7535654612,14268141.5539452,386809.958163279,56761.3016649979,"Malawi","All",1,18841350.6633035
"326",326,4573208.1093427,0.0000563895681230425,0.0000836996303595023,0.000173438226496945,0.802354408377222,14234817.9673468,33323.7839460268,14268141.5539608,386809.958164209,56761.3016683779,"Malawi","All",1,18841350.6633035
"327",327,4573208.10932897,0.0000497391278877638,0.0000738279505304926,0.000153828701761649,0.753745117440537,14234817.987466,33323.8124860401,14268141.5539745,386809.958165029,56761.3016713759,"Malawi","All",1,18841350.6633035
"328",328,4573208.10931686,0.0000438727025637246,0.0000651210300250091,0.000136432533443495,0.708080586099534,14234818.0063636,33323.839297002,14268141.5539866,386809.958165753,56761.3016740348,"Malawi","All",1,18841350.6633035
"329",329,4573208.10930618,0.0000386984526498325,0.0000574405671227035,0.00012100037451256,0.665182437464545,14234818.0241141,33323.8644836589,14268141.5539973,386809.958166391,56761.3016763929,"Malawi","All",1,18841350.6633035
"330",330,4573208.10929675,0.0000341345116609758,0.0000506658456246678,0.000107310888174084,0.624883097778706,14234818.0407871,33323.8881444124,14268141.5540067,386809.958166954,56761.3016784844,"Malawi","All",1,18841350.6633035
"331",331,4573208.10928844,0.0000301084961072976,0.0000446906423016497,0.0000951676260443627,0.587025142358294,14234818.0564482,33323.9103717034,14268141.5540151,386809.95816745,56761.3016803392,"Malawi","All",1,18841350.6633035
"332",332,4573208.10928111,0.0000265575672478376,0.0000394197658546016,0.0000843962703078838,0.551460681107392,14234818.071159,33323.931252373,14268141.5540224,386809.958167888,56761.301681984,"Malawi","All",1,18841350.6633035
"333",333,4573208.10927464,0.0000234255313578685,0.0000347703890231623,0.0000748420962750745,0.518050781218389,14234818.084977,33323.950868002,14268141.5540289,386809.958168274,56761.3016834427,"Malawi","All",1,18841350.6633035
"334",334,4573208.10926894,0.0000206625386274263,0.0000306698740346564,0.0000663677867798187,0.48666492480548,14234818.0979567,33323.969295229,14268141.5540346,386809.958168615,56761.3016847363,"Malawi","All",1,18841350.6633035
"335",335,4573208.1092639,0.0000182256385433292,0.0000270526359418763,0.0000588515158204599,0.457180499360848,14234818.1101489,33323.98660605,14268141.5540396,386809.958168915,56761.3016858833,"Malawi","All",1,18841350.6633035
"336",336,4573208.10925947,0.000016076278562065,0.0000238618157780549,0.000052185157480915,0.429482319052657,14234818.1216015,33324.0028680999,14268141.554044,386809.95816918,56761.3016869004,"Malawi","All",1,18841350.6633035
"337",337,4573208.10925555,0.0000141800658872529,0.0000210478351106676,0.0000462727546705552,0.403462174995068,14234818.1323594,33324.0181449161,14268141.5540479,386809.958169414,56761.3016878023,"Malawi","All",1,18841350.6633035
"338",338,4573208.1092521,0.0000125076829117106,0.0000185654503771664,0.000041029193093972,0.379018412739157,14234818.1424647,33324.032496187,14268141.5540514,386809.95816962,56761.3016886021,"Malawi","All",1,18841350.6633035
"339",339,4573208.10924905,0.0000110327054317508,0.0000163755915355048,0.0000363789344539661,0.356055535316295,14234818.1519571,33324.0459779852,14268141.5540544,386809.958169802,56761.3016893112,"Malawi","All",1,18841350.6633035
"340",340,4573208.10924637,0.00000973136372964491,0.0000144444801115042,0.0000322549406643607,0.334483829410556,14234818.1608739,33324.0586429868,14268141.5540571,386809.958169963,56761.3016899399,"Malawi","All",1,18841350.6633035
"341",341,4573208.109244,0.00000858359052220126,0.000012740978090489,0.0000285977523301025,0.31421901342984,14234818.1692499,33324.0705406786,14268141.5540595,386809.958170104,56761.3016904973,"Malawi","All",1,18841350.6633035
"342",342,4573208.10924191,0.00000757136130842242,0.0000112381200559596,0.0000253546235601974,0.295181917113015,14234818.177118,33324.0817175456,14268141.5540616,386809.958170229,56761.3016909915,"Malawi","All",1,18841350.6633035
"343",343,4573208.10924006,0.00000667836417797462,0.00000991273366446163,0.0000224787464749164,0.277298166174924,14234818.1845089,33324.0922172569,14268141.5540634,386809.958170339,56761.3016914297,"Malawi","All",1,18841350.6633035
"344",344,4573208.10923844,0.0000058906603332101,0.00000874370411431361,0.0000199286014280663,0.260497889213249,14234818.1914518,33324.1020808372,14268141.5540651,386809.958170436,56761.3016918182,"Malawi","All",1,18841350.6633035
"345",345,4573208.109237,0.0000051959670163307,0.00000771238932402179,0.0000176673557837904,0.244715447282299,14234818.1979737,33324.1113468262,14268141.5540665,386809.958170522,56761.3016921626,"Malawi","All",1,18841350.6633035
"346",346,4573208.10923574,0.000004583159942636,0.00000680277668449898,0.0000156623267096038,0.229889177692561,14234818.2041001,33324.1200514286,14268141.5540678,386809.958170598,56761.3016924679,"Malawi","All",1,18841350.6633035
"347",347,4573208.10923462,0.00000404258380195308,0.00000600050903758449,0.0000138845267418901,0.215961153156416,14234818.2098551,33324.1282286558,14268141.5540689,386809.958170664,56761.3016927385,"Malawi","All",1,18841350.6633035
"348",348,4573208.10923364,0.00000356581669746447,0.00000529278203010066,0.0000123082454326754,0.202876955540184,14234818.2152613,33324.1359104588,14268141.5540699,386809.958170723,56761.3016929785,"Malawi","All",1,18841350.6633035
"349",349,4573208.10923277,0.00000314527693262852,0.00000466852870454391,0.0000109106724640603,0.190585463323111,14234818.2203397,33324.1431268526,14268141.5540707,386809.958170775,56761.3016931912,"Malawi","All",1,18841350.6633035
"350",350,4573208.109232,0.0000027743041679375,0.00000411795273736578,0.00000967158125343072,0.17903865533552,14234818.2251102,33324.1499060322,14268141.5540715,386809.958170821,56761.3016933797,"Malawi","All",1,18841350.6633035
"351",351,4573208.10923133,0.00000244710921917172,0.00000363227902707925,0.00000857302746183542,0.168191415641102,14234818.2295916,33324.1562744864,14268141.5540722,386809.958170861,56761.3016935468,"Malawi","All",1,18841350.6633035
"352",352,4573208.10923073,0.00000215851405414761,0.00000320386737326485,0.00000759908737101607,0.158001357592989,14234818.2338014,33324.1622571017,14268141.5540728,386809.958170897,56761.301693695,"Malawi","All",1,18841350.6633035
"353",353,4573208.1092302,0.00000190392619462399,0.00000282602469711464,0.00000673564500485105,0.14842866670034,14234818.2377559,33324.1678772541,14268141.5540733,386809.958170928,56761.3016938263,"Malawi","All",1,18841350.6633035
"354",354,4573208.10922974,0.00000167937885847673,0.00000249272320376849,0.00000597018414009626,0.139435941319115,14234818.2414708,33324.1731569032,14268141.5540738,386809.958170956,56761.3016939427,"Malawi","All",1,18841350.6633035
"355",355,4573208.10922933,0.00000148132634014668,0.00000219871358055345,0.00000529160138775407,0.130988044792913,14234818.2449605,33324.1781166784,14268141.5540742,386809.95817098,56761.3016940458,"Malawi","All",1,18841350.6633035
"356",356,4573208.10922897,0.00000130660491860353,0.00000193941961640406,0.00000469004882031623,0.12305196907434,14234818.2482387,33324.1827759594,14268141.5540745,386809.958171002,56761.3016941373,"Malawi","All",1,18841350.6633035
"357",357,4573208.10922865,0.00000115250350392654,0.00000171068674312464,0.00000415679534209519,0.115596705799065,14234818.2513182,33324.187152952,14268141.5540748,386809.958171021,56761.3016942183,"Malawi","All",1,18841350.6633035
"358",358,4573208.10922837,0.00000101659168534525,0.00000150890834683638,0.00000368409698606228,0.108593125155755,14234818.254211,33324.1912647587,14268141.5540751,386809.958171038,56761.3016942901,"Malawi","All",1,18841350.6633035
"359",359,4573208.10922813,0.000000896682698690508,0.00000133096702048781,0.0000032650852798787,0.102013862091938,14234818.2569286,33324.195127446,14268141.5540754,386809.958171052,56761.3016943538,"Malawi","All",1,18841350.6633035
"360",360,4573208.10922791,0.000000790925979372575,0.00000117399680225393,0.00000289367187855283,0.0958332094043434,14234818.2594814,33324.1987561071,14268141.5540756,386809.958171065,56761.3016944102,"Malawi","All",1,18841350.6633035
"361",361,4573208.10922772,0.000000697659003559548,0.00000103551458876846,0.00000256445711772501,0.0900270173084872,14234818.2618795,33324.2021649206,14268141.5540758,386809.958171077,56761.3016944602,"Malawi","All",1,18841350.6633035
"362",362,4573208.10922755,0.000000615364626175587,0.000000913405283823378,0.00000227265142881617,0.0845725990277074,14234818.2641323,33324.2053672063,14268141.554076,386809.958171087,56761.3016945045,"Malawi","All",1,18841350.6633035
"363",363,4573208.1092274,0.000000542788244879546,0.000000805679241538688,0.00000201401053576733,0.0794486422842634,14234818.2662486,33324.2083754768,14268141.5540761,386809.958171096,56761.3016945438,"Malawi","All",1,18841350.6633035
"364",364,4573208.10922726,0.000000478791691653651,0.000000710628412815748,0.00000178477034533032,0.0746351260564086,14234818.2682367,33324.2112014867,14268141.5540762,386809.958171104,56761.3016945786,"Malawi","All",1,18841350.6633035
"365",365,4573208.10922715,0.000000422299533748519,0.000000626852214084577,0.0000015815911964519,0.0701132422225598,14234818.2701042,33324.2138562785,14268141.5540764,386809.958171111,56761.3016946094,"Malawi","All",1,18841350.6633035
