"","time","S","E","I","H","C","R","D","inci","hosp","crits","lvl2","lvl3","lvl4","ID","POP","age","tot_pop","start"
"1",1,41319.66298,0,1,0,0,0,0,0,0,0,"Malawi","Mulanje","TA Nkanda and Mulanje Mountain Reserve",27,41320.66298,"Adults",126885.64875,75
"2",2,41318.6350526021,0.891331194785921,0.875506080359614,0.00583354956668052,0.0001073949026476,0.255148221534704,9.56732481129191e-07,1.02792739788205,0.00661117578874427,0.00011207639561241,"Malawi","Mulanje","TA Nkanda and Mulanje Mountain Reserve",27,41320.66298,"Adults",126885.64875,75
"3",3,41317.6133719147,1.56070608027731,0.968301966575069,0.0103699224987978,0.000372045957801731,0.509851265208851,6.8047703001117e-06,2.04960808528813,0.0131823384724483,0.000405343128030053,"Malawi","Mulanje","TA Nkanda and Mulanje Mountain Reserve",27,41320.66298,"Adults",126885.64875,75
"4",4,41316.404908124,2.22942634817709,1.20108382908115,0.0149844833669076,0.000757826189063278,0.811798403136956,2.09860476145861e-05,3.25807187599878,0.0209550472804631,0.000860515327568226,"Malawi","Mulanje","TA Nkanda and Mulanje Mountain Reserve",27,41320.66298,"Adults",126885.64875,75
"5",5,41314.8658880645,3.0223180287833,1.55627301364942,0.0204760114261844,0.00126786705790293,1.19671043960433,4.6574974875637e-05,4.79709193549602,0.0308541875056415,0.00149576819172789,"Malawi","Mulanje","TA Nkanda and Mulanje Mountain Reserve",27,41320.66298,"Adults",126885.64875,75
"6",6,41312.8535858823,4.03297276949825,2.04673652543145,0.0274648080699734,0.00192816367848649,1.70020481344125,8.70375233160177e-05,6.80939411764272,0.0437980966197599,0.00235405655984611,"Malawi","Mulanje","TA Nkanda and Mulanje Mountain Reserve",27,41320.66298,"Adults",126885.64875,75
"7",7,41310.2588312137,5.30250478195113,2.69829592747499,0.0365693640127701,0.00278237442357598,2.36384960454889,0.000146733882333272,9.40414878629369,0.060856214900733,0.00350037412714175,"Malawi","Mulanje","TA Nkanda and Mulanje Mountain Reserve",27,41320.66298,"Adults",126885.64875,75
"8",8,41306.8402575033,6.97775609269678,3.55400067430423,0.0484806962902975,0.00389092656515224,3.23836275393366,0.00023135284898428,12.8227224966391,0.0833319649373614,0.0050229846443662,"Malawi","Mulanje","TA Nkanda and Mulanje Mountain Reserve",27,41320.66298,"Adults",126885.64875,75
"9",9,41302.3388507558,9.18468512143441,4.67959583979644,0.0640947495725662,0.00533378116017596,4.39007138651229,0.000348365669842042,17.3241292441457,0.112929745026146,0.0070384075470862,"Malawi","Mulanje","TA Nkanda and Mulanje Mountain Reserve",27,41320.66298,"Adults",126885.64875,75
"10",10,41296.4129811744,12.0902671769344,6.16091557750877,0.0845938900136676,0.00721659212004072,5.90649798987443,0.000507599115730827,23.249998825567,0.15189861322547,0.00970038120017428,"Malawi","Mulanje","TA Nkanda and Mulanje Mountain Reserve",27,41320.66298,"Adults",126885.64875,75
"11",11,41288.6128712093,15.9146508533283,8.11059099963804,0.111533779560836,0.00967881912507357,7.90293234745113,0.000721991589488259,31.0501087906929,0.20320112247269,0.0132116756063882,"Malawi","Mulanje","TA Nkanda and Mulanje Mountain Reserve",27,41320.66298,"Adults",126885.64875,75
"12",12,41278.3468997805,20.9474503509541,10.6766297753636,0.146959674723854,0.0129043136686814,10.5311275195262,0.00100858527149445,41.3160802195079,0.270736753303709,0.0178395332269634,"Malawi","Mulanje","TA Nkanda and Mulanje Mountain Reserve",27,41320.66298,"Adults",126885.64875,75
"13",13,41264.8373310764,27.5692466276709,14.0535608449845,0.193560126291182,0.0171352175940631,13.9907562779499,0.00138982910358986,54.8256489235941,0.359636284006726,0.0239359432922909,"Malawi","Mulanje","TA Nkanda and Mulanje Mountain Reserve",27,41320.66298,"Adults",126885.64875,75
"14",14,41247.2656842065,36.1011699015559,18.4743526962423,0.25481741733115,0.02268981397571,18.5423706723819,0.00189529202045004,72.3972957935075,0.476594250094573,0.0319638758843489,"Malawi","Mulanje","TA Nkanda and Mulanje Mountain Reserve",27,41320.66298,"Adults",126885.64875,75
"15",15,41224.1972393436,47.3243952684972,24.252705606693,0.335145760786969,0.0299819660694532,24.5209482122065,0.00256384208484331,95.465740656338,0.630215999790827,0.0425273838532335,"Malawi","Mulanje","TA Nkanda and Mulanje Mountain Reserve",27,41320.66298,"Adults",126885.64875,75
"16",16,41193.9428028507,62.0488686886714,31.8207796010041,0.440400468849936,0.0395500385842454,32.3671319103889,0.00344644179724034,125.720177149296,0.831822432682912,0.0564142021259344,"Malawi","Mulanje","TA Nkanda and Mulanje Mountain Reserve",27,41320.66298,"Adults",126885.64875,75
"17",17,41154.2882619955,81.3427161373062,41.73695261703,0.578307656115704,0.0520984527150875,42.6600333225912,0.00460981866489362,165.374718004423,1.09629264552273,0.0746552636046681,"Malawi","Mulanje","TA Nkanda and Mulanje Mountain Reserve",27,41320.66298,"Adults",126885.64875,75
"18",18,41102.3419466806,106.601404770433,54.7273180075944,0.758994647686736,0.0685504242060479,56.1586240953422,0.00614137406254316,217.321033319325,1.44312691589435,0.0986014573162968,"Malawi","Mulanje","TA Nkanda and Mulanje Mountain Reserve",27,41320.66298,"Adults",126885.64875,75
"19",19,41034.3386003328,139.638135113,71.7365462654569,0.995694262166822,0.0901150701739037,73.8557333788622,0.00815557754216824,285.324379667202,1.89783368863898,0.13002202393653,"Malawi","Mulanje","TA Nkanda and Mulanje Mountain Reserve",27,41320.66298,"Adults",126885.64875,75
"20",20,40945.3889555654,182.798844439419,93.9919194544078,1.30566441498615,0.118374379728785,97.0484193972363,0.0108023487268654,374.274024434505,2.49373718491906,0.171232540777692,"Malawi","Mulanje","TA Nkanda and Mulanje Mountain Reserve",27,41320.66298,"Adults",126885.64875,75
"21",21,40825.1312303387,242.645744982957,123.533457543837,1.7123933342128,0.155404120455023,127.47047171797,0.0142779617738348,494.531749661206,3.2753917262908,0.225269186097141,"Malawi","Mulanje","TA Nkanda and Mulanje Mountain Reserve",27,41320.66298,"Adults",126885.64875,75
"22",22,40667.3137653555,320.506352435059,162.841520253008,2.24955861991532,0.204006593524191,167.528936331554,0.0188404113465669,652.349214644406,4.30467742025621,0.296196683139403,"Malawi","Mulanje","TA Nkanda and Mulanje Mountain Reserve",27,41320.66298,"Adults",126885.64875,75
"23",23,40460.1612225161,422.203207975688,214.70115451344,2.95964898317228,0.26794771728577,220.344967104192,0.0248311900545024,859.501757483833,5.66180623273556,0.389451945312833,"Malawi","Mulanje","TA Nkanda and Mulanje Mountain Reserve",27,41320.66298,"Adults",126885.64875,75
"24",24,40188.7634646498,554.854760676667,282.81253730699,3.89657599384261,0.352176486785237,289.950762362088,0.0327025236974491,1130.89951535007,7.45038108425285,0.512196803478629,"Malawi","Mulanje","TA Nkanda and Mulanje Mountain Reserve",27,41320.66298,"Adults",126885.64875,75
"25",25,39834.3237991891,727.205801973441,371.931876589776,5.12944222012788,0.463138639981485,381.56586996141,0.0430514261246992,1485.33918081086,9.80449650946157,0.673798309746174,"Malawi","Mulanje","TA Nkanda and Mulanje Mountain Reserve",27,41320.66298,"Adults",126885.64875,75
"26",26,39373.4588754646,949.831105699987,488.042037240328,6.7465095529737,0.609182449948355,501.918606689302,0.0566629027586987,1946.2041045353,12.896989309522,0.886445933589562,"Malawi","Mulanje","TA Nkanda and Mulanje Mountain Reserve",27,41320.66298,"Adults",126885.64875,75
"27",27,38777.6742727452,1235.13071846038,638.507910967851,8.85935294523575,0.801056050591431,659.61510410779,0.0745647228520977,2541.9887072547,16.9489024798777,1.16591689972151,"Malawi","Mulanje","TA Nkanda and Mulanje Mountain Reserve",27,41320.66298,"Adults",126885.64875,75
"28",28,37987.8201164097,1619.26009768777,835.005883660372,11.6134423614764,1.05254459226109,865.812799039717,0.0980962485916551,3331.8428635902,22.246824780464,1.5325501389674,"Malawi","Mulanje","TA Nkanda and Mulanje Mountain Reserve",27,41320.66298,"Adults",126885.64875,75
"29",29,36979.5377348014,2098.87058284467,1090.1777767186,15.2061446087275,1.38165708195986,1135.3600839292,0.129000015407876,4340.12524519857,29.1722365183858,2.01288125016162,"Malawi","Mulanje","TA Nkanda and Mulanje Mountain Reserve",27,41320.66298,"Adults",126885.64875,75
"30",30,35706.6392159539,2690.4077472824,1415.40991819905,19.8647345334062,1.8115331464018,1486.36028762489,0.169543259866274,5613.02376404603,38.189938166788,2.64114392470229,"Malawi","Mulanje","TA Nkanda and Mulanje Mountain Reserve",27,41320.66298,"Adults",126885.64875,75
"31",31,34125.4783326327,3403.90494950881,1822.58776778105,25.8418155327155,2.37073681396502,1940.25672462745,0.222653103210133,7194.18464736721,49.850098836402,3.46022520997009,"Malawi","Mulanje","TA Nkanda and Mulanje Mountain Reserve",27,41320.66298,"Adults",126885.64875,75
"32",32,32202.2239796917,4238.1777802209,2321.79680384128,33.4056280850257,3.09334979258488,2521.67338129809,0.292057070363382,9117.43900030826,64.7839827403944,4.52244637621454,"Malawi","Mulanje","TA Nkanda and Mulanje Mountain Reserve",27,41320.66298,"Adults",126885.64875,75
"33",33,29923.254686753,5174.51821639823,2918.17636131538,42.815060246054,4.01846659454207,3257.49776931926,0.38241937348864,11396.408293247,83.6800836273448,5.88972490541408,"Malawi","Mulanje","TA Nkanda and Mulanje Mountain Reserve",27,41320.66298,"Adults",126885.64875,75
"34",34,27306.9530163471,6170.78600913402,3607.99108104578,54.277302389008,5.18861137281764,4174.9675077617,0.49945194945351,14012.7099636528,107.234564780211,7.63253465727402,"Malawi","Mulanje","TA Nkanda and Mulanje Mountain Reserve",27,41320.66298,"Adults",126885.64875,75
"35",35,24530.624847412,7056.83926328584,4360.7860658132,67.8560258694913,6.64629470426642,5297.26052020697,0.649962708150853,16789.0381325879,136.037185479473,9.82669874156422,"Malawi","Mulanje","TA Nkanda and Mulanje Mountain Reserve",27,41320.66298,"Adults",126885.64875,75
"36",36,21585.5514992689,7866.9596452939,5138.87139999872,83.3497903170201,8.42655077413594,6636.66232457548,0.841769771752188,19734.111480731,170.395016954884,12.5455070572933,"Malawi","Mulanje","TA Nkanda and Mulanje Mountain Reserve",27,41320.66298,"Adults",126885.64875,75
"37",37,18601.3819673105,8506.93346228502,5904.58087634264,100.379938330541,10.5502981626043,8195.75302247645,1.083415092207,22718.2810126895,210.364548909122,15.8516757495239,"Malawi","Mulanje","TA Nkanda and Mulanje Mountain Reserve",27,41320.66298,"Adults",126885.64875,75
"38",38,15713.8485773398,8901.0658927823,6608.31759726378,118.366040017301,13.019790274194,9964.66133486459,1.38374745791798,25605.8144026601,255.681410228453,19.7907572028712,"Malawi","Mulanje","TA Nkanda and Mulanje Mountain Reserve",27,41320.66298,"Adults",126885.64875,75
"39",39,13043.914705826,9005.77235144759,7197.91985529206,136.524655771942,15.8137544970477,11918.9662747836,1.75138238165551,28275.7482741739,305.707068243724,24.3836363189085,"Malawi","Mulanje","TA Nkanda and Mulanje Mountain Reserve",27,41320.66298,"Adults",126885.64875,75
"40",40,10678.9712863855,8817.79269500291,7628.55755235752,153.931197811257,18.8841801587629,14020.3320150863,2.194053197643,30640.6916936144,359.446373148103,29.6201432537569,"Malawi","Mulanje","TA Nkanda and Mulanje Mountain Reserve",27,41320.66298,"Adults",126885.64875,75
"41",41,8663.581739454,8372.00810015262,7870.8423397395,169.626621148659,22.1564523929056,16219.7298037724,2.71792333982743,32656.0812405459,415.631829051061,35.4558221177404,"Malawi","Mulanje","TA Nkanda and Mulanje Mountain Reserve",27,41320.66298,"Adults",126885.64875,75
"42",42,7720.13077210018,7109.64652567457,7825.99750374337,182.523251023479,25.5314097310978,18453.5065794081,3.32693831913176,33599.5322078997,472.621696799031,41.81081765607,"Malawi","Mulanje","TA Nkanda and Mulanje Mountain Reserve",27,41320.66298,"Adults",126885.64875,75
"43",43,6898.91437127255,6054.43941111757,7507.00137029919,191.293307799934,28.8779140170818,20636.1144896236,4.02211586999056,34420.7486087274,528.212866148314,48.558971700823,"Malawi","Mulanje","TA Nkanda and Mulanje Mountain Reserve",27,41320.66298,"Adults",126885.64875,75
"44",44,6201.94019453401,5153.53447685516,7025.90601820953,195.493084143863,32.0492925129521,22706.939064022,4.80084972246346,35117.7227854659,580.855476645199,55.540858487902,"Malawi","Mulanje","TA Nkanda and Mulanje Mountain Reserve",27,41320.66298,"Adults",126885.64875,75
"45",45,5618.79449312048,4377.79388260461,6457.23008670161,195.35997323507,34.914089021597,24630.9135220226,5.65693329394236,35700.8684868794,629.664112506303,62.5946517079765,"Malawi","Mulanje","TA Nkanda and Mulanje Mountain Reserve",27,41320.66298,"Adults",126885.64875,75
"46",46,5134.68212534065,3709.02172109168,5851.32672599605,191.47015298051,37.3709062687322,26390.2101797569,6.58116856543207,36184.9808546593,674.199140465319,69.5739462480347,"Malawi","Mulanje","TA Nkanda and Mulanje Mountain Reserve",27,41320.66298,"Adults",126885.64875,75
"47",47,4734.34826169101,3133.8878030964,5242.23469330736,184.536910059155,39.3525889498897,27978.7405201121,7.56220278400569,36585.3147183089,714.3224640539,76.3560353992117,"Malawi","Mulanje","TA Nkanda and Mulanje Mountain Reserve",27,41320.66298,"Adults",126885.64875,75
"48",48,4403.78892514314,2641.26687595175,4652.53906230513,175.293439900378,40.8246188800738,29398.3626658614,8.58739195802216,36915.8740548568,750.098504945853,82.8445312698991,"Malawi","Mulanje","TA Nkanda and Mulanje Mountain Reserve",27,41320.66298,"Adults",126885.64875,75
"49",49,4130.85315893275,2221.18180225092,4096.60779204784,164.426537999235,41.7806972586964,30656.1694095703,9.64358194024078,37188.8098210672,781.723760874741,88.9687690544025,"Malawi","Mulanje","TA Nkanda and Mulanje Mountain Reserve",27,41320.66298,"Adults",126885.64875,75
"50",50,3905.31380071867,1864.46289111431,3582.86767481965,152.542195213147,42.2371968318369,31762.5214618907,10.7177594115938,37414.3491792812,809.476009492608,94.6814445955225,"Malawi","Mulanje","TA Nkanda and Mulanje Mountain Reserve",27,41320.66298,"Adults",126885.64875,75
"51",51,3718.70518708967,1562.69181893665,3115.46976241768,140.151287863398,42.2274669089071,32729.6198988085,11.7975579751416,37600.9577929102,833.677666952771,99.9553958252333,"Malawi","Mulanje","TA Nkanda and Mulanje Mountain Reserve",27,41320.66298,"Adults",126885.64875,75
"52",52,3564.08225420454,1308.22510637963,2695.54127141509,127.667607247926,41.7965556571069,33570.4785618673,12.871623228348,37755.5807257954,854.669593321523,104.780111434453,"Malawi","Mulanje","TA Nkanda and Mulanje Mountain Reserve",27,41320.66298,"Adults",126885.64875,75
"53",53,3435.77112635173,1094.21800549624,2322.13318192659,115.41327536541,40.9966282390706,34298.200911545,13.9298510758719,37883.8918536482,872.79280861906,109.158315125232,"Malawi","Mulanje","TA Nkanda and Mulanje Mountain Reserve",27,41320.66298,"Adults",126885.64875,75
"54",54,3329.14210587871,914.622997914913,1992.93630544621,103.628201694493,39.8831764268616,34925.4866724629,14.9635201758469,37990.5208741212,888.376147204615,113.102823312211,"Malawi","Mulanje","TA Nkanda and Mulanje Mountain Reserve",27,41320.66298,"Adults",126885.64875,75
"55",55,3240.41516045562,764.16012864719,1704.81264444642,92.4814617968697,38.5120390764608,35464.31620898,15.9653365973516,38079.2478195443,901.728479521998,116.633784115486,"Malawi","Mulanje","TA Nkanda and Mulanje Mountain Reserve",27,41320.66298,"Adults",126885.64875,75
"56",56,3166.49884703022,638.265702417024,1454.18601631882,82.0830017047757,36.9371689776637,35925.762831038,16.9294125134192,38153.1641329697,913.134198700578,119.776339950934,"Malawi","Mulanje","TA Nkanda and Mulanje Mountain Reserve",27,41320.66298,"Adults",126885.64875,75
"57",57,3104.85875896893,533.028017582837,1237.32186586648,72.4949038859325,35.2090409127944,36319.8991957214,17.851197061596,38214.804221031,922.85109371818,122.558697275113,"Malawi","Mulanje","TA Nkanda and Mulanje Mountain Reserve",27,41320.66298,"Adults",126885.64875,75
"58",58,3053.41198911193,445.116796596929,1050.51819012697,63.741644172357,33.373626598641,36655.7733607264,18.7273726667027,38266.250990888,931.109974179553,125.010594212694,"Malawi","Mulanje","TA Nkanda and Mulanje Mountain Reserve",27,41320.66298,"Adults",126885.64875,75
"59",59,3010.44219873975,371.712143357031,890.233322142332,55.8190637593449,31.4718066848376,36941.4287133485,19.5557319680848,38309.2207812602,938.115384125316,127.162110334036,"Malawi","Mulanje","TA Nkanda and Mulanje Mountain Reserve",27,41320.66298,"Adults",126885.64875,75
"60",60,2974.53153421722,310.436565149744,753.16402967791,48.7020161472554,29.5391344581131,37183.9546562451,20.335044104571,38345.1314457827,944.04706973036,129.04277606365,"Malawi","Mulanje","TA Nkanda and Mulanje Mountain Reserve",27,41320.66298,"Adults",126885.64875,75
"61",61,2944.50602672436,259.29229485625,636.287781518926,42.350696002088,27.6058641522612,37389.5553982838,21.0649184622002,38375.1569532756,949.061878709206,130.680934279179,"Malawi","Mulanje","TA Nkanda and Mulanje Mountain Reserve",27,41320.66298,"Adults",126885.64875,75
"62",62,2919.39168278067,216.604958840905,536.879885860091,36.7157396944463,25.6971694048933,37563.6278716421,21.7456717768454,38400.2712972192,953.295864607962,132.103308473384,"Malawi","Mulanje","TA Nkanda and Mulanje Mountain Reserve",27,41320.66298,"Adults",126885.64875,75
"63",63,2898.37895168436,180.973945856618,452.513254303181,31.7422571279773,23.8334882180712,37710.8428802349,22.3782025748276,38421.2840283156,956.866449245962,133.334733326324,"Malawi","Mulanje","TA Nkanda and Mulanje Mountain Reserve",27,41320.66298,"Adults",126885.64875,75
"64",64,2880.79392085129,151.229235464861,381.0468328211,27.3729273061064,22.0309478825022,37835.2252402084,22.9638754657205,38438.8690591486,959.874538201806,134.398013449948,"Malawi","Mulanje","TA Nkanda and Mulanje Mountain Reserve",27,41320.66298,"Adults",126885.64875,75
"65",65,2866.07483889193,126.394425102594,320.606769164052,23.5503091601629,20.3018316573646,37940.2303891874,23.5044168364091,38453.588141108,962.406528358531,135.313879677043,"Malawi","Mulanje","TA Nkanda and Mulanje Mountain Reserve",27,41320.66298,"Adults",126885.64875,75
"66",66,2853.75300797686,105.655260007747,269.563860084396,20.2184969094287,18.6550571158667,38028.8154750265,24.0018228791697,38465.9099720231,964.536159672191,136.101017368868,"Malawi","Mulanje","TA Nkanda and Mulanje Mountain Reserve",27,41320.66298,"Adults",126885.64875,75
"67",67,2843.43701823096,88.3328717271494,226.509678853397,17.324270920026,17.0966438194868,38103.5042168086,24.4582796402594,38476.2259617689,966.326196504335,136.776142870355,"Malawi","Mulanje","TA Nkanda and Mulanje Mountain Reserve",27,41320.66298,"Adults",126885.64875,75
"68",68,2834.79976420654,73.8614361903994,190.232185544252,14.817836154974,15.6301592087982,38166.4455040129,24.8760946820939,38484.8632157934,967.829939695626,137.354115009616,"Malawi","Mulanje","TA Nkanda and Mulanje Mountain Reserve",27,41320.66298,"Adults",126885.64875,75
"69",69,2827.56774045131,61.7693261105817,159.692580968709,12.6532428795659,14.2571304513923,38219.4653193103,25.2576398280395,38492.0952395486,969.092560957055,137.848066784107,"Malawi","Mulanje","TA Nkanda and Mulanje Mountain Reserve",27,41320.66298,"Adults",126885.64875,75
"70",70,2821.51215629514,51.6633902568936,134.003543276663,10.7885715910104,12.9774184417034,38264.112596272,25.605303866495,38498.1508237048,970.152277008066,138.269547931596,"Malawi","Mulanje","TA Nkanda and Mulanje Mountain Reserve",27,41320.66298,"Adults",126885.64875,75
"71",71,2816.44156069426,43.2158479178028,112.409299342716,9.18594492817607,11.7895505599735,38301.6993222228,25.9214543341924,38503.2214193056,971.041372798044,138.628670686789,"Malawi","Mulanje","TA Nkanda and Mulanje Mountain Reserve",27,41320.66298,"Adults",126885.64875,75
"72",72,2812.19571275194,36.1533432396739,94.2677460391756,7.81141356253088,10.6910126997169,38333.3353444403,26.2084072665755,38507.467267248,971.787086588305,138.934253791044,"Malawi","Mulanje","TA Nkanda and Mulanje Mountain Reserve",27,41320.66298,"Adults",126885.64875,75
"73",73,2808.64046764086,30.2478539919653,79.03448946087,6.63476138402631,9.67850145319145,38359.9585021723,26.4684038967434,38511.022512359,972.412373800627,139.193960660882,"Malawi","Mulanje","TA Nkanda and Mulanje Mountain Reserve",27,41320.66298,"Adults",126885.64875,75
"74",74,2805.66351262053,25.3091169247568,66.2488181059138,5.62925730018942,8.74813912574674,38382.360542607,26.7035933158046,38513.9994673794,972.936561967344,139.414429555801,"Malawi","Mulanje","TA Nkanda and Mulanje Mountain Reserve",27,41320.66298,"Adults",126885.64875,75
"75",75,2803.17080575226,21.1783274729641,55.5214489147827,4.77137808479555,7.89565454645982,38401.2093450494,26.916020179206,38516.4921742477,973.375910728527,139.601394233402,"Malawi","Mulanje","TA Nkanda and Mulanje Mountain Reserve",27,41320.66298,"Adults",126885.64875,75
"76",76,2801.08359853794,17.7229017269946,46.5238872122449,4.04051997830687,7.11653294926643,38417.0679229614,27.1076166338117,38518.579381462,973.744089278948,139.75979432802,"Malawi","Mulanje","TA Nkanda and Mulanje Mountain Reserve",27,41320.66298,"Adults",126885.64875,75
"77",77,2799.33594693327,14.8321147624349,38.9792554786457,3.41871052587204,6.40613850727627,38430.410616079,27.2801977133659,38520.3270330666,974.052582065172,139.893875354072,"Malawi","Mulanje","TA Nkanda and Mulanje Mountain Reserve",27,41320.66298,"Adults",126885.64875,75
"78",78,2797.87262851293,12.4134736483509,32.65441099545,2.89033013035338,5.75981279911447,38441.6368643594,27.4354595543157,38521.790351487,974.311032959042,140.007278442043,"Malawi","Mulanje","TA Nkanda and Mulanje Mountain Reserve",27,41320.66298,"Adults",126885.64875,75
"79",79,2796.64739871292,10.3896955481567,27.353202026003,2.44184849733988,5.17295257815658,38451.0829027879,27.5749798494245,38523.015581287,974.527536694092,140.103120327351,"Malawi","Mulanje","TA Nkanda and Mulanje Mountain Reserve",27,41320.66298,"Adults",126885.64875,75
"80",80,2795.62153134218,8.69619132261385,22.9107179152207,2.06157955745619,4.64106977696835,38459.0316700282,27.700220057325,38524.0414486577,974.708885136372,140.18406416659,"Malawi","Mulanje","TA Nkanda and Mulanje Mountain Reserve",27,41320.66298,"Adults",126885.64875,75
"81",81,2794.76259669199,7.27896995814765,19.1883988545346,1.73945682089223,4.15983647826824,38465.7211922457,27.8125289503382,38524.9003833079,974.860775115096,140.252381868715,"Malawi","Mulanje","TA Nkanda and Mulanje Mountain Reserve",27,41320.66298,"Adults",126885.64875,75
"82",82,2794.04343823063,6.09289093708055,16.0698873486721,1.4668295882271,3.72511737346047,38471.3516693776,27.9131471442894,38525.6195417693,974.987983633488,140.310008718922,"Malawi","Mulanje","TA Nkanda and Mulanje Mountain Reserve",27,41320.66298,"Adults",126885.64875,75
"83",83,2793.44131554385,5.10020707654775,13.4575147655976,1.23627987901799,3.33299186100941,38476.0914585529,28.0032123210566,38526.2216644561,975.09451543375,140.35859103204,"Malawi","Mulanje","TA Nkanda and Mulanje Mountain Reserve",27,41320.66298,"Adults",126885.64875,75
"84",84,2792.93718653645,4.26934887565563,11.2693312905594,1.04145922231725,2.97976769380633,38480.0821214772,28.083764903914,38526.7257934635,975.183727160633,140.399527570554,"Malawi","Mulanje","TA Nkanda and Mulanje Mountain Reserve",27,41320.66298,"Adults",126885.64875,75
"85",85,2792.51510569338,3.57390890280277,9.43659669165319,0.876944015330881,2.66198785566633,38483.4426828508,28.1557539902512,38527.1478743065,975.258431852502,140.434005451137,"Malawi","Mulanje","TA Nkanda and Mulanje Mountain Reserve",27,41320.66298,"Adults",126885.64875,75
"86",86,2792.16172110596,2.99179578308521,7.90166865148161,0.738108332634185,2.37643197086041,38486.273210765,28.2200433908824,38527.5012588939,975.320986570073,140.463031105793,"Malawi","Mulanje","TA Nkanda and Mulanje Mountain Reserve",27,41320.66298,"Adults",126885.64875,75
"87",87,2791.86585582645,2.50453224223033,6.61623466951453,0.621012880211333,2.12011337084664,38488.6578133559,28.2774176547576,38527.7971241735,975.373365542411,140.487456828764,"Malawi","Mulanje","TA Nkanda and Mulanje Mountain Reserve",27,41320.66298,"Adults",126885.64875,75
"88",88,2791.61814883499,2.09665320625633,5.53979121367648,0.522306991937465,1.89027349895315,38490.6672183041,28.3285879500561,38528.0448311649,975.417223009193,140.508003958642,"Malawi","Mulanje","TA Nkanda and Mulanje Mountain Reserve",27,41320.66298,"Adults",126885.64875,75
"89",89,2791.41076188115,1.75521731077667,4.63839417859287,0.439144325294937,1.68437340243441,38492.3608911007,28.3741978009542,38528.2522181188,975.453944653381,140.525282441629,"Malawi","Mulanje","TA Nkanda and Mulanje Mountain Reserve",27,41320.66298,"Adults",126885.64875,75
"90",90,2791.23713280212,1.46939652219327,3.88360407256323,0.369109713086719,1.50008365527285,38493.7888246563,28.4148285783454,38528.4258471978,975.484690948305,140.539807621591,"Malawi","Mulanje","TA Nkanda and Mulanje Mountain Reserve",27,41320.66298,"Adults",126885.64875,75
"91",91,2791.09176704754,1.23012796460612,3.25159418070263,0.310156043785348,1.33527328687108,38494.9930567745,28.4510047018924,38528.5712129524,975.510433835386,140.552014623477,"Malawi","Mulanje","TA Nkanda and Mulanje Mountain Reserve",27,41320.66298,"Adults",126885.64875,75
"92",92,2790.97006434878,1.02982704551601,2.7224051393871,0.260549736035225,1.18799793984378,38496.008937225,28.4831985653618,38528.6929156511,975.531987252424,140.562270611818,"Malawi","Mulanje","TA Nkanda and Mulanje Mountain Reserve",27,41320.66298,"Adults",126885.64875,75
"93",93,2790.86817304056,0.862145758875731,2.27931804123683,0.218824021396482,1.05648774628256,38496.8661962448,28.5118351467852,38528.7948069593,975.550032816379,140.570885225467,"Malawi","Mulanje","TA Nkanda and Mulanje Mountain Reserve",27,41320.66298,"Adults",126885.64875,75
"94",94,2790.78286834212,0.721770354821551,1.90833037857696,0.183738882270492,0.939135144888704,38497.5898405865,28.5372963107496,38528.8801116578,975.565141298621,140.578119446749,"Malawi","Mulanje","TA Nkanda and Mulanje Mountain Reserve",27,41320.66298,"Adults",126885.64875,75
"95",95,2790.71145031384,0.604253374394138,1.59771456887775,0.154246740722589,0.834482886530019,38498.2009073147,28.5599248008967,38528.9515296861,975.5777906407,140.584193143156,"Malawi","Mulanje","TA Nkanda and Mulanje Mountain Reserve",27,41320.66298,"Adults",126885.64875,75
"96",96,2790.65165844876,0.505871964120839,1.33764922766059,0.129463222615756,0.741212366898515,38498.7170968401,28.5800279298191,38529.0113215511,975.588381041389,140.589291455436,"Malawi","Mulanje","TA Nkanda and Mulanje Mountain Reserve",27,41320.66298,"Adults",126885.64875,75
"97",97,2790.60160022639,0.423509638392033,1.11991020582919,0.108642167244469,0.658132422575216,38499.1533043628,28.5978809767289,38529.0613797735,975.597247583128,140.593570219172,"Malawi","Mulanje","TA Nkanda and Mulanje Mountain Reserve",27,41320.66298,"Adults",126885.64875,75
"98",98,2790.55969112336,0.354557812662281,0.937610198692095,0.0911544127857091,0.584168660857433,38499.5220674863,28.6137303053143,38529.1032888765,975.604670837832,140.597160550926,"Malawi","Mulanje","TA Nkanda and Mulanje Mountain Reserve",27,41320.66298,"Adults",126885.64875,75
"99",99,2790.52460456287,0.296832686720822,0.784982348612492,0.0764697219677343,0.518353379132736,38499.8339410837,28.627796216946,38529.138375437,975.610885718365,140.600172728963,"Malawi","Mulanje","TA Nkanda and Mulanje Mountain Reserve",27,41320.66298,"Adults",126885.64875,75
"100",100,2790.4952299224,0.248506106025776,0.657198012941767,0.0641414351334124,0.459816110109418,38500.0978128596,28.6402755537322,38529.1677500775,975.61608890692,140.602699475767,"Malawi","Mulanje","TA Nkanda and Mulanje Mountain Reserve",27,41320.66298,"Adults",126885.64875,75
"101",101,2790.47063733073,0.208047789367993,0.550213751467333,0.053793492399681,0.407774792793527,38500.3211687746,28.651344068578,38529.1923426692,975.620445083774,140.60481872622,"Malawi","Mulanje","TA Nkanda and Mulanje Mountain Reserve",27,41320.66298,"Adults",126885.64875,75
"102",102,2790.45004831851,0.17417654362718,0.460644338308187,0.0451093805596823,0.361527582343949,38500.5103152591,28.6611585775108,38529.2129316814,975.624092121297,140.606595969239,"Malawi","Mulanje","TA Nkanda and Mulanje Mountain Reserve",27,41320.66298,"Adults",126885.64875,75
"103",103,2790.43281113326,0.145819842812829,0.385655317137354,0.0378228171334748,0.320445275445724,38500.6705667034,28.6698589107552,38529.2301688666,975.627145453183,140.608086220165,"Malawi","Mulanje","TA Nkanda and Mulanje Mountain Reserve",27,41320.66298,"Adults",126885.64875,75
"104",104,2790.41838010285,0.122079870916589,0.32287332445337,0.0317098678615444,0.283964333961876,38500.8064028217,28.6775696782285,38529.2445998971,975.629701727581,140.609335683357,"Malawi","Mulanje","TA Nkanda and Mulanje Mountain Reserve",27,41320.66298,"Adults",126885.64875,75
"105",105,2790.40629841173,0.102204909402773,0.270311501109416,0.0265822531817353,0.251580487719142,38500.9216005729,28.6844018638752,38529.2566815882,975.631841856423,140.610383156391,"Malawi","Mulanje","TA Nkanda and Mulanje Mountain Reserve",27,41320.66298,"Adults",126885.64875,75
"106",106,2790.39618359378,0.0855656996455227,0.226306196360097,0.0222817367804003,0.222842875961738,38501.0193456335,28.6904542638863,38529.2667964061,975.633633584048,140.611261209024,"Malawi","Mulanje","TA Nkanda and Mulanje Mountain Reserve",27,41320.66298,"Adults",126885.64875,75
"107",107,2790.38771544326,0.071635448932605,0.189464512753609,0.0186753653391971,0.197348704829731,38501.102325743,28.6958147817842,38529.2752645566,975.635133627828,140.611997177792,"Malawi","Mulanje","TA Nkanda and Mulanje Mountain Reserve",27,41320.66298,"Adults",126885.64875,75
"108",108,2790.38062589769,0.0599730794069243,0.158620420953481,0.0156514482993109,0.1747383859098,38501.1728091746,28.7005615931146,38529.2823541022,975.636389469744,140.612614003645,"Malawi","Mulanje","TA Nkanda and Mulanje Mountain Reserve",27,41320.66298,"Adults",126885.64875,75
"109",109,2790.37469051634,0.0502093787798473,0.132797532483735,0.0131161931346079,0.154691117766776,38501.2327110695,28.7047641919817,38529.2882894836,975.637440865495,140.613130934396,"Malawi","Mulanje","TA Nkanda and Mulanje Mountain Reserve",27,41320.66298,"Adults",126885.64875,75
"110",110,2790.36972141639,0.0420352677897374,0.111178491068851,0.0109908551002866,0.136920888673673,38501.2836487522,28.7084843287497,38529.2932585835,975.638321095504,140.613564115819,"Malawi","Mulanje","TA Nkanda and Mulanje Mountain Reserve",27,41320.66298,"Adults",126885.64875,75
"111",111,2790.3655612872,0.035191920238202,0.0930789714644497,0.00920931910635399,0.121172846546796,38501.326988801,28.71177685435,38529.2974187127,975.639058025047,140.613927092956,"Malawi","Mulanje","TA Nkanda and Mulanje Mountain Reserve",27,41320.66298,"Adults",126885.64875,75
"112",112,2790.36207841807,0.0294626736486331,0.0779259625050751,0.00771609854131911,0.107220033856032,38501.3638863409,28.7146904724324,38529.3009015818,975.639674984895,140.614231225466,"Malawi","Mulanje","TA Nkanda and Mulanje Mountain Reserve",27,41320.66298,"Adults",126885.64875,75
"113",113,2790.35916255368,0.0246661558343285,0.0652397945003191,0.00646463623315189,0.0948604426866209,38501.3953180041,28.7172684128737,38529.3038174462,975.640191505397,140.614486038299,"Malawi","Mulanje","TA Nkanda and Mulanje Mountain Reserve",27,41320.66298,"Adults",126885.64875,75
"114",114,2790.35672138864,0.0206505107558157,0.0546188984489555,0.00541586891396126,0.0839143585374458,38501.4221099395,28.7195490351817,38529.3062586113,975.640623937372,140.614699518083,"Malawi","Mulanje","TA Nkanda and Mulanje Mountain Reserve",27,41320.66298,"Adults",126885.64875,75
"115",115,2790.35467764154,0.0172886146016069,0.0457270484696414,0.00453702872435233,0.0742219726032337,38501.444961327,28.7215663670275,38529.3083023584,975.640985970375,140.614878360554,"Malawi","Mulanje","TA Nkanda and Mulanje Mountain Reserve",27,41320.66298,"Adults",126885.64875,75
"116",116,2790.35296661362,0.0144740367189225,0.0382827649532478,0.00380063110160006,0.0656412382181602,38501.4644641305,28.7233505848602,38529.3100133863,975.641289065114,140.615028178749,"Malawi","Mulanje","TA Nkanda and Mulanje Mountain Reserve",27,41320.66298,"Adults",126885.64875,75
"117",117,2790.35153413922,0.0121176708190638,0.0320503955351912,0.00318362591773761,0.0580459476458313,38501.4811197782,28.7249284426399,38529.3114458607,975.641542816494,140.615153677677,"Malawi","Mulanje","TA Nkanda and Mulanje Mountain Reserve",27,41320.66298,"Adults",126885.64875,75
"118",118,2790.35033486978,0.0101449213455773,0.026832640603449,0.00266668524494032,0.0513240083377804,38501.4953532206,28.7263236540404,38529.3126451301,975.641755257582,140.615258800777,"Malawi","Mulanje","TA Nkanda and Mulanje Mountain Reserve",27,41320.66298,"Adults",126885.64875,75
"119",119,2790.34933083995,0.00849333510375507,0.0224643250762777,0.00223360340448655,0.045375899872821,38501.5075247636,28.7275572329495,38529.3136491599,975.641933113588,140.615346852992,"Malawi","Mulanje","TA Nkanda and Mulanje Mountain Reserve",27,41320.66298,"Adults",126885.64875,75
"120",120,2790.34849026516,0.00711062597540998,0.0188071643664871,0.00187079420050781,0.0401132934844822,38501.5179400601,28.7286477966708,38529.3144897347,975.642082014867,140.615420603935,"Malawi","Mulanje","TA Nkanda and Mulanje Mountain Reserve",27,41320.66298,"Adults",126885.64875,75
"121",121,2790.34778653494,0.0059530214561466,0.0157453824844349,0.00156686884076079,0.035457818187335,38501.5268585383,28.7296118357686,38529.315193465,975.64220667523,140.615482374412,"Malawi","Mulanje","TA Nkanda and Mulanje Mountain Reserve",27,41320.66298,"Adults",126885.64875,75
"122",122,2790.34719737122,0.00498387430766381,0.0131820537680323,0.0013122811218517,0.0313399588683424,38501.5345005066,28.7304639541015,38529.3157826287,975.642311041046,140.615534109059,"Malawi","Mulanje","TA Nkanda and Mulanje Mountain Reserve",27,41320.66298,"Adults",126885.64875,75
"123",123,2790.34670412278,0.00417250354684388,0.0110360315392016,0.00109903010563164,0.0276980727995958,38501.5410531569,28.7312170822517,38529.3162758771,975.642398416229,140.615577437203,"Malawi","Mulanje","TA Nkanda and Mulanje Mountain Reserve",27,41320.66298,"Adults",126885.64875,75
"124",124,2790.34629117463,0.00349322350112597,0.00923937840740655,0.000920410557034773,0.0244775125020942,38501.5466756331,28.7318826672126,38529.3166888253,975.642471566841,140.615613723907,"Malawi","Mulanje","TA Nkanda and Mulanje Mountain Reserve",27,41320.66298,"Adults",126885.64875,75
"125",125,2790.34594545401,0.00292452973183012,0.00773521804944299,0.000770803420056587,0.0216298439579488,38501.5515033099,28.7324708409077,38529.3170345459,975.642532808617,140.615644112782,"Malawi","Mulanje","TA Nkanda and Mulanje Mountain Reserve",27,41320.66298,"Adults",126885.64875,75
"126",126,2790.34565601637,0.00244841882318928,0.00647593320124585,0.00064550024322728,0.0191121501680118,38501.5556514113,28.7329905698506,38529.3173239835,975.642584080298,140.615669561864,"Malawi","Mulanje","TA Nkanda and Mulanje Mountain Reserve",27,41320.66298,"Adults",126885.64875,75
"127",127,2790.34541369887,0.00204981843593915,0.00542165825723178,0.00054055586227725,0.0168864111071921,38501.5592180694,28.7334497880074,38529.317566301,975.642627005008,140.61569087369,"Malawi","Mulanje","TA Nkanda and Mulanje Mountain Reserve",27,41320.66298,"Adults",126885.64875,75
"128",128,2790.34521083042,0.00171610984654736,0.00453901806546231,0.000452664821529705,0.0149189519753443,38501.5622869101,28.7338555147073,38529.3177691695,975.642662941621,140.615708720512,"Malawi","Mulanje","TA Nkanda and Mulanje Mountain Reserve",27,41320.66298,"Adults",126885.64875,75
"129",129,2790.34504098875,0.00143672871929795,0.00380007071581951,0.000379057820872837,0.013179952441723,38501.5649292422,28.7342139592539,38529.3179390111,975.64269302779,140.615723665426,"Malawi","Mulanje","TA Nkanda and Mulanje Mountain Reserve",27,41320.66298,"Adults",126885.64875,75
"130",130,2790.34489879714,0.00120283061501776,0.00318142311951792,0.000317414862612626,0.0116430103487025,38501.5672059102,28.734530613707,38529.3180812027,975.642718215964,140.615736180076,"Malawi","Mulanje","TA Nkanda and Mulanje Mountain Reserve",27,41320.66298,"Adults",126885.64875,75
"131",131,2790.34477975417,0.00100701090662123,0.00266349069765191,0.000265792434807689,0.0102847539906378,38501.5691688626,28.7348103351525,38529.3182002457,975.642739303528,140.615746659499,"Malawi","Mulanje","TA Nkanda and Mulanje Mountain Reserve",27,41320.66298,"Adults",126885.64875,75
"132",132,2790.34468009129,0.000843070468613971,0.00222987712434212,0.000222562497143369,0.00908449769146249,38501.5708624823,28.7350574186309,38529.3182999086,975.642756958058,140.615755434553,"Malawi","Mulanje","TA Nkanda and Mulanje Mountain Reserve",27,41320.66298,"Adults",126885.64875,75
"133",133,2790.34459665342,0.000705819391504326,0.00186685536556037,0.000186361325099489,0.00802393596382533,38501.5723247127,28.7352756617693,38529.3183833465,975.642771738449,140.615762782337,"Malawi","Mulanje","TA Nkanda and Mulanje Mountain Reserve",27,41320.66298,"Adults",126885.64875,75
"134",134,2790.34452679916,0.000590912659632164,0.00156293318204128,0.000156046637614727,0.0070868720200687,38501.5735880142,28.7354684220484,38529.3184532007,975.642784112607,140.615768934923,"Malawi","Mulanje","TA Nkanda and Mulanje Mountain Reserve",27,41320.66298,"Adults",126885.64875,75
"135",135,2790.34446831711,0.000494712637420856,0.00130848921707728,0.000130661676280297,0.00625897685445287,38501.5746801749,28.7356386675318,38529.3185116828,975.642794472264,140.615774086663,"Malawi","Mulanje","TA Nkanda and Mulanje Mountain Reserve",27,41320.66298,"Adults",126885.64875,75
"136",136,2790.34441935587,0.000414173891337195,0.00109546846464339,0.000109405097828168,0.00552757552160623,38501.5756249993,28.7357890217953,38529.318560644,975.64280314538,140.615778400319,"Malawi","Mulanje","TA Nkanda and Mulanje Mountain Reserve",27,41320.66298,"Adults",126885.64875,75
"137",137,2790.34437836548,0.000346746775813112,0.000917127280287288,9.16057482280706e-05,0.00488145759477987,38501.5764428934,28.7359218037115,38529.3186016344,975.64281040652,140.615782012195,"Malawi","Mulanje","TA Nkanda and Mulanje Mountain Reserve",27,41320.66298,"Adults",126885.64875,75
"138",138,2790.34434404828,0.000290296731470247,0.000767819860592947,7.67015288507921e-05,0.00431070911367531,38501.5771513618,28.7360390626718,38529.3186359516,975.642816485554,140.615785036434,"Malawi","Mulanje","TA Nkanda and Mulanje Mountain Reserve",27,41320.66298,"Adults",126885.64875,75
"139",139,2790.34431531779,0.000243036536169268,0.000642819100650632,6.42216439000352e-05,0.00380656308894349,38501.5777654319,28.7361426098765,38529.3186646821,975.642821574946,140.615787568628,"Malawi","Mulanje","TA Nkanda and Mulanje Mountain Reserve",27,41320.66298,"Adults",126885.64875,75
"140",140,2790.34429126408,0.000203469409003458,0.000538166104077893,5.37716811423203e-05,0.0033612671351499,38501.5782980155,28.7362340460051,38529.3186887358,975.64282583588,140.615789688856,"Malawi","Mulanje","TA Nkanda and Mulanje Mountain Reserve",27,41320.66298,"Adults",126885.64875,75
"141",141,2790.34427112636,0.000170343892114023,0.000450550827943465,4.5021771164499e-05,0.00296797112860879,38501.5787602013,28.7363147846677,38529.3187088735,975.642829403126,140.615791464082,"Malawi","Mulanje","TA Nkanda and Mulanje Mountain Reserve",27,41320.66298,"Adults",126885.64875,75
"142",142,2790.34425426718,0.000142611406323741,0.000377199836066708,3.76954460279219e-05,0.00262061791988115,38501.579161533,28.7363860752016,38529.3187257327,975.642832389603,140.615792950428,"Malawi","Mulanje","TA Nkanda and Mulanje Mountain Reserve",27,41320.66298,"Adults",126885.64875,75
"143",143,2790.34424015272,0.00011939383879095,0.000315790568354902,3.15611237142872e-05,0.00231385306503487,38501.5795102272,28.7364490214731,38529.3187398472,975.642834889874,140.6157941949,"Malawi","Mulanje","TA Nkanda and Mulanje Mountain Reserve",27,41320.66298,"Adults",126885.64875,75
"144",144,2790.34422833614,9.99561635942289e-05,0.000264378919446179,2.64249107911128e-05,0.00204294421927719,38501.5798133609,28.7365045986496,38529.3187516637,975.642836983093,140.615795236851,"Malawi","Mulanje","TA Nkanda and Mulanje Mountain Reserve",27,41320.66298,"Adults",126885.64875,75
"145",145,2790.34421844333,8.36830024671601e-05,0.000221337246044638,2.21244396481094e-05,0.00180370908443504,38501.5800770347,28.7365536681801,38529.3187615565,975.642838735529,140.615796109235,"Malawi","Mulanje","TA Nkanda and Mulanje Mountain Reserve",27,41320.66298,"Adults",126885.64875,75
"146",146,2790.3442101611,7.00591597120006e-05,0.00018530288279408,1.85237476494007e-05,0.0015924517675728,38501.5803065103,28.7365969910138,38529.3187698388,975.642840202664,140.615796839642,"Malawi","Mulanje","TA Nkanda and Mulanje Mountain Reserve",27,41320.66298,"Adults",126885.64875,75
"147",147,2790.34420322725,5.86533193513685e-05,0.00015513502133408,1.55089863672172e-05,0.00140590644710445,38501.5805063296,28.7366352392912,38529.3187767726,975.642841430945,140.615797451176,"Malawi","Mulanje","TA Nkanda and Mulanje Mountain Reserve",27,41320.66298,"Adults",126885.64875,75
"148",148,2790.34419742224,4.91043839258234e-05,0.000129878577630965,1.29848248465582e-05,0.00124118752062125,38501.5806804157,28.7366690066813,38529.3187825776,975.642842459258,140.615797963181,"Malawi","Mulanje","TA Nkanda and Mulanje Mountain Reserve",27,41320.66298,"Adults",126885.64875,75
"149",149,2790.34419256231,4.1110043667645e-05,0.000108733958084104,1.0871438941813e-05,0.0010957455017343,38501.5808321592,28.7366988175194,38529.3187874376,975.642843320159,140.615798391854,"Malawi","Mulanje","TA Nkanda and Mulanje Mountain Reserve",27,41320.66298,"Adults",126885.64875,75
"150",150,2790.34418849359,3.44172058779162e-05,9.10317455927225e-05,9.10198975491676e-06,0.000967328005550208,38501.5809644925,28.7367251348853,38529.3187915063,975.642844040902,140.615798750756,"Malawi","Mulanje","TA Nkanda and Mulanje Mountain Reserve",27,41320.66298,"Adults",126885.64875,75
"151",151,2790.34418508727,2.88139820624345e-05,7.62115060319687e-05,7.62051185559953e-06,0.000853945240379186,38501.5810799537,28.7367483677429,38529.3187949126,975.642844644306,140.615799051242,"Malawi","Mulanje","TA Nkanda and Mulanje Mountain Reserve",27,41320.66298,"Adults",126885.64875,75
"152",152,2790.34418223551,2.41229798075641e-05,6.38040456301196e-05,6.38014484985355e-06,0.000753839488895207,38501.5811807405,28.7367688772506,38529.3187977644,975.642845149475,140.61579930282,"Malawi","Mulanje","TA Nkanda and Mulanje Mountain Reserve",27,41320.66298,"Adults",126885.64875,75
"153",153,2790.34417984802,2.01956867205135e-05,5.34165567597732e-05,5.34165244772538e-06,0.000665458120582135,38501.5812687576,28.7367869823384,38529.3188001519,975.6428455724,140.615799513449,"Malawi","Mulanje","TA Nkanda and Mulanje Mountain Reserve",27,41320.66298,"Adults",126885.64875,75
"154",154,2790.34417784922,1.69077686683762e-05,4.4720182038585e-05,4.47218232094862e-06,0.000587429729441812,38501.5813456562,28.7368029646354,38529.3188021506,975.642845926472,140.615799689793,"Malawi","Mulanje","TA Nkanda and Mulanje Mountain Reserve",27,41320.66298,"Adults",126885.64875,75
"155",155,2790.34417617583,1.41551334863492e-05,3.74396030461078e-05,3.74422762096486e-06,0.000518543037192158,38501.5814128693,28.7368170728246,38529.318803824,975.6428462229,140.615799837434,"Malawi","Mulanje","TA Nkanda and Mulanje Mountain Reserve",27,41320.66298,"Adults",126885.64875,75
"156",156,2790.34417477488,1.18506355254241e-05,3.13443240194027e-05,3.13475737754066e-06,0.000457728243247781,38501.5814716406,28.7368295264904,38529.318805225,975.642846471068,140.615799961042,"Malawi","Mulanje","TA Nkanda and Mulanje Mountain Reserve",27,41320.66298,"Adults",126885.64875,75
"157",157,2790.34417360201,9.92131670850053e-06,2.6241374591642e-05,2.6244883252844e-06,0.000404040539208985,38501.5815230507,28.7368405195178,38529.3188063979,975.642846678834,140.61580006453,"Malawi","Mulanje","TA Nkanda and Mulanje Mountain Reserve",27,41320.66298,"Adults",126885.64875,75
"158",158,2790.34417262008,8.30609675121125e-06,2.19692005466074e-05,2.19727516557363e-06,0.000356645537902629,38501.5815680387,28.7368502230954,38529.3188073798,975.642846852775,140.615800151172,"Malawi","Mulanje","TA Nkanda and Mulanje Mountain Reserve",27,41320.66298,"Adults",126885.64875,75
"159",159,2790.34417179801,6.9538394218964e-06,1.83925491755516e-05,1.83960000731517e-06,0.00031480639567696,38501.5816074212,28.7368587883687,38529.3188082019,975.642846998398,140.61580022371,"Malawi","Mulanje","TA Nkanda and Mulanje Mountain Reserve",27,41320.66298,"Adults",126885.64875,75
"160",160,2790.34417110978,5.82173362006758e-06,1.53981873136333e-05,1.54014485943551e-06,0.000277872432059166,38501.5816419089,28.7368663487828,38529.3188088901,975.642847120313,140.615800284441,"Malawi","Mulanje","TA Nkanda and Mulanje Mountain Reserve",27,41320.66298,"Adults",126885.64875,75
"161",161,2790.3441705336,4.87393802016254e-06,1.28913164927076e-05,1.28943366927739e-06,0.000245269073402799,38501.5816721204,28.7368730221532,38529.3188094663,975.64284722238,140.615800335286,"Malawi","Mulanje","TA Nkanda and Mulanje Mountain Reserve",27,41320.66298,"Adults",126885.64875,75
"162",162,2790.34417005121,4.08044637139661e-06,1.0792571717752e-05,1.07953259648091e-06,0.000216488967105704,38501.5816985947,28.736878912494,38529.3188099487,975.64284730783,140.615800377853,"Malawi","Mulanje","TA Nkanda and Mulanje Mountain Reserve",27,41320.66298,"Adults",126885.64875,75
"163",163,2790.34416964737,3.4161375301607e-06,9.03550885149267e-06,9.03799050661255e-07,0.000191084130656083,38501.5817218014,28.7368841116321,38529.3188103525,975.642847379369,140.615800413492,"Malawi","Mulanje","TA Nkanda and Mulanje Mountain Reserve",27,41320.66298,"Adults",126885.64875,75
"164",164,2790.34416930927,2.85998014998422e-06,7.56450106028665e-06,7.56671561186005e-07,0.000168659015421101,38501.5817421499,28.7368887006344,38529.3188106906,975.642847439261,140.615800443329,"Malawi","Mulanje","TA Nkanda and Mulanje Mountain Reserve",27,41320.66298,"Adults",126885.64875,75
"165",165,2790.34416902621,2.39436685035717e-06,6.33297772484839e-06,6.3349383706529e-07,0.000148864378957266,38501.5817599974,28.7368927510668,38529.3188109737,975.642847489402,140.615800468309,"Malawi","Mulanje","TA Nkanda and Mulanje Mountain Reserve",27,41320.66298,"Adults",126885.64875,75
"166",166,2790.34416878924,2.00455678485179e-06,5.30195006156592e-06,5.30367455061927e-07,0.000131391871897346,38501.5817756559,28.7368963261066,38529.3188112106,975.64284753138,140.615800489222,"Malawi","Mulanje","TA Nkanda and Mulanje Mountain Reserve",27,41320.66298,"Adults",126885.64875,75
"167",167,2790.34416859084,1.67820896081826e-06,4.43877677705774e-06,4.44028518658882e-07,0.000115969256335239,38501.5817893973,28.7368994815249,38529.318811409,975.642847566524,140.615800506731,"Malawi","Mulanje","TA Nkanda and Mulanje Mountain Reserve",27,41320.66298,"Adults",126885.64875,75
"168",168,2790.34416842475,1.40499146628407e-06,3.71613049336864e-06,3.71744369559864e-07,0.000102356181099679,38501.5818014596,28.7369022665543,38529.3188115751,975.642847595946,140.615800521389,"Malawi","Mulanje","TA Nkanda and Mulanje Mountain Reserve",27,41320.66298,"Adults",126885.64875,75
"169",169,2790.34416828571,1.17628578609531e-06,3.11121567933246e-06,3.11235430187784e-07,9.03410271532561e-05,38501.5818120499,28.7369047245368,38529.3188117142,975.642847620575,140.61580053366,"Malawi","Mulanje","TA Nkanda and Mulanje Mountain Reserve",27,41320.66298,"Adults",126885.64875,75
"170",170,2790.34416816932,9.84827891221499e-07,2.60481935018454e-06,2.60580314276006e-07,7.97361186649422e-05,38501.5818213504,28.7369068939063,38529.3188118305,975.642847641193,140.615800543932,"Malawi","Mulanje","TA Nkanda and Mulanje Mountain Reserve",27,41320.66298,"Adults",126885.64875,75
"171",171,2790.34416807187,8.24529310277445e-07,2.18083781091025e-06,2.18168524245415e-07,7.03756414297465e-05,38501.5818295203,28.7369088086163,38529.318811928,975.642847658456,140.615800552533,"Malawi","Mulanje","TA Nkanda and Mulanje Mountain Reserve",27,41320.66298,"Adults",126885.64875,75
"172",172,2790.34416799028,6.90321434459976e-07,1.82586485078237e-06,1.82659286290793e-07,6.21136476152022e-05,38501.5818366986,28.7369104985488,38529.3188120096,975.642847672908,140.615800559734,"Malawi","Mulanje","TA Nkanda and Mulanje Mountain Reserve",27,41320.66298,"Adults",126885.64875,75
"173",173,2790.34416792198,5.7795863415698e-07,1.52867099688311e-06,1.52929493243845e-07,5.4821294220278e-05,38501.581843007,28.7369119900814,38529.3188120779,975.642847685009,140.615800565763,"Malawi","Mulanje","TA Nkanda and Mulanje Mountain Reserve",27,41320.66298,"Adults",126885.64875,75
"174",174,2790.34416786479,4.83884986675692e-07,1.27985101577327e-06,1.28038462656074e-07,4.83848314142929e-05,38501.5818485521,28.7369133064995,38529.3188121351,975.642847695139,140.61580057081,"Malawi","Mulanje","TA Nkanda and Mulanje Mountain Reserve",27,41320.66298,"Adults",126885.64875,75
"175",175,2790.34416781691,4.0512358764618e-07,1.07153114782438e-06,1.07198665231375e-07,4.27038465730417e-05,38501.581853427,28.7369144683566,38529.318812183,975.642847703621,140.615800575036,"Malawi","Mulanje","TA Nkanda and Mulanje Mountain Reserve",27,41320.66298,"Adults",126885.64875,75
"176",176,2790.34416777682,3.39182091662486e-07,8.97119267053435e-07,8.97507443996502e-08,3.7689700697369e-05,38501.5818577136,28.7369154937947,38529.3188122231,975.642847710722,140.615800578574,"Malawi","Mulanje","TA Nkanda and Mulanje Mountain Reserve",27,41320.66298,"Adults",126885.64875,75
"177",177,2790.34416774326,2.83973816532186e-07,7.51096205904075e-07,7.5142650736948e-08,3.32641489215503e-05,38501.5818614835,28.7369163988272,38529.3188122566,975.642847716667,140.615800581537,"Malawi","Mulanje","TA Nkanda and Mulanje Mountain Reserve",27,41320.66298,"Adults",126885.64875,75
"178",178,2790.34416771516,2.37751728145744e-07,6.28841148607099e-07,6.29121821329562e-08,2.93581226289538e-05,38501.5818647996,28.7369171975884,38529.3188122847,975.642847721645,140.615800584017,"Malawi","Mulanje","TA Nkanda and Mulanje Mountain Reserve",27,41320.66298,"Adults",126885.64875,75
"179",179,2790.34416769163,1.99053155422914e-07,5.26485405045029e-07,5.26723612942831e-08,2.59106540725538e-05,38501.5818677169,28.7369179025541,38529.3188123082,975.642847725813,140.615800586093,"Malawi","Mulanje","TA Nkanda and Mulanje Mountain Reserve",27,41320.66298,"Adults",126885.64875,75
"180",180,2790.34416767193,1.66652533190791e-07,4.40787418084649e-07,4.40989360338442e-08,2.28678826391895e-05,38501.5818702838,28.7369185247448,38529.3188123279,975.642847729302,140.615800587832,"Malawi","Mulanje","TA Nkanda and Mulanje Mountain Reserve",27,41320.66298,"Adults",126885.64875,75
"181",181,2790.34416765541,1.39463434047484e-07,3.68873642872656e-07,3.69044612718173e-08,2.01792717603909e-05,38501.5818725455,28.7369190745004,38529.3188123445,975.64284773223,140.615800589291,"Malawi","Mulanje","TA Nkanda and Mulanje Mountain Reserve",27,41320.66298,"Adults",126885.64875,75
"182",182,2790.34416764157,1.16707871272797e-07,3.08686344366451e-07,3.08830952132889e-08,1.78064866242592e-05,38501.5818745359,28.7369195596638,38529.3188123583,975.64284773468,140.615800590512,"Malawi","Mulanje","TA Nkanda and Mulanje Mountain Reserve",27,41320.66298,"Adults",126885.64875,75
"183",183,2790.34416763,9.76677146071943e-08,2.58326104797147e-07,2.58448311834081e-08,1.57127115510696e-05,38501.5818762876,28.7369199877666,38529.3188123699,975.642847736731,140.615800591533,"Malawi","Mulanje","TA Nkanda and Mulanje Mountain Reserve",27,41320.66298,"Adults",126885.64875,75
"184",184,2790.34416762031,8.17339043439511e-08,2.16181992423566e-07,2.16285188931069e-08,1.38650905912988e-05,38501.5818778295,28.73692036553,38529.3188123796,975.642847738446,140.615800592388,"Malawi","Mulanje","TA Nkanda and Mulanje Mountain Reserve",27,41320.66298,"Adults",126885.64875,75
"185",185,2790.3441676122,6.83995622978282e-08,1.80913340397134e-07,1.8100042217021e-08,1.22346901786803e-05,38501.5818791868,28.7369206988727,38529.3188123877,975.642847739882,140.615800593104,"Malawi","Mulanje","TA Nkanda and Mulanje Mountain Reserve",27,41320.66298,"Adults",126885.64875,75
"186",186,2790.34416760542,5.72406283448867e-08,1.51398531401178e-07,1.51471967418517e-08,1.079597840535e-05,38501.5818803817,28.7369209930172,38529.3188123945,975.642847741084,140.615800593703,"Malawi","Mulanje","TA Nkanda and Mulanje Mountain Reserve",27,41320.66298,"Adults",126885.64875,75
"187",187,2790.34416759974,4.79022004901809e-08,1.26698867829378e-07,1.26760759786173e-08,9.5264231607195e-06,38501.5818814339,28.736921252572,38529.3188124001,975.64284774209,140.615800594204,"Malawi","Mulanje","TA Nkanda and Mulanje Mountain Reserve",27,41320.66298,"Adults",126885.64875,75
"188",188,2790.34416759499,4.00872750505153e-08,1.06028790145672e-07,1.06080924495425e-08,8.40614005253895e-06,38501.5818823605,28.7369214816042,38529.3188124049,975.642847742931,140.615800594623,"Malawi","Mulanje","TA Nkanda and Mulanje Mountain Reserve",27,41320.66298,"Adults",126885.64875,75
"189",189,2790.34416759102,3.35473027220936e-08,8.87308981667144e-08,8.87747914168416e-09,7.41758142138269e-06,38501.5818831765,28.7369216837025,38529.3188124089,975.642847743635,140.615800594974,"Malawi","Mulanje","TA Nkanda and Mulanje Mountain Reserve",27,41320.66298,"Adults",126885.64875,75
"190",190,2790.34416758769,2.80742833855384e-08,7.42550422258963e-08,7.4291980205478e-09,6.54526184803943e-06,38501.5818838952,28.736921862034,38529.3188124122,975.642847744225,140.615800595268,"Malawi","Mulanje","TA Nkanda and Mulanje Mountain Reserve",27,41320.66298,"Adults",126885.64875,75
"191",191,2790.3441675849,2.34941507560619e-08,6.21408259117477e-08,6.21718976922498e-09,5.77551588772013e-06,38501.5818845283,28.7369220193932,38529.318812415,975.642847744718,140.615800595513,"Malawi","Mulanje","TA Nkanda and Mulanje Mountain Reserve",27,41320.66298,"Adults",126885.64875,75
"192",192,2790.34416758257,1.9661236305431e-08,5.20029634249767e-08,5.20290905310498e-09,5.09628424973854e-06,38501.581885086,28.7369221582463,38529.3188124173,975.642847745131,140.615800595719,"Malawi","Mulanje","TA Nkanda and Mulanje Mountain Reserve",27,41320.66298,"Adults",126885.64875,75
"193",193,2790.34416758062,1.64536363570542e-08,4.35190257821721e-08,4.35409872780493e-09,4.49692508518847e-06,38501.5818855773,28.7369222807694,38529.3188124192,975.642847745476,140.615800595891,"Malawi","Mulanje","TA Nkanda and Mulanje Mountain Reserve",27,41320.66298,"Adults",126885.64875,75
"194",194,2790.34416757899,1.37693350084719e-08,3.64191861442912e-08,3.64376401263612e-09,3.96804743637998e-06,38501.5818860102,28.7369223888828,38529.3188124209,975.642847745765,140.615800596035,"Malawi","Mulanje","TA Nkanda and Mulanje Mountain Reserve",27,41320.66298,"Adults",126885.64875,75
"195",195,2790.34416757763,1.15229595732657e-08,3.04776381266252e-08,3.04931400977784e-09,3.50136424717322e-06,38501.5818863916,28.7369224842811,38529.3188124222,975.642847746007,140.615800596156,"Malawi","Mulanje","TA Nkanda and Mulanje Mountain Reserve",27,41320.66298,"Adults",126885.64875,75
"196",196,2790.34416757648,9.64306535104499e-09,2.55054141544291e-08,2.55184327027499e-09,3.08956263829538e-06,38501.5818867277,28.7369225684594,38529.3188124234,975.64284774621,140.615800596257,"Malawi","Mulanje","TA Nkanda and Mulanje Mountain Reserve",27,41320.66298,"Adults",126885.64875,75
"197",197,2790.34416757553,8.06986336915332e-09,2.13443754560686e-08,2.13553056106284e-09,2.72618942096584e-06,38501.581887024,28.7369226427374,38529.3188124243,975.642847746379,140.615800596341,"Malawi","Mulanje","TA Nkanda and Mulanje Mountain Reserve",27,41320.66298,"Adults",126885.64875,75
"198",198,2790.34416757473,6.75331882820326e-09,1.78621825488164e-08,1.78713571393845e-09,2.40555005985922e-06,38501.581887285,28.7369227082792,38529.3188124252,975.642847746521,140.615800596412,"Malawi","Mulanje","TA Nkanda and Mulanje Mountain Reserve",27,41320.66298,"Adults",126885.64875,75
"199",199,2790.34416757406,5.65155977357669e-09,1.49480862564429e-08,1.49557855621854e-09,2.12261950629358e-06,38501.5818875151,28.7369227661124,38529.3188124258,975.64284774664,140.615800596471,"Malawi","Mulanje","TA Nkanda and Mulanje Mountain Reserve",27,41320.66298,"Adults",126885.64875,75
"200",200,2790.3441675735,4.72954538158676e-09,1.25094053942948e-08,1.25158653290327e-09,1.87296350779823e-06,38501.5818877179,28.7369228171434,38529.3188124264,975.642847746739,140.61580059652,"Malawi","Mulanje","TA Nkanda and Mulanje Mountain Reserve",27,41320.66298,"Adults",126885.64875,75
"201",201,2790.34416757303,3.95795150589605e-09,1.04685790966289e-08,1.04739981448423e-09,1.65266916376918e-06,38501.5818878966,28.7369228621723,38529.3188124268,975.642847746822,140.615800596562,"Malawi","Mulanje","TA Nkanda and Mulanje Mountain Reserve",27,41320.66298,"Adults",126885.64875,75
"202",202,2790.34416757264,3.31223803962519e-09,8.76070003713773e-09,8.76524512541053e-10,1.45828364130194e-06,38501.5818880542,28.7369229019049,38529.3188124272,975.642847746891,140.615800596596,"Malawi","Mulanje","TA Nkanda and Mulanje Mountain Reserve",27,41320.66298,"Adults",126885.64875,75
"203",203,2790.34416757231,2.77186843113093e-09,7.33145008814209e-09,7.335261550853e-10,1.2867600927446e-06,38501.5818881931,28.7369229369642,38529.3188124276,975.64284774695,140.615800596625,"Malawi","Mulanje","TA Nkanda and Mulanje Mountain Reserve",27,41320.66298,"Adults",126885.64875,75
"204",204,2790.34416757203,2.31965653059459e-09,6.13537276325671e-09,6.13856853871398e-10,1.13540992902183e-06,38501.5818883155,28.7369229678998,38529.3188124278,975.642847746998,140.61580059665,"Malawi","Mulanje","TA Nkanda and Mulanje Mountain Reserve",27,41320.66298,"Adults",126885.64875,75
"205",205,2790.3441675718,1.94121999424585e-09,5.13442749954675e-09,5.13710667311215e-10,1.00186070209254e-06,38501.5818884235,28.7369229951967,38529.3188124281,975.642847747039,140.61580059667,"Malawi","Mulanje","TA Nkanda and Mulanje Mountain Reserve",27,41320.66298,"Adults",126885.64875,75
"206",206,2790.34416757161,1.62452286205233e-09,4.29677979893563e-09,4.29902559266751e-10,8.84018937566537e-07,38501.5818885187,28.7369230192829,38529.3188124283,975.642847747073,140.615800596687,"Malawi","Mulanje","TA Nkanda and Mulanje Mountain Reserve",27,41320.66298,"Adults",126885.64875,75
"207",207,2790.34416757145,1.35949276081715e-09,3.59578874999614e-09,3.59767104365856e-10,7.80037335883218e-07,38501.5818886026,28.736923040536,38529.3188124284,975.642847747102,140.615800596701,"Malawi","Mulanje","TA Nkanda and Mulanje Mountain Reserve",27,41320.66298,"Adults",126885.64875,75
"208",208,2790.34416757131,1.13770055804528e-09,3.00915972882795e-09,3.01073718447992e-10,6.88285828754292e-07,38501.5818886766,28.7369230592892,38529.3188124286,975.642847747126,140.615800596713,"Malawi","Mulanje","TA Nkanda and Mulanje Mountain Reserve",27,41320.66298,"Adults",126885.64875,75
"209",209,2790.3441675712,9.52092278151261e-10,2.51823533115217e-09,2.51955718269092e-10,6.0732603785572e-07,38501.5818887419,28.7369230758366,38529.3188124287,975.642847747146,140.615800596723,"Malawi","Mulanje","TA Nkanda and Mulanje Mountain Reserve",27,41320.66298,"Adults",126885.64875,75
"210",210,2790.34416757111,7.9676475475473e-10,2.107401984119e-09,2.10850954387086e-10,5.35888735962552e-07,38501.5818887994,28.7369230904376,38529.3188124288,975.642847747162,140.615800596731,"Malawi","Mulanje","TA Nkanda and Mulanje Mountain Reserve",27,41320.66298,"Adults",126885.64875,75
"211",211,2790.34416757103,6.66777883811921e-10,1.76359336545274e-09,1.764521291976e-10,4.72853957682831e-07,38501.5818888502,28.7369231033211,38529.3188124288,975.642847747176,140.615800596738,"Malawi","Mulanje","TA Nkanda and Mulanje Mountain Reserve",27,41320.66298,"Adults",126885.64875,75
"212",212,2790.34416757096,5.579975064002e-10,1.47587483646085e-09,1.47665220096327e-10,4.17233448396102e-07,38501.5818888949,28.7369231146892,38529.3188124289,975.642847747188,140.615800596744,"Malawi","Mulanje","TA Nkanda and Mulanje Mountain Reserve",27,41320.66298,"Adults",126885.64875,75
"213",213,2790.34416757091,4.66963924131396e-10,1.23509567203387e-09,1.23574685505035e-10,3.68155176585021e-07,38501.5818889344,28.73692312472,38529.318812429,975.642847747198,140.615800596749,"Malawi","Mulanje","TA Nkanda and Mulanje Mountain Reserve",27,41320.66298,"Adults",126885.64875,75
"214",214,2790.34416757086,3.90781865401029e-10,1.03359802700807e-09,1.03414347208957e-10,3.24849667035928e-07,38501.5818889692,28.736923133571,38529.318812429,975.642847747206,140.615800596753,"Malawi","Mulanje","TA Nkanda and Mulanje Mountain Reserve",27,41320.66298,"Adults",126885.64875,75
"215",215,2790.34416757082,3.27028402912209e-10,8.64973382730523e-10,8.65430229739962e-11,2.8663794088004e-07,38501.5818889998,28.7369231413808,38529.318812429,975.642847747213,140.615800596756,"Malawi","Mulanje","TA Nkanda and Mulanje Mountain Reserve",27,41320.66298,"Adults",126885.64875,75
"216",216,2790.34416757079,2.73675893843125e-10,7.23858727747398e-10,7.24241344834236e-11,2.52920873596212e-07,38501.5818890269,28.736923148272,38529.3188124291,975.642847747219,140.615800596759,"Malawi","Mulanje","TA Nkanda and Mulanje Mountain Reserve",27,41320.66298,"Adults",126885.64875,75
"217",217,2790.34416757076,2.29027491813731e-10,6.05765990257436e-10,6.06086420597725e-11,2.23169804291564e-07,38501.5818890508,28.7369231543525,38529.3188124291,975.642847747223,140.615800596762,"Malawi","Mulanje","TA Nkanda and Mulanje Mountain Reserve",27,41320.66298,"Adults",126885.64875,75
"218",218,2790.34416757074,1.91663179646199e-10,5.06939297526334e-10,5.07207634388893e-11,1.96918249164593e-07,38501.5818890719,28.7369231597178,38529.3188124291,975.642847747227,140.615800596764,"Malawi","Mulanje","TA Nkanda and Mulanje Mountain Reserve",27,41320.66298,"Adults",126885.64875,75
"219",219,2790.34416757072,1.60394606521594e-10,4.24235522478373e-10,4.24460224041924e-11,1.73754589342654e-07,38501.5818890904,28.736923164452,38529.3188124291,975.642847747231,140.615800596765,"Malawi","Mulanje","TA Nkanda and Mulanje Mountain Reserve",27,41320.66298,"Adults",126885.64875,75
"220",220,2790.3441675707,1.34227293154099e-10,3.55024318317221e-10,3.55212471858978e-11,1.53315618541992e-07,38501.5818891068,28.7369231686293,38529.3188124292,975.642847747234,140.615800596767,"Malawi","Mulanje","TA Nkanda and Mulanje Mountain Reserve",27,41320.66298,"Adults",126885.64875,75
"221",221,2790.34416757069,1.12329002939702e-10,2.97104461833539e-10,2.97262005386562e-11,1.35280849462475e-07,38501.5818891212,28.7369231723152,38529.3188124292,975.642847747236,140.615800596768,"Malawi","Mulanje","TA Nkanda and Mulanje Mountain Reserve",27,41320.66298,"Adults",126885.64875,75
"222",222,2790.34416757068,9.40032731416385e-11,2.48633844745601e-10,2.48765753037235e-11,1.193674897111e-07,38501.581889134,28.7369231755676,38529.3188124292,975.642847747238,140.615800596769,"Malawi","Mulanje","TA Nkanda and Mulanje Mountain Reserve",27,41320.66298,"Adults",126885.64875,75
"223",223,2790.34416757067,7.86672642869e-11,2.08070886487108e-10,2.08181326887487e-11,1.0532600853417e-07,38501.5818891452,28.7369231784373,38529.3188124292,975.64284774724,140.61580059677,"Malawi","Mulanje","TA Nkanda and Mulanje Mountain Reserve",27,41320.66298,"Adults",126885.64875,75
"224",224,2790.34416757066,6.58332232863898e-11,1.74125505109042e-10,1.74217968405827e-11,9.29362248916447e-08,38501.5818891551,28.7369231809695,38529.3188124292,975.642847747241,140.61580059677,"Malawi","Mulanje","TA Nkanda and Mulanje Mountain Reserve",27,41320.66298,"Adults",126885.64875,75
"225",225,2790.34416757066,5.50929707237497e-11,1.45718086952821e-10,1.45795496999575e-11,8.20038555733074e-08,38501.5818891639,28.7369231832038,38529.3188124292,975.642847747242,140.615800596771,"Malawi","Mulanje","TA Nkanda and Mulanje Mountain Reserve",27,41320.66298,"Adults",126885.64875,75
"226",226,2790.34416757065,4.61049189398484e-11,1.2194515014841e-10,1.22009955786929e-11,7.23574692628789e-08,38501.5818891716,28.7369231851753,38529.3188124292,975.642847747243,140.615800596771,"Malawi","Mulanje","TA Nkanda and Mulanje Mountain Reserve",27,41320.66298,"Adults",126885.64875,75
"227",227,2790.34416757065,3.85832080304512e-11,1.02050609884365e-10,1.02104861996817e-11,6.38457988156456e-08,38501.5818891784,28.7369231869149,38529.3188124292,975.642847747244,140.615800596772,"Malawi","Mulanje","TA Nkanda and Mulanje Mountain Reserve",27,41320.66298,"Adults",126885.64875,75
"228",228,2790.34416757064,3.22564650063375e-11,8.53166984970356e-11,8.53620697490798e-12,5.63165364471651e-08,38501.5818891844,28.7369231884536,38529.3188124292,975.642847747245,140.615800596772,"Malawi","Mulanje","TA Nkanda and Mulanje Mountain Reserve",27,41320.66298,"Adults",126885.64875,75
"229",229,2790.34416757064,2.69543973991767e-11,7.12930011264527e-11,7.13309265730708e-12,4.9667931546581e-08,38501.5818891898,28.7369231898124,38529.3188124292,975.642847747245,140.615800596772,"Malawi","Mulanje","TA Nkanda and Mulanje Mountain Reserve",27,41320.66298,"Adults",126885.64875,75
"230",230,2790.34416757064,2.25064793037944e-11,5.95284854845548e-11,5.95601620142716e-12,4.3789988660622e-08,38501.5818891945,28.7369231910137,38529.3188124292,975.642847747246,140.615800596773,"Malawi","Mulanje","TA Nkanda and Mulanje Mountain Reserve",27,41320.66298,"Adults",126885.64875,75
"231",231,2790.34416757064,1.91106720546495e-11,5.05467491689255e-11,5.05736520602928e-12,3.89245963428307e-08,38501.5818891983,28.7369231920081,38529.3188124292,975.642847747246,140.615800596773,"Malawi","Mulanje","TA Nkanda and Mulanje Mountain Reserve",27,41320.66298,"Adults",126885.64875,75
"232",232,2790.34416757063,1.62272286772655e-11,4.29201890621921e-11,4.29430374154884e-12,3.45997787320808e-08,38501.5818892018,28.736923192892,38529.3188124292,975.642847747246,140.615800596773,"Malawi","Mulanje","TA Nkanda and Mulanje Mountain Reserve",27,41320.66298,"Adults",126885.64875,75
"233",233,2790.34416757063,1.37788430355627e-11,3.64443343917512e-11,3.64637390400102e-12,3.07554756594556e-08,38501.5818892049,28.7369231936776,38529.3188124292,975.642847747247,140.615800596773,"Malawi","Mulanje","TA Nkanda and Mulanje Mountain Reserve",27,41320.66298,"Adults",126885.64875,75
"234",234,2790.34416757063,1.16998730451854e-11,3.09455652054456e-11,3.09620450025787e-12,2.7338299751798e-08,38501.5818892076,28.736923194376,38529.3188124292,975.642847747247,140.615800596773,"Malawi","Mulanje","TA Nkanda and Mulanje Mountain Reserve",27,41320.66298,"Adults",126885.64875,75
"235",235,2790.34416757063,9.93458078595381e-12,2.62764575582151e-11,2.62904532201177e-12,2.43007950938813e-08,38501.58188921,28.7369231949968,38529.3188124292,975.642847747247,140.615800596773,"Malawi","Mulanje","TA Nkanda and Mulanje Mountain Reserve",27,41320.66298,"Adults",126885.64875,75
"236",236,2790.34416757063,8.43563814852261e-12,2.23118310240401e-11,2.23237168886956e-12,2.16007782488067e-08,38501.5818892122,28.7369231955486,38529.3188124292,975.642847747247,140.615800596773,"Malawi","Mulanje","TA Nkanda and Mulanje Mountain Reserve",27,41320.66298,"Adults",126885.64875,75
"237",237,2790.34416757063,7.16285795104102e-12,1.89453925644879e-11,1.89554865835823e-12,1.92007524876032e-08,38501.5818892141,28.7369231960391,38529.3188124292,975.642847747248,140.615800596774,"Malawi","Mulanje","TA Nkanda and Mulanje Mountain Reserve",27,41320.66298,"Adults",126885.64875,75
"238",238,2790.34416757063,6.08211650660351e-12,1.60868867747931e-11,1.60954590024951e-12,1.70673870952947e-08,38501.5818892158,28.7369231964751,38529.3188124292,975.642847747248,140.615800596774,"Malawi","Mulanje","TA Nkanda and Mulanje Mountain Reserve",27,41320.66298,"Adults",126885.64875,75
"239",239,2790.34416757063,5.16443875514335e-12,1.36596761045632e-11,1.3666955909277e-12,1.51710545240945e-08,38501.5818892173,28.7369231968626,38529.3188124292,975.642847747248,140.615800596774,"Malawi","Mulanje","TA Nkanda and Mulanje Mountain Reserve",27,41320.66298,"Adults",126885.64875,75
"240",240,2790.34416757063,4.38522143183142e-12,1.15986861779717e-11,1.16048683689872e-12,1.34854189674387e-08,38501.5818892187,28.7369231972071,38529.3188124292,975.642847747248,140.615800596774,"Malawi","Mulanje","TA Nkanda and Mulanje Mountain Reserve",27,41320.66298,"Adults",126885.64875,75
"241",241,2790.34416757063,3.72357344485077e-12,9.84866112674627e-12,9.85391115890669e-13,1.19870706424246e-08,38501.5818892199,28.7369231975133,38529.3188124292,975.642847747248,140.615800596774,"Malawi","Mulanje","TA Nkanda and Mulanje Mountain Reserve",27,41320.66298,"Adults",126885.64875,75
"242",242,2790.34416757062,3.1617557778416e-12,8.36268216081486e-12,8.36714055582796e-13,1.06552007027872e-08,38501.5818892209,28.7369231977855,38529.3188124292,975.642847747248,140.615800596774,"Malawi","Mulanje","TA Nkanda and Mulanje Mountain Reserve",27,41320.66298,"Adults",126885.64875,75
"243",243,2790.34416757062,2.68470590060334e-12,7.10090965896327e-12,7.10469576116449e-13,9.47131226862412e-09,38501.5818892219,28.7369231980275,38529.3188124292,975.642847747248,140.615800596774,"Malawi","Mulanje","TA Nkanda and Mulanje Mountain Reserve",27,41320.66298,"Adults",126885.64875,75
"244",244,2790.34416757062,2.2796339373367e-12,6.02951505451199e-12,6.03273022118913e-13,8.41896356050723e-09,38501.5818892227,28.7369231982426,38529.3188124292,975.642847747248,140.615800596774,"Malawi","Mulanje","TA Nkanda and Mulanje Mountain Reserve",27,41320.66298,"Adults",126885.64875,75
"245",245,2790.34416757062,1.93567976555331e-12,5.11977387948896e-12,5.12250419083535e-13,7.48353957134131e-09,38501.5818892234,28.7369231984337,38529.3188124292,975.642847747248,140.615800596774,"Malawi","Mulanje","TA Nkanda and Mulanje Mountain Reserve",27,41320.66298,"Adults",126885.64875,75
"246",246,2790.34416757062,1.64362185235378e-12,4.34729565149238e-12,4.34961421246993e-13,6.6520491055488e-09,38501.5818892241,28.7369231986037,38529.3188124292,975.642847747248,140.615800596774,"Malawi","Mulanje","TA Nkanda and Mulanje Mountain Reserve",27,41320.66298,"Adults",126885.64875,75
"247",247,2790.34416757062,1.39563002187167e-12,3.69136995623822e-12,3.69333885176528e-13,5.9129443673606e-09,38501.5818892247,28.7369231987547,38529.3188124292,975.642847747248,140.615800596774,"Malawi","Mulanje","TA Nkanda and Mulanje Mountain Reserve",27,41320.66298,"Adults",126885.64875,75
"248",248,2790.34416757062,1.18505552549125e-12,3.13441119403436e-12,3.13608314967866e-13,5.2559605930731e-09,38501.5818892252,28.736923198889,38529.3188124292,975.642847747248,140.615800596774,"Malawi","Mulanje","TA Nkanda and Mulanje Mountain Reserve",27,41320.66298,"Adults",126885.64875,75
"249",249,2790.34416757062,1.00625278654746e-12,2.66148710363825e-12,2.66290689614741e-13,4.67197350043247e-09,38501.5818892257,28.7369231990083,38529.3188124292,975.642847747248,140.615800596774,"Malawi","Mulanje","TA Nkanda and Mulanje Mountain Reserve",27,41320.66298,"Adults",126885.64875,75
"250",250,2790.34416757062,8.54428040420285e-13,2.25991842305606e-12,2.26112407838948e-13,4.15287257569327e-09,38501.5818892261,28.7369231991144,38529.3188124292,975.642847747248,140.615800596774,"Malawi","Mulanje","TA Nkanda and Mulanje Mountain Reserve",27,41320.66298,"Adults",126885.64875,75
"251",251,2790.34416757062,7.25510811977301e-13,1.9189389539816e-12,1.91996276491109e-13,3.69144843872916e-09,38501.5818892265,28.7369231992087,38529.3188124292,975.642847747248,140.615800596774,"Malawi","Mulanje","TA Nkanda and Mulanje Mountain Reserve",27,41320.66298,"Adults",126885.64875,75
"252",252,2790.34416757062,6.16044784803023e-13,1.62940691641988e-12,1.63027630659297e-13,3.28129272249858e-09,38501.5818892268,28.7369231992925,38529.3188124292,975.642847747248,140.615800596774,"Malawi","Mulanje","TA Nkanda and Mulanje Mountain Reserve",27,41320.66298,"Adults",126885.64875,75
"253",253,2790.34416757062,5.23095136031291e-13,1.38355985413976e-12,1.38429811212803e-13,2.91670907581486e-09,38501.5818892271,28.736923199367,38529.3188124292,975.642847747248,140.615800596774,"Malawi","Mulanje","TA Nkanda and Mulanje Mountain Reserve",27,41320.66298,"Adults",126885.64875,75
"254",254,2790.34416757062,4.44169852728078e-13,1.17480652051689e-12,1.17543342320822e-13,2.59263405426106e-09,38501.5818892273,28.7369231994333,38529.3188124292,975.642847747248,140.615800596774,"Malawi","Mulanje","TA Nkanda and Mulanje Mountain Reserve",27,41320.66298,"Adults",126885.64875,75
"255",255,2790.34416757062,3.7715292015417e-13,9.97550164901249e-13,9.98082506922139e-14,2.30456680042083e-09,38501.5818892276,28.7369231994921,38529.3188124292,975.642847747248,140.615800596774,"Malawi","Mulanje","TA Nkanda and Mulanje Mountain Reserve",27,41320.66298,"Adults",126885.64875,75
"256",256,2790.34416757062,3.20247590662121e-13,8.47038481754423e-13,8.47490525097246e-14,2.04850653691761e-09,38501.5818892278,28.7369231995445,38529.3188124292,975.642847747248,140.615800596774,"Malawi","Mulanje","TA Nkanda and Mulanje Mountain Reserve",27,41320.66298,"Adults",126885.64875,75
"257",257,2790.34416757062,2.71928212256796e-13,7.19236199658634e-13,7.19620055536645e-14,1.82089700426356e-09,38501.581889228,28.736923199591,38529.3188124292,975.642847747248,140.615800596774,"Malawi","Mulanje","TA Nkanda and Mulanje Mountain Reserve",27,41320.66298,"Adults",126885.64875,75
"258",258,2790.34416757062,2.30899325326164e-13,6.10716894263981e-13,6.11042847405929e-14,1.61857707193401e-09,38501.5818892281,28.7369231996323,38529.3188124292,975.642847747248,140.615800596774,"Malawi","Mulanje","TA Nkanda and Mulanje Mountain Reserve",27,41320.66298,"Adults",126885.64875,75
"259",259,2790.34416757062,1.96060930911253e-13,5.18571124640708e-13,5.18847908698993e-14,1.43873683680602e-09,38501.5818892283,28.7369231996691,38529.3188124292,975.642847747248,140.615800596774,"Malawi","Mulanje","TA Nkanda and Mulanje Mountain Reserve",27,41320.66298,"Adults",126885.64875,75
"260",260,2790.34416757062,1.66478999345282e-13,4.40328430139671e-13,4.40563461579394e-14,1.27887859929821e-09,38501.5818892284,28.7369231997018,38529.3188124292,975.642847747248,140.615800596774,"Malawi","Mulanje","TA Nkanda and Mulanje Mountain Reserve",27,41320.66298,"Adults",126885.64875,75
"261",261,2790.34416757062,1.41360428588192e-13,3.73891096469256e-13,3.74090673195657e-14,1.13678217528283e-09,38501.5818892285,28.7369231997308,38529.3188124292,975.642847747248,140.615800596774,"Malawi","Mulanje","TA Nkanda and Mulanje Mountain Reserve",27,41320.66298,"Adults",126885.64875,75
"262",262,2790.34416757062,1.20031780880648e-13,3.17477915233874e-13,3.17647385272894e-14,1.01047406204961e-09,38501.5818892286,28.7369231997566,38529.3188124292,975.642847747248,140.615800596774,"Malawi","Mulanje","TA Nkanda and Mulanje Mountain Reserve",27,41320.66298,"Adults",126885.64875,75
"263",263,2790.34416757062,1.01921227639702e-13,2.69576429107381e-13,2.69720333853324e-14,8.98200030120538e-10,38501.5818892287,28.7369231997796,38529.3188124292,975.642847747248,140.615800596774,"Malawi","Mulanje","TA Nkanda and Mulanje Mountain Reserve",27,41320.66298,"Adults",126885.64875,75
"264",264,2790.34416757062,8.65432185323896e-14,2.28902382317647e-13,2.29024578181716e-14,7.98400760288682e-10,38501.5818892288,28.7369231998,38529.3188124292,975.642847747248,140.615800596774,"Malawi","Mulanje","TA Nkanda and Mulanje Mountain Reserve",27,41320.66298,"Adults",126885.64875,75
"265",265,2790.34416757062,7.3485463699699e-14,1.94365289295435e-13,1.94469051011199e-14,7.09690187542333e-10,38501.5818892288,28.7369231998181,38529.3188124292,975.642847747248,140.615800596774,"Malawi","Mulanje","TA Nkanda and Mulanje Mountain Reserve",27,41320.66298,"Adults",126885.64875,75
"266",266,2790.34416757062,6.23978801197395e-14,1.65039198370897e-13,1.65127306722028e-14,6.30836251126111e-10,38501.5818892289,28.7369231998342,38529.3188124292,975.642847747248,140.615800596774,"Malawi","Mulanje","TA Nkanda and Mulanje Mountain Reserve",27,41320.66298,"Adults",126885.64875,75
"267",267,2790.34416757062,5.29832057581989e-14,1.40137866682069e-13,1.4021268300091e-14,5.60743783404622e-10,38501.581889229,28.7369231998485,38529.3188124292,975.642847747248,140.615800596774,"Malawi","Mulanje","TA Nkanda and Mulanje Mountain Reserve",27,41320.66298,"Adults",126885.64875,75
"268",268,2790.34416757062,4.49890298681451e-14,1.18993680725867e-13,1.19057210157411e-14,4.98439299895938e-10,38501.581889229,28.7369231998613,38529.3188124292,975.642847747248,140.615800596774,"Malawi","Mulanje","TA Nkanda and Mulanje Mountain Reserve",27,41320.66298,"Adults",126885.64875,75
"269",269,2790.34416757062,3.82010257686947e-14,1.01039757404129e-13,1.01093702629317e-14,4.43057479244004e-10,38501.5818892291,28.7369231998726,38529.3188124292,975.642847747248,140.615800596774,"Malawi","Mulanje","TA Nkanda and Mulanje Mountain Reserve",27,41320.66298,"Adults",126885.64875,75
"270",270,2790.34416757062,3.24372046709515e-14,8.57947456874103e-14,8.5840552544334e-15,3.9382914536762e-10,38501.5818892291,28.7369231998826,38529.3188124292,975.642847747248,140.615800596774,"Malawi","Mulanje","TA Nkanda and Mulanje Mountain Reserve",27,41320.66298,"Adults",126885.64875,75
"271",271,2790.34416757062,2.75430364926228e-14,7.28499214254556e-14,7.28888176508384e-15,3.50070584886754e-10,38501.5818892291,28.7369231998916,38529.3188124292,975.642847747248,140.615800596774,"Malawi","Mulanje","TA Nkanda and Mulanje Mountain Reserve",27,41320.66298,"Adults",126885.64875,75
"272",272,2790.34416757062,2.33873068571456e-14,6.18582293026182e-14,6.18912574286934e-15,3.11174051458798e-10,38501.5818892292,28.7369231998995,38529.3188124292,975.642847747248,140.615800596774,"Malawi","Mulanje","TA Nkanda and Mulanje Mountain Reserve",27,41320.66298,"Adults",126885.64875,75
"273",273,2790.34416757062,1.98585991846123e-14,5.25249781682162e-14,5.25530234590026e-15,2.76599325169687e-10,38501.5818892292,28.7369231999066,38529.3188124292,975.642847747248,140.615800596774,"Malawi","Mulanje","TA Nkanda and Mulanje Mountain Reserve",27,41320.66298,"Adults",126885.64875,75
"274",274,2790.34416757062,1.68623075750572e-14,4.45999402611155e-14,4.46237544352391e-15,2.4586620973889e-10,38501.5818892292,28.7369231999129,38529.3188124292,975.642847747248,140.615800596774,"Malawi","Mulanje","TA Nkanda and Mulanje Mountain Reserve",27,41320.66298,"Adults",126885.64875,75
"275",275,2790.34416757062,1.43181003913703e-14,3.78706425143977e-14,3.78908638897425e-15,2.18547863347278e-10,38501.5818892292,28.7369231999185,38529.3188124292,975.642847747248,140.615800596774,"Malawi","Mulanje","TA Nkanda and Mulanje Mountain Reserve",27,41320.66298,"Adults",126885.64875,75
"276",276,2790.34416757062,1.21577665397041e-14,3.21566700773723e-14,3.21738406772428e-15,1.94264870466369e-10,38501.5818892293,28.7369231999234,38529.3188124292,975.642847747248,140.615800596774,"Malawi","Mulanje","TA Nkanda and Mulanje Mountain Reserve",27,41320.66298,"Adults",126885.64875,75
"277",277,2790.34416757062,1.03233867059326e-14,2.7304829329688e-14,2.73194094087437e-15,1.72679972357704e-10,38501.5818892293,28.7369231999278,38529.3188124292,975.642847747248,140.615800596774,"Malawi","Mulanje","TA Nkanda and Mulanje Mountain Reserve",27,41320.66298,"Adults",126885.64875,75
"278",278,2790.34416757062,8.76578051836345e-15,2.31850407062437e-14,2.31974210853614e-15,1.53493383059144e-10,38501.5818892293,28.7369231999318,38529.3188124292,975.642847747248,140.615800596774,"Malawi","Mulanje","TA Nkanda and Mulanje Mountain Reserve",27,41320.66298,"Adults",126885.64875,75
"279",279,2790.34416757062,7.44318800458768e-15,1.9686851218086e-14,1.96973637586181e-15,1.36438625805947e-10,38501.5818892293,28.7369231999352,38529.3188124292,975.642847747248,140.615800596774,"Malawi","Mulanje","TA Nkanda and Mulanje Mountain Reserve",27,41320.66298,"Adults",126885.64875,75
"280",280,2790.34416757062,6.32014999185735e-15,1.67164731687463e-14,1.67253996668083e-15,1.21278832062239e-10,38501.5818892293,28.7369231999383,38529.3188124292,975.642847747248,140.615800596774,"Malawi","Mulanje","TA Nkanda and Mulanje Mountain Reserve",27,41320.66298,"Adults",126885.64875,75
"281",281,2790.34416757062,5.36655743413005e-15,1.41942696729574e-14,1.42018494120522e-15,1.07803451763155e-10,38501.5818892293,28.7369231999411,38529.3188124292,975.642847747248,140.615800596774,"Malawi","Mulanje","TA Nkanda and Mulanje Mountain Reserve",27,41320.66298,"Adults",126885.64875,75
"282",282,2790.34416757062,4.55684417790177e-15,1.2052619563618e-14,1.20590557279662e-15,9.58253290787882e-11,38501.5818892294,28.7369231999435,38529.3188124292,975.642847747248,140.615800596774,"Malawi","Mulanje","TA Nkanda and Mulanje Mountain Reserve",27,41320.66298,"Adults",126885.64875,75
"283",283,2790.34416757062,3.8693015245947e-15,1.02341044444064e-14,1.02395695648303e-15,8.51781030874433e-11,38501.5818892294,28.7369231999457,38529.3188124292,975.642847747248,140.615800596774,"Malawi","Mulanje","TA Nkanda and Mulanje Mountain Reserve",27,41320.66298,"Adults",126885.64875,75
"284",284,2790.34416757062,3.28549621267522e-15,8.68996928228469e-15,8.69460986057344e-16,7.57138972580428e-11,38501.5818892294,28.7369231999477,38529.3188124292,975.642847747248,140.615800596774,"Malawi","Mulanje","TA Nkanda and Mulanje Mountain Reserve",27,41320.66298,"Adults",126885.64875,75
"285",285,2790.34416757062,2.78977621539692e-15,7.37881526783272e-15,7.38275570350959e-16,6.73012656525205e-11,38501.5818892294,28.7369231999494,38529.3188124292,975.642847747248,140.615800596774,"Malawi","Mulanje","TA Nkanda and Mulanje Mountain Reserve",27,41320.66298,"Adults",126885.64875,75
"286",286,2790.34416757062,2.36885110443128e-15,6.26548989853778e-15,6.26883582325628e-16,5.98233673243925e-11,38501.5818892294,28.7369231999509,38529.3188124292,975.642847747248,140.615800596774,"Malawi","Mulanje","TA Nkanda and Mulanje Mountain Reserve",27,41320.66298,"Adults",126885.64875,75
"287",287,2790.34416757062,2.01143572878682e-15,5.32014452777905e-15,5.32298563670558e-16,5.31763435589109e-11,38501.5818892294,28.7369231999523,38529.3188124292,975.642847747248,140.615800596774,"Malawi","Mulanje","TA Nkanda and Mulanje Mountain Reserve",27,41320.66298,"Adults",126885.64875,75
"288",288,2790.34416757062,1.70794765592234e-15,4.51743411206312e-15,4.51984656812429e-16,4.7267875417303e-11,38501.5818892294,28.7369231999535,38529.3188124292,975.642847747248,140.615800596774,"Malawi","Mulanje","TA Nkanda and Mulanje Mountain Reserve",27,41320.66298,"Adults",126885.64875,75
"289",289,2790.34416757062,1.4502502633437e-15,3.83583770145075e-15,3.83788617687883e-16,4.2015901551695e-11,38501.5818892294,28.7369231999545,38529.3188124292,975.642847747248,140.615800596774,"Malawi","Mulanje","TA Nkanda and Mulanje Mountain Reserve",27,41320.66298,"Adults",126885.64875,75
"290",290,2790.34416757062,1.23143459287896e-15,3.25708145528331e-15,3.25882086517384e-16,3.73474784831958e-11,38501.5818892294,28.7369231999555,38529.3188124292,975.642847747248,140.615800596774,"Malawi","Mulanje","TA Nkanda and Mulanje Mountain Reserve",27,41320.66298,"Adults",126885.64875,75
"291",291,2790.34416757062,1.04563411914794e-15,2.76564871378353e-15,2.767125688364e-16,3.31977675145343e-11,38501.5818892294,28.7369231999563,38529.3188124292,975.642847747248,140.615800596774,"Malawi","Mulanje","TA Nkanda and Mulanje Mountain Reserve",27,41320.66298,"Adults",126885.64875,75
