adm_id,name,country,level,adm2,adm1,city,adm_area,day_n1,date_n1,day_n2,date_n2,day_n5,date_n5,day_n10,date_n10,day_n25,date_n25,day_n50,date_n50,day_n100,date_n100,day_n250,date_n250,day_n1000,date_n1000,day_ncalibrate,date_ncalibrate
10101,TA Mwabulambya,mw,3,Chitipa,Northern,,634.1899183,23,3/26/2020,26,3/29/2020,29,4/1/2020,31,4/3/2020,35,4/7/2020,37,4/9/2020,40,4/12/2020,44,4/16/2020,51,4/23/2020,300,11/29/2020
10102,STA Bulambya Songwe,mw,3,Chitipa,Northern,,348.875553,26,3/29/2020,28,3/31/2020,31,4/3/2020,34,4/6/2020,37,4/9/2020,40,4/12/2020,43,4/15/2020,47,4/19/2020,55,4/27/2020,300,12/2/2020
10103,TA Mwenemisuku,mw,3,Chitipa,Northern,,489.5537461,28,3/31/2020,31,4/3/2020,34,4/6/2020,36,4/8/2020,40,4/12/2020,43,4/15/2020,46,4/18/2020,50,4/22/2020,58,4/30/2020,300,12/4/2020
10104,STA Lwangwa,mw,3,Chitipa,Northern,,173.4001359,36,4/8/2020,39,4/11/2020,43,4/15/2020,46,4/18/2020,50,4/22/2020,53,4/25/2020,57,4/29/2020,63,5/5/2020,75,5/17/2020,300,12/14/2020
10105,TA Mwenewenya,mw,3,Chitipa,Northern,,750.9657307,36,4/8/2020,39,4/11/2020,42,4/14/2020,45,4/17/2020,49,4/21/2020,53,4/25/2020,56,4/28/2020,62,5/4/2020,73,5/15/2020,300,12/13/2020
10106,TA Nthalire,mw,3,Chitipa,Northern,,286.234316,35,4/7/2020,38,4/10/2020,41,4/13/2020,44,4/16/2020,48,4/20/2020,52,4/24/2020,56,4/28/2020,63,5/5/2020,77,5/19/2020,300,12/12/2020
10107,STA Nthengatenga,mw,3,Chitipa,Northern,,303.9732305,35,4/7/2020,37,4/9/2020,41,4/13/2020,43,4/15/2020,47,4/19/2020,50,4/22/2020,54,4/26/2020,59,5/1/2020,69,5/11/2020,300,12/11/2020
10108,STA Wavikaza,mw,3,Chitipa,Northern,,147.1981715,40,4/12/2020,42,4/14/2020,46,4/18/2020,49,4/21/2020,55,4/27/2020,60,5/2/2020,65,5/7/2020,74,5/16/2020,,,300,12/17/2020
10109,TA Kameme,mw,3,Chitipa,Northern,,446.076971,25,3/28/2020,28,3/31/2020,31,4/3/2020,33,4/5/2020,37,4/9/2020,39,4/11/2020,42,4/14/2020,46,4/18/2020,55,4/27/2020,300,12/1/2020
10110,Nyika Ntational Park-Chitipa,mw,3,Chitipa,Northern,,783.6365079,49,4/21/2020,53,4/25/2020,59,5/1/2020,64,5/6/2020,76,5/18/2020,96,6/7/2020,,,,,,,300,1/1/2021
10120,Chitipa Boma,mw,3,Chitipa,Northern,,8.587839564,27,3/30/2020,29,4/1/2020,32,4/4/2020,35,4/7/2020,38,4/10/2020,41,4/13/2020,44,4/16/2020,48,4/20/2020,56,4/28/2020,300,12/3/2020
10201,TA Kilupula,mw,3,Karonga,Northern,,335.7863046,26,3/29/2020,28,3/31/2020,31,4/3/2020,34,4/6/2020,37,4/9/2020,40,4/12/2020,42,4/14/2020,46,4/18/2020,52,4/24/2020,300,12/2/2020
10202,TA Mwakaboko,mw,3,Karonga,Northern,,254.0602002,27,3/30/2020,30,4/2/2020,33,4/5/2020,36,4/8/2020,39,4/11/2020,42,4/14/2020,45,4/17/2020,49,4/21/2020,58,4/30/2020,300,12/4/2020
10203,TA Kyungu,mw,3,Karonga,Northern,,1626.217682,18,3/21/2020,20,3/23/2020,24,3/27/2020,26,3/29/2020,29,4/1/2020,32,4/4/2020,34,4/6/2020,37,4/9/2020,43,4/15/2020,300,11/24/2020
10204,TA Wasambo,mw,3,Karonga,Northern,,366.7288523,17,3/20/2020,19,3/22/2020,22,3/25/2020,25,3/28/2020,28,3/31/2020,30,4/2/2020,33,4/5/2020,36,4/8/2020,42,4/14/2020,300,11/23/2020
10205,TA Mwirang'ombe,mw,3,Karonga,Northern,,253.3562357,21,3/24/2020,24,3/27/2020,27,3/30/2020,29,4/1/2020,33,4/5/2020,35,4/7/2020,38,4/10/2020,41,4/13/2020,48,4/20/2020,300,11/27/2020
10206,Nyika National Park-Karonga,mw,3,Karonga,Northern,,561.4450597,38,4/10/2020,41,4/13/2020,44,4/16/2020,48,4/20/2020,53,4/25/2020,57,4/29/2020,62,5/4/2020,74,5/16/2020,,,300,12/16/2020
10220,Karonga Town,mw,3,Karonga,Northern,,44.5828219,17,3/20/2020,19,3/22/2020,23,3/26/2020,25,3/28/2020,28,3/31/2020,31,4/3/2020,33,4/5/2020,36,4/8/2020,42,4/14/2020,300,11/23/2020
10301,TA Kabunduli,mw,3,Nkhatabay,Northern,,1720.582223,13,3/16/2020,15,3/18/2020,19,3/22/2020,21,3/24/2020,24,3/27/2020,27,3/30/2020,29,4/1/2020,32,4/4/2020,37,4/9/2020,300,11/19/2020
10302,TA Fukamapiri,mw,3,Nkhatabay,Northern,,216.6759968,22,3/25/2020,24,3/27/2020,27,3/30/2020,30,4/2/2020,33,4/5/2020,35,4/7/2020,38,4/10/2020,42,4/14/2020,49,4/21/2020,300,11/28/2020
10303,TA Malenga Mzoma,mw,3,Nkhatabay,Northern,,41.77635865,23,3/26/2020,25,3/28/2020,28,3/31/2020,31,4/3/2020,34,4/6/2020,37,4/9/2020,39,4/11/2020,43,4/15/2020,50,4/22/2020,300,11/29/2020
10304,TA Malanda,mw,3,Nkhatabay,Northern,,171.7232449,21,3/24/2020,23,3/26/2020,27,3/30/2020,29,4/1/2020,32,4/4/2020,35,4/7/2020,37,4/9/2020,41,4/13/2020,48,4/20/2020,300,11/27/2020
10305,TA Zilakoma,mw,3,Nkhatabay,Northern,,483.7142005,24,3/27/2020,26,3/29/2020,29,4/1/2020,32,4/4/2020,35,4/7/2020,38,4/10/2020,40,4/12/2020,45,4/17/2020,53,4/25/2020,300,11/30/2020
10306,TA Mankhambira,mw,3,Nkhatabay,Northern,,97.8559029,16,3/19/2020,18,3/21/2020,21,3/24/2020,24,3/27/2020,27,3/30/2020,29,4/1/2020,32,4/4/2020,35,4/7/2020,40,4/12/2020,300,11/22/2020
10307,TA Fukamalaza,mw,3,Nkhatabay,Northern,,76.13106124,22,3/25/2020,24,3/27/2020,27,3/30/2020,30,4/2/2020,33,4/5/2020,35,4/7/2020,38,4/10/2020,42,4/14/2020,48,4/20/2020,300,11/28/2020
10308,TA Mkumbira,mw,3,Nkhatabay,Northern,,53.95026874,19,3/22/2020,21,3/24/2020,25,3/28/2020,27,3/30/2020,30,4/2/2020,33,4/5/2020,35,4/7/2020,39,4/11/2020,44,4/16/2020,300,11/25/2020
10309,TA M'bwana,mw,3,Nkhatabay,Northern,,522.4936229,20,3/23/2020,22,3/25/2020,25,3/28/2020,28,3/31/2020,31,4/3/2020,33,4/5/2020,36,4/8/2020,39,4/11/2020,45,4/17/2020,300,11/26/2020
10310,STA Nyaluwanga,mw,3,Nkhatabay,Northern,,209.8262146,17,3/20/2020,19,3/22/2020,22,3/25/2020,25,3/28/2020,28,3/31/2020,30,4/2/2020,33,4/5/2020,36,4/8/2020,41,4/13/2020,300,11/23/2020
10311,STA Kondowe,mw,3,Nkhatabay,Northern,,85.91752657,34,4/6/2020,37,4/9/2020,41,4/13/2020,44,4/16/2020,48,4/20/2020,52,4/24/2020,56,4/28/2020,63,5/5/2020,,,300,12/12/2020
10312,TA Timbiri,mw,3,Nkhatabay,Northern,,495.4677363,14,3/17/2020,16,3/19/2020,19,3/22/2020,22,3/25/2020,25,3/28/2020,27,3/30/2020,30,4/2/2020,33,4/5/2020,38,4/10/2020,300,11/20/2020
10314,TA Boghoyo,mw,3,Nkhatabay,Northern,,22.40661186,41,4/13/2020,45,4/17/2020,52,4/24/2020,59,5/1/2020,79,5/21/2020,,,,,,,,,300,12/27/2020
10320,Nkhatabay Boma,mw,3,Nkhatabay,Northern,,12.45307022,18,3/21/2020,20,3/23/2020,23,3/26/2020,26,3/29/2020,29,4/1/2020,31,4/3/2020,34,4/6/2020,37,4/9/2020,43,4/15/2020,300,11/24/2020
10401,TA Chikulamayembe,mw,3,Rumphi,Northern,,686.5223186,17,3/20/2020,19,3/22/2020,23,3/26/2020,25,3/28/2020,28,3/31/2020,31,4/3/2020,33,4/5/2020,36,4/8/2020,42,4/14/2020,300,11/23/2020
10402,TA Mwamlowe,mw,3,Rumphi,Northern,,118.7874565,26,3/29/2020,28,3/31/2020,31,4/3/2020,34,4/6/2020,37,4/9/2020,40,4/12/2020,42,4/14/2020,46,4/18/2020,54,4/26/2020,300,12/2/2020
10403,TA Mwahenga,mw,3,Rumphi,Northern,,138.4181757,20,3/23/2020,22,3/25/2020,26,3/29/2020,28,3/31/2020,31,4/3/2020,34,4/6/2020,36,4/8/2020,40,4/12/2020,45,4/17/2020,300,11/26/2020
10404,TA Mwalweni,mw,3,Rumphi,Northern,,260.8029538,17,3/20/2020,20,3/23/2020,23,3/26/2020,25,3/28/2020,28,3/31/2020,31,4/3/2020,33,4/5/2020,37,4/9/2020,42,4/14/2020,300,11/23/2020
10405,STA Kachulu,mw,3,Rumphi,Northern,,132.532307,20,3/23/2020,23,3/26/2020,26,3/29/2020,28,3/31/2020,31,4/3/2020,34,4/6/2020,36,4/8/2020,40,4/12/2020,45,4/17/2020,300,11/26/2020
10406,STA Chapinduka,mw,3,Rumphi,Northern,,107.3136384,29,4/1/2020,31,4/3/2020,34,4/6/2020,37,4/9/2020,40,4/12/2020,43,4/15/2020,46,4/18/2020,50,4/22/2020,58,4/30/2020,300,12/5/2020
10407,TA Mwankhunikira,mw,3,Rumphi,Northern,,424.4861247,19,3/22/2020,22,3/25/2020,25,3/28/2020,27,3/30/2020,31,4/3/2020,33,4/5/2020,36,4/8/2020,39,4/11/2020,45,4/17/2020,300,11/25/2020
10408,TA Katumbi,mw,3,Rumphi,Northern,,111.1682921,27,3/30/2020,29,4/1/2020,33,4/5/2020,35,4/7/2020,39,4/11/2020,41,4/13/2020,44,4/16/2020,49,4/21/2020,58,4/30/2020,300,12/3/2020
10409,STA Zolokere,mw,3,Rumphi,Northern,,71.8085413,31,4/3/2020,33,4/5/2020,37,4/9/2020,39,4/11/2020,43,4/15/2020,46,4/18/2020,50,4/22/2020,56,4/28/2020,68,5/10/2020,300,12/7/2020
10410,STA Chisovya,mw,3,Rumphi,Northern,,85.53348764,21,3/24/2020,23,3/26/2020,26,3/29/2020,29,4/1/2020,32,4/4/2020,34,4/6/2020,37,4/9/2020,41,4/13/2020,47,4/19/2020,300,11/27/2020
10411,STA Njikula,mw,3,Rumphi,Northern,,43.10475864,25,3/28/2020,27,3/30/2020,30,4/2/2020,33,4/5/2020,36,4/8/2020,39,4/11/2020,42,4/14/2020,46,4/18/2020,54,4/26/2020,300,12/1/2020
10412,Nyika National Park,mw,3,Rumphi,Northern,,1792.059131,27,3/30/2020,29,4/1/2020,33,4/5/2020,35,4/7/2020,38,4/10/2020,41,4/13/2020,44,4/16/2020,48,4/20/2020,57,4/29/2020,300,12/3/2020
10413,Vwaza Marsh Reserve,mw,3,Rumphi,Northern,,612.1228007,34,4/6/2020,36,4/8/2020,40,4/12/2020,42,4/14/2020,47,4/19/2020,50,4/22/2020,55,4/27/2020,63,5/5/2020,,,300,12/10/2020
10420,Rumphi Boma,mw,3,Rumphi,Northern,,11.34293929,19,3/22/2020,21,3/24/2020,24,3/27/2020,27,3/30/2020,30,4/2/2020,32,4/4/2020,35,4/7/2020,38,4/10/2020,44,4/16/2020,300,11/25/2020
10501,TA M'Mbelwa,mw,3,Mzimba,Northern,,1155.139295,18,3/21/2020,21,3/24/2020,24,3/27/2020,26,3/29/2020,29,4/1/2020,32,4/4/2020,34,4/6/2020,38,4/10/2020,43,4/15/2020,300,11/24/2020
10502,TA Mtwalo,mw,3,Mzimba,Northern,,1984.179791,9,3/12/2020,11,3/14/2020,14,3/17/2020,16,3/19/2020,19,3/22/2020,21,3/24/2020,24,3/27/2020,27,3/30/2020,32,4/4/2020,300,11/14/2020
10503,TA Kampingo Sibande,mw,3,Mzimba,Northern,,968.1930011,11,3/14/2020,14,3/17/2020,17,3/20/2020,19,3/22/2020,22,3/25/2020,25,3/28/2020,27,3/30/2020,30,4/2/2020,35,4/7/2020,300,11/17/2020
10504,TA Jaravikuba Munthali,mw,3,Mzimba,Northern,,164.2087711,19,3/22/2020,21,3/24/2020,24,3/27/2020,27,3/30/2020,30,4/2/2020,32,4/4/2020,35,4/7/2020,38,4/10/2020,44,4/16/2020,300,11/25/2020
10505,TA Chindi,mw,3,Mzimba,Northern,,1770.484598,18,3/21/2020,20,3/23/2020,23,3/26/2020,26,3/29/2020,29,4/1/2020,31,4/3/2020,34,4/6/2020,37,4/9/2020,42,4/14/2020,300,11/24/2020
10506,TA Mzikubola,mw,3,Mzimba,Northern,,1454.755773,17,3/20/2020,19,3/22/2020,22,3/25/2020,25,3/28/2020,28,3/31/2020,30,4/2/2020,33,4/5/2020,36,4/8/2020,42,4/14/2020,300,11/23/2020
10507,TA Mabulabo,mw,3,Mzimba,Northern,,549.0987643,25,3/28/2020,27,3/30/2020,30,4/2/2020,33,4/5/2020,36,4/8/2020,39,4/11/2020,41,4/13/2020,45,4/17/2020,52,4/24/2020,300,12/1/2020
10508,TA Khosolo Gwaza Jere,mw,3,Mzimba,Northern,,977.7424541,29,4/1/2020,32,4/4/2020,35,4/7/2020,38,4/10/2020,41,4/13/2020,44,4/16/2020,47,4/19/2020,51,4/23/2020,58,4/30/2020,300,12/6/2020
10509,TA Mpherembe,mw,3,Mzimba,Northern,,700.1534532,20,3/23/2020,22,3/25/2020,25,3/28/2020,28,3/31/2020,31,4/3/2020,33,4/5/2020,36,4/8/2020,39,4/11/2020,46,4/18/2020,300,11/26/2020
10510,TA Mzukuzuku,mw,3,Mzimba,Northern,,276.192147,28,3/31/2020,31,4/3/2020,34,4/6/2020,36,4/8/2020,40,4/12/2020,43,4/15/2020,46,4/18/2020,51,4/23/2020,60,5/2/2020,300,12/4/2020
10511,STA Levi Jere,mw,3,Mzimba,Northern,,180.6544363,23,3/26/2020,26,3/29/2020,29,4/1/2020,31,4/3/2020,35,4/7/2020,37,4/9/2020,40,4/12/2020,44,4/16/2020,52,4/24/2020,300,11/29/2020
10512,Vwaza Marsh Reserve,mw,3,Mzimba,Northern,,368.9545854,37,4/9/2020,40,4/12/2020,43,4/15/2020,47,4/19/2020,52,4/24/2020,58,4/30/2020,65,5/7/2020,81,5/23/2020,,,300,12/15/2020
10520,Mzimba Boma,mw,3,Mzimba,Northern,,10.64210671,20,3/23/2020,22,3/25/2020,25,3/28/2020,28,3/31/2020,31,4/3/2020,34,4/6/2020,36,4/8/2020,40,4/12/2020,46,4/18/2020,300,11/26/2020
10601,TA Mkumpha,mw,3,Likoma,Northern,,19.21430503,35,4/7/2020,38,4/10/2020,41,4/13/2020,44,4/16/2020,47,4/19/2020,50,4/22/2020,54,4/26/2020,60,5/2/2020,76,5/18/2020,300,12/12/2020
10620,Likoma Boma,mw,3,Likoma,Northern,,1.332880282,41,4/13/2020,43,4/15/2020,47,4/19/2020,50,4/22/2020,55,4/27/2020,59,5/1/2020,66,5/8/2020,80,5/22/2020,,,300,12/18/2020
10701,Chibavi East Ward,mw,3,Mzuzu City,Northern,Mzuzu City,0.847332392,12,3/15/2020,14,3/17/2020,17,3/20/2020,20,3/23/2020,23,3/26/2020,25,3/28/2020,28,3/31/2020,31,4/3/2020,36,4/8/2020,120,3/23/2020
10702,Chibavi West Ward,mw,3,Mzuzu City,Northern,Mzuzu City,1.601779845,9,3/12/2020,12,3/15/2020,15,3/18/2020,17,3/20/2020,20,3/23/2020,23,3/26/2020,25,3/28/2020,28,3/31/2020,33,4/5/2020,120,3/20/2020
10703,Chibanja Ward,mw,3,Mzuzu City,Northern,Mzuzu City,2.158177143,9,3/12/2020,11,3/14/2020,14,3/17/2020,17,3/20/2020,20,3/23/2020,22,3/25/2020,25,3/28/2020,28,3/31/2020,33,4/5/2020,120,3/20/2020
10704,Chiputula Ward,mw,3,Mzuzu City,Northern,Mzuzu City,1.082965187,11,3/14/2020,13,3/16/2020,17,3/20/2020,19,3/22/2020,22,3/25/2020,25,3/28/2020,27,3/30/2020,30,4/2/2020,35,4/7/2020,120,3/22/2020
10705,Jombo - Kaning'ina Ward,mw,3,Mzuzu City,Northern,Mzuzu City,5.470676244,5,3/8/2020,8,3/11/2020,11,3/14/2020,14,3/17/2020,17,3/20/2020,19,3/22/2020,22,3/25/2020,25,3/28/2020,30,4/2/2020,120,3/17/2020
10706,Katawa Ward,mw,3,Mzuzu City,Northern,Mzuzu City,4.605520889,10,3/13/2020,12,3/15/2020,16,3/19/2020,18,3/21/2020,21,3/24/2020,24,3/27/2020,26,3/29/2020,29,4/1/2020,34,4/6/2020,120,3/21/2020
10707,Luwinga Ward,mw,3,Mzuzu City,Northern,Mzuzu City,13.08408053,8,3/11/2020,9,3/12/2020,12,3/15/2020,14,3/17/2020,17,3/20/2020,20,3/23/2020,22,3/25/2020,25,3/28/2020,30,4/2/2020,120,3/17/2020
10708,Masasa Ward,mw,3,Mzuzu City,Northern,Mzuzu City,19.09454278,2,3/5/2020,6,3/9/2020,10,3/13/2020,13,3/16/2020,16,3/19/2020,19,3/22/2020,21,3/24/2020,24,3/27/2020,29,4/1/2020,120,3/16/2020
10709,Mchengautuwa East Ward,mw,3,Mzuzu City,Northern,Mzuzu City,4.413630351,7,3/10/2020,9,3/12/2020,12,3/15/2020,14,3/17/2020,17,3/20/2020,20,3/23/2020,22,3/25/2020,25,3/28/2020,30,4/2/2020,120,3/17/2020
10710,Mchengautuwa West Ward,mw,3,Mzuzu City,Northern,Mzuzu City,22.87670312,10,3/13/2020,12,3/15/2020,15,3/18/2020,18,3/21/2020,21,3/24/2020,23,3/26/2020,26,3/29/2020,29,4/1/2020,34,4/6/2020,120,3/21/2020
10711,Msongwe Ward,mw,3,Mzuzu City,Northern,Mzuzu City,17.65809701,10,3/13/2020,12,3/15/2020,15,3/18/2020,17,3/20/2020,21,3/24/2020,23,3/26/2020,25,3/28/2020,29,4/1/2020,34,4/6/2020,120,3/20/2020
10712,Mzilawaingwe Ward,mw,3,Mzuzu City,Northern,Mzuzu City,1.163844783,11,3/14/2020,13,3/16/2020,16,3/19/2020,19,3/22/2020,22,3/25/2020,24,3/27/2020,27,3/30/2020,30,4/2/2020,35,4/7/2020,120,3/22/2020
10713,Nkhorongo - Lupaso Ward,mw,3,Mzuzu City,Northern,Mzuzu City,32.81392932,12,3/15/2020,14,3/17/2020,17,3/20/2020,19,3/22/2020,22,3/25/2020,25,3/28/2020,27,3/30/2020,30,4/2/2020,35,4/7/2020,120,3/22/2020
10714,Zolozolo East Ward,mw,3,Mzuzu City,Northern,Mzuzu City,18.10815777,11,3/14/2020,13,3/16/2020,16,3/19/2020,19,3/22/2020,22,3/25/2020,24,3/27/2020,27,3/30/2020,30,4/2/2020,35,4/7/2020,120,3/22/2020
10715,Zolozolo West Ward,mw,3,Mzuzu City,Northern,Mzuzu City,2.001055439,12,3/15/2020,14,3/17/2020,17,3/20/2020,19,3/22/2020,22,3/25/2020,25,3/28/2020,27,3/30/2020,30,4/2/2020,35,4/7/2020,120,3/22/2020
20101,TA Kaluluma,mw,3,Kasungu,Central,,313.577798,22,3/25/2020,24,3/27/2020,27,3/30/2020,30,4/2/2020,33,4/5/2020,35,4/7/2020,38,4/10/2020,42,4/14/2020,48,4/20/2020,300,11/28/2020
20102,TA Chisemphere,mw,3,Kasungu,Central,,94.14151216,25,3/28/2020,27,3/30/2020,30,4/2/2020,33,4/5/2020,36,4/8/2020,39,4/11/2020,42,4/14/2020,46,4/18/2020,53,4/25/2020,300,12/1/2020
20103,TA Simlemba,mw,3,Kasungu,Central,,312.7891227,29,4/1/2020,32,4/4/2020,35,4/7/2020,37,4/9/2020,41,4/13/2020,44,4/16/2020,47,4/19/2020,51,4/23/2020,59,5/1/2020,300,12/5/2020
20104,STA M'nyanja,mw,3,Kasungu,Central,,290.713376,23,3/26/2020,25,3/28/2020,28,3/31/2020,31,4/3/2020,34,4/6/2020,37,4/9/2020,39,4/11/2020,43,4/15/2020,49,4/21/2020,300,11/29/2020
20105,STA Chisikwa,mw,3,Kasungu,Central,,44.50856395,25,3/28/2020,28,3/31/2020,31,4/3/2020,34,4/6/2020,37,4/9/2020,40,4/12/2020,43,4/15/2020,47,4/19/2020,56,4/28/2020,300,12/2/2020
20106,TA Kaomba,mw,3,Kasungu,Central,,261.612782,23,3/26/2020,25,3/28/2020,29,4/1/2020,31,4/3/2020,34,4/6/2020,37,4/9/2020,39,4/11/2020,43,4/15/2020,48,4/20/2020,300,11/29/2020
20107,TA Kawamba,mw,3,Kasungu,Central,,521.2313696,33,4/5/2020,35,4/7/2020,38,4/10/2020,41,4/13/2020,44,4/16/2020,47,4/19/2020,50,4/22/2020,54,4/26/2020,60,5/2/2020,300,12/9/2020
20108,STA Nthunduwala,mw,3,Kasungu,Central,,124.9755014,47,4/19/2020,49,4/21/2020,53,4/25/2020,56,4/28/2020,60,5/2/2020,64,5/6/2020,68,5/10/2020,75,5/17/2020,90,6/1/2020,300,12/24/2020
20109,TA Njombwa,mw,3,Kasungu,Central,,290.7364674,23,3/26/2020,26,3/29/2020,29,4/1/2020,31,4/3/2020,34,4/6/2020,37,4/9/2020,39,4/11/2020,43,4/15/2020,49,4/21/2020,300,11/29/2020
20110,TA Chilowamatambe,mw,3,Kasungu,Central,,247.7138221,28,3/31/2020,30,4/2/2020,34,4/6/2020,36,4/8/2020,39,4/11/2020,42,4/14/2020,45,4/17/2020,48,4/20/2020,55,4/27/2020,300,12/4/2020
20111,STA Chambwe,mw,3,Kasungu,Central,,80.91921582,32,4/4/2020,34,4/6/2020,38,4/10/2020,40,4/12/2020,44,4/16/2020,47,4/19/2020,50,4/22/2020,54,4/26/2020,62,5/4/2020,300,12/8/2020
20112,TA Chulu,mw,3,Kasungu,Central,,238.3020703,29,4/1/2020,31,4/3/2020,35,4/7/2020,37,4/9/2020,41,4/13/2020,43,4/15/2020,46,4/18/2020,50,4/22/2020,58,4/30/2020,300,12/5/2020
20113,STA Chisinga,mw,3,Kasungu,Central,,154.7585779,31,4/3/2020,34,4/6/2020,37,4/9/2020,39,4/11/2020,43,4/15/2020,46,4/18/2020,49,4/21/2020,53,4/25/2020,61,5/3/2020,300,12/7/2020
20114,STA Mphomwa,mw,3,Kasungu,Central,,169.7525462,26,3/29/2020,29,4/1/2020,32,4/4/2020,34,4/6/2020,38,4/10/2020,40,4/12/2020,43,4/15/2020,47,4/19/2020,55,4/27/2020,300,12/2/2020
20115,STA Chaima,mw,3,Kasungu,Central,,238.061497,38,4/10/2020,40,4/12/2020,43,4/15/2020,46,4/18/2020,49,4/21/2020,52,4/24/2020,55,4/27/2020,60,5/2/2020,67,5/9/2020,300,12/14/2020
20116,TA Kaphaizi,mw,3,Kasungu,Central,,13.69084018,38,4/10/2020,40,4/12/2020,44,4/16/2020,47,4/19/2020,51,4/23/2020,55,4/27/2020,58,4/30/2020,64,5/6/2020,75,5/17/2020,300,12/15/2020
20117,STA Mangwazu,mw,3,Kasungu,Central,,35.73324319,33,4/5/2020,36,4/8/2020,39,4/11/2020,42,4/14/2020,46,4/18/2020,49,4/21/2020,52,4/24/2020,57,4/29/2020,65,5/7/2020,300,12/10/2020
20118,STA Mawawa,mw,3,Kasungu,Central,,51.86027909,36,4/8/2020,38,4/10/2020,41,4/13/2020,44,4/16/2020,48,4/20/2020,51,4/23/2020,54,4/26/2020,58,4/30/2020,66,5/8/2020,300,12/12/2020
20119,TA Lukwa,mw,3,Kasungu,Central,,265.2995833,29,4/1/2020,32,4/4/2020,35,4/7/2020,37,4/9/2020,41,4/13/2020,43,4/15/2020,46,4/18/2020,50,4/22/2020,56,4/28/2020,300,12/5/2020
20120,Kasungu Boma,mw,3,Kasungu,Central,,37.55306485,21,3/24/2020,23,3/26/2020,26,3/29/2020,29,4/1/2020,32,4/4/2020,34,4/6/2020,37,4/9/2020,40,4/12/2020,46,4/18/2020,300,11/27/2020
20121,TA Santhe,mw,3,Kasungu,Central,,350.9731795,32,4/4/2020,35,4/7/2020,38,4/10/2020,40,4/12/2020,43,4/15/2020,46,4/18/2020,48,4/20/2020,52,4/24/2020,58,4/30/2020,300,12/8/2020
20122,TA Chidzuma,mw,3,Kasungu,Central,,161.7772397,35,4/7/2020,37,4/9/2020,40,4/12/2020,42,4/14/2020,46,4/18/2020,48,4/20/2020,51,4/23/2020,55,4/27/2020,62,5/4/2020,300,12/10/2020
20123,TA Wimbe,mw,3,Kasungu,Central,,895.1455588,27,3/30/2020,29,4/1/2020,33,4/5/2020,35,4/7/2020,38,4/10/2020,41,4/13/2020,43,4/15/2020,47,4/19/2020,53,4/25/2020,300,12/3/2020
20124,TA Kapelula,mw,3,Kasungu,Central,,187.3852266,34,4/6/2020,36,4/8/2020,39,4/11/2020,42,4/14/2020,45,4/17/2020,48,4/20/2020,51,4/23/2020,55,4/27/2020,63,5/5/2020,300,12/10/2020
20125,STA Kapichira,mw,3,Kasungu,Central,,49.08387916,39,4/11/2020,42,4/14/2020,45,4/17/2020,48,4/20/2020,52,4/24/2020,55,4/27/2020,59,5/1/2020,64,5/6/2020,74,5/16/2020,300,12/16/2020
20126,STA Mdunga,mw,3,Kasungu,Central,,107.070484,37,4/9/2020,40,4/12/2020,43,4/15/2020,46,4/18/2020,50,4/22/2020,53,4/25/2020,56,4/28/2020,61,5/3/2020,69,5/11/2020,300,12/14/2020
20127,TA Mwase,mw,3,Kasungu,Central,,196.5921201,27,3/30/2020,29,4/1/2020,33,4/5/2020,35,4/7/2020,38,4/10/2020,41,4/13/2020,44,4/16/2020,48,4/20/2020,55,4/27/2020,300,12/3/2020
20128,Kasungu National Park,mw,3,Kasungu,Central,,2354.339792,40,4/12/2020,43,4/15/2020,46,4/18/2020,49,4/21/2020,54,4/26/2020,57,4/29/2020,61,5/3/2020,67,5/9/2020,80,5/22/2020,300,12/17/2020
20201,TA Kanyenda,mw,3,Nkhotakota,Central,,608.2446994,23,3/26/2020,26,3/29/2020,29,4/1/2020,31,4/3/2020,34,4/6/2020,37,4/9/2020,40,4/12/2020,44,4/16/2020,51,4/23/2020,300,11/29/2020
20202,TA Kafuzila,mw,3,Nkhotakota,Central,,569.0572474,23,3/26/2020,25,3/28/2020,28,3/31/2020,31,4/3/2020,34,4/6/2020,37,4/9/2020,39,4/11/2020,43,4/15/2020,51,4/23/2020,300,11/29/2020
20203,STA Kalimanjira,mw,3,Nkhotakota,Central,,81.54486881,32,4/4/2020,35,4/7/2020,38,4/10/2020,41,4/13/2020,45,4/17/2020,48,4/20/2020,51,4/23/2020,56,4/28/2020,65,5/7/2020,300,12/9/2020
20204,TA Malenga Chanzi,mw,3,Nkhotakota,Central,,237.6866175,28,3/31/2020,30,4/2/2020,33,4/5/2020,36,4/8/2020,39,4/11/2020,42,4/14/2020,45,4/17/2020,49,4/21/2020,57,4/29/2020,300,12/4/2020
20205,TA Mphonde,mw,3,Nkhotakota,Central,,180.0882214,29,4/1/2020,31,4/3/2020,34,4/6/2020,37,4/9/2020,41,4/13/2020,44,4/16/2020,47,4/19/2020,52,4/24/2020,60,5/2/2020,300,12/5/2020
20206,TA Mwadzama,mw,3,Nkhotakota,Central,,636.5020104,28,3/31/2020,31,4/3/2020,34,4/6/2020,36,4/8/2020,39,4/11/2020,42,4/14/2020,45,4/17/2020,48,4/20/2020,55,4/27/2020,300,12/4/2020
20207,TA Mwansambo,mw,3,Nkhotakota,Central,,242.241115,39,4/11/2020,41,4/13/2020,45,4/17/2020,48,4/20/2020,52,4/24/2020,55,4/27/2020,58,4/30/2020,64,5/6/2020,72,5/14/2020,300,12/16/2020
20208,Nkhotakota Game Reserve,mw,3,Nkhotakota,Central,,1799.411239,42,4/14/2020,45,4/17/2020,49,4/21/2020,52,4/24/2020,57,4/29/2020,61,5/3/2020,65,5/7/2020,71,5/13/2020,84,5/26/2020,300,12/20/2020
20220,Nkhotakota Boma,mw,3,Nkhotakota,Central,,12.45956271,30,4/2/2020,32,4/4/2020,35,4/7/2020,38,4/10/2020,41,4/13/2020,44,4/16/2020,47,4/19/2020,51,4/23/2020,59,5/1/2020,300,12/6/2020
20301,TA Kasakula,mw,3,Ntchisi,Central,,176.0252879,42,4/14/2020,45,4/17/2020,48,4/20/2020,51,4/23/2020,55,4/27/2020,59,5/1/2020,62,5/4/2020,68,5/10/2020,78,5/20/2020,300,12/19/2020
20302,TA Chikho,mw,3,Ntchisi,Central,,156.1276628,39,4/11/2020,41,4/13/2020,44,4/16/2020,46,4/18/2020,49,4/21/2020,52,4/24/2020,55,4/27/2020,59,5/1/2020,66,5/8/2020,300,12/14/2020
20303,TA Kalumo,mw,3,Ntchisi,Central,,287.9413477,30,4/2/2020,32,4/4/2020,35,4/7/2020,37,4/9/2020,41,4/13/2020,43,4/15/2020,45,4/17/2020,49,4/21/2020,55,4/27/2020,300,12/5/2020
20304,TA Nthondo,mw,3,Ntchisi,Central,,242.4469693,36,4/8/2020,38,4/10/2020,41,4/13/2020,44,4/16/2020,47,4/19/2020,50,4/22/2020,53,4/25/2020,57,4/29/2020,65,5/7/2020,300,12/12/2020
20305,TA Chilooko,mw,3,Ntchisi,Central,,527.1273776,35,4/7/2020,37,4/9/2020,40,4/12/2020,43,4/15/2020,46,4/18/2020,48,4/20/2020,51,4/23/2020,55,4/27/2020,62,5/4/2020,300,12/11/2020
20306,TA Vuso Jere,mw,3,Ntchisi,Central,,91.57679183,40,4/12/2020,42,4/14/2020,45,4/17/2020,48,4/20/2020,51,4/23/2020,54,4/26/2020,58,4/30/2020,63,5/5/2020,72,5/14/2020,300,12/16/2020
20307,TA Malenga,mw,3,Ntchisi,Central,,236.0733508,34,4/6/2020,36,4/8/2020,39,4/11/2020,41,4/13/2020,44,4/16/2020,47,4/19/2020,50,4/22/2020,54,4/26/2020,61,5/3/2020,300,12/9/2020
20320,Ntchisi Boma,mw,3,Ntchisi,Central,,4.4898161,41,4/13/2020,44,4/16/2020,47,4/19/2020,50,4/22/2020,54,4/26/2020,57,4/29/2020,61,5/3/2020,67,5/9/2020,80,5/22/2020,300,12/18/2020
20401,TA Dzoole,mw,3,Dowa,Central,,360.7481506,25,3/28/2020,27,3/30/2020,30,4/2/2020,32,4/4/2020,35,4/7/2020,38,4/10/2020,40,4/12/2020,43,4/15/2020,49,4/21/2020,300,11/30/2020
20402,TA Chakhaza,mw,3,Dowa,Central,,747.2152633,23,3/26/2020,25,3/28/2020,28,3/31/2020,30,4/2/2020,33,4/5/2020,36,4/8/2020,38,4/10/2020,42,4/14/2020,47,4/19/2020,300,11/28/2020
20403,TA Kayembe,mw,3,Dowa,Central,,452.0758313,30,4/2/2020,32,4/4/2020,35,4/7/2020,37,4/9/2020,40,4/12/2020,43,4/15/2020,45,4/17/2020,48,4/20/2020,53,4/25/2020,300,12/5/2020
20404,TA Chiwere,mw,3,Dowa,Central,,524.8530789,29,4/1/2020,31,4/3/2020,34,4/6/2020,36,4/8/2020,39,4/11/2020,41,4/13/2020,43,4/15/2020,46,4/18/2020,50,4/22/2020,300,12/4/2020
20405,TA Mkukula,mw,3,Dowa,Central,,399.6026615,23,3/26/2020,25,3/28/2020,28,3/31/2020,30,4/2/2020,33,4/5/2020,35,4/7/2020,37,4/9/2020,40,4/12/2020,45,4/17/2020,300,11/28/2020
20406,TA Msakambewa,mw,3,Dowa,Central,,434.1771553,28,3/31/2020,30,4/2/2020,33,4/5/2020,35,4/7/2020,38,4/10/2020,41,4/13/2020,43,4/15/2020,46,4/18/2020,51,4/23/2020,300,12/3/2020
20407,TA Mponela,mw,3,Dowa,Central,,166.430138,26,3/29/2020,29,4/1/2020,32,4/4/2020,34,4/6/2020,37,4/9/2020,39,4/11/2020,42,4/14/2020,45,4/17/2020,50,4/22/2020,300,12/2/2020
20420,Dowa Boma,mw,3,Dowa,Central,,5.170588277,39,4/11/2020,42,4/14/2020,44,4/16/2020,47,4/19/2020,50,4/22/2020,53,4/25/2020,56,4/28/2020,60,5/2/2020,70,5/12/2020,300,12/15/2020
20421,Mponela Urban,mw,3,Dowa,Central,,10.34967623,28,3/31/2020,30,4/2/2020,33,4/5/2020,35,4/7/2020,38,4/10/2020,41,4/13/2020,43,4/15/2020,47,4/19/2020,53,4/25/2020,300,12/3/2020
20501,TA Maganga,mw,3,Salima,Central,,187.824085,31,4/3/2020,33,4/5/2020,35,4/7/2020,37,4/9/2020,40,4/12/2020,42,4/14/2020,44,4/16/2020,47,4/19/2020,53,4/25/2020,300,12/5/2020
20502,TA Karonga,mw,3,Salima,Central,,449.838231,29,4/1/2020,31,4/3/2020,34,4/6/2020,36,4/8/2020,38,4/10/2020,41,4/13/2020,43,4/15/2020,46,4/18/2020,51,4/23/2020,300,12/4/2020
20503,TA Pemba,mw,3,Salima,Central,,94.33159029,35,4/7/2020,37,4/9/2020,40,4/12/2020,42,4/14/2020,45,4/17/2020,48,4/20/2020,50,4/22/2020,54,4/26/2020,60,5/2/2020,300,12/10/2020
20504,TA Kambwiri,mw,3,Salima,Central,,262.3753914,31,4/3/2020,33,4/5/2020,36,4/8/2020,38,4/10/2020,41,4/13/2020,43,4/15/2020,46,4/18/2020,49,4/21/2020,54,4/26/2020,300,12/6/2020
20505,TA Ndindi,mw,3,Salima,Central,,202.0227208,37,4/9/2020,39,4/11/2020,42,4/14/2020,44,4/16/2020,47,4/19/2020,49,4/21/2020,52,4/24/2020,55,4/27/2020,61,5/3/2020,300,12/12/2020
20506,TA Kambalame,mw,3,Salima,Central,,58.63604639,39,4/11/2020,42,4/14/2020,44,4/16/2020,47,4/19/2020,50,4/22/2020,52,4/24/2020,55,4/27/2020,59,5/1/2020,65,5/7/2020,300,12/15/2020
20507,TA Khombedza,mw,3,Salima,Central,,494.623344,31,4/3/2020,33,4/5/2020,36,4/8/2020,38,4/10/2020,41,4/13/2020,43,4/15/2020,46,4/18/2020,49,4/21/2020,55,4/27/2020,300,12/6/2020
20508,TA Mwanza,mw,3,Salima,Central,,172.0316138,33,4/5/2020,35,4/7/2020,38,4/10/2020,40,4/12/2020,43,4/15/2020,45,4/17/2020,48,4/20/2020,51,4/23/2020,58,4/30/2020,300,12/8/2020
20509,TA Kuluunda,mw,3,Salima,Central,,182.7980855,36,4/8/2020,38,4/10/2020,41,4/13/2020,43,4/15/2020,46,4/18/2020,49,4/21/2020,51,4/23/2020,55,4/27/2020,61,5/3/2020,300,12/11/2020
20510,TA Msosa,mw,3,Salima,Central,,28.18472423,40,4/12/2020,43,4/15/2020,46,4/18/2020,48,4/20/2020,51,4/23/2020,54,4/26/2020,57,4/29/2020,62,5/4/2020,70,5/12/2020,300,12/16/2020
20511,Lake Malawi National Park,mw,3,Salima,Central,,1.665187023,,,,,,,,,,,,,,,,,,,,
20520,Salima Town,mw,3,Salima,Central,,17.75530266,29,4/1/2020,31,4/3/2020,34,4/6/2020,36,4/8/2020,38,4/10/2020,41,4/13/2020,43,4/15/2020,46,4/18/2020,51,4/23/2020,300,12/4/2020
20521,Chipoka Urban,mw,3,Salima,Central,,11.30012397,43,4/15/2020,45,4/17/2020,48,4/20/2020,50,4/22/2020,53,4/25/2020,56,4/28/2020,59,5/1/2020,63,5/5/2020,71,5/13/2020,300,12/18/2020
20601,TA Chadza,mw,3,Lilongwe,Central,,371.5072612,26,3/29/2020,28,3/31/2020,30,4/2/2020,32,4/4/2020,34,4/6/2020,36,4/8/2020,38,4/10/2020,41,4/13/2020,45,4/17/2020,120,4/4/2020
20602,TA Kalolo,mw,3,Lilongwe,Central,,610.4720322,28,3/31/2020,30,4/2/2020,33,4/5/2020,35,4/7/2020,37,4/9/2020,39,4/11/2020,41,4/13/2020,44,4/16/2020,48,4/20/2020,120,4/7/2020
20603,TA Masula,mw,3,Lilongwe,Central,,822.1669442,32,4/4/2020,34,4/6/2020,37,4/9/2020,39,4/11/2020,41,4/13/2020,43,4/15/2020,45,4/17/2020,48,4/20/2020,53,4/25/2020,120,4/11/2020
20604,TA Masumbankhunda,mw,3,Lilongwe,Central,,448.0890222,31,4/3/2020,33,4/5/2020,35,4/7/2020,37,4/9/2020,40,4/12/2020,42,4/14/2020,44,4/16/2020,46,4/18/2020,51,4/23/2020,120,4/9/2020
20605,TA Chiseka,mw,3,Lilongwe,Central,,300.721537,28,3/31/2020,30,4/2/2020,32,4/4/2020,34,4/6/2020,37,4/9/2020,39,4/11/2020,40,4/12/2020,43,4/15/2020,47,4/19/2020,120,4/6/2020
20606,TA Mazengera,mw,3,Lilongwe,Central,,353.9935336,28,3/31/2020,30,4/2/2020,32,4/4/2020,34,4/6/2020,37,4/9/2020,39,4/11/2020,41,4/13/2020,44,4/16/2020,48,4/20/2020,120,4/6/2020
20607,STA Chitekwele,mw,3,Lilongwe,Central,,375.8008145,33,4/5/2020,35,4/7/2020,38,4/10/2020,40,4/12/2020,43,4/15/2020,45,4/17/2020,47,4/19/2020,50,4/22/2020,56,4/28/2020,120,4/12/2020
20608,TA Khongoni,mw,3,Lilongwe,Central,,574.77584,32,4/4/2020,34,4/6/2020,37,4/9/2020,39,4/11/2020,42,4/14/2020,44,4/16/2020,46,4/18/2020,50,4/22/2020,55,4/27/2020,120,4/11/2020
20609,TA Chimutu,mw,3,Lilongwe,Central,,400.1233632,24,3/27/2020,26,3/29/2020,29,4/1/2020,31,4/3/2020,34,4/6/2020,36,4/8/2020,38,4/10/2020,40,4/12/2020,44,4/16/2020,120,4/3/2020
20610,TA Chitukula,mw,3,Lilongwe,Central,,86.89854354,26,3/29/2020,29,4/1/2020,32,4/4/2020,34,4/6/2020,37,4/9/2020,39,4/11/2020,41,4/13/2020,44,4/16/2020,49,4/21/2020,120,4/6/2020
20611,TA Mtema,mw,3,Lilongwe,Central,,189.4546811,26,3/29/2020,28,3/31/2020,30,4/2/2020,32,4/4/2020,35,4/7/2020,37,4/9/2020,39,4/11/2020,41,4/13/2020,45,4/17/2020,120,4/4/2020
20612,TA Kalumbu,mw,3,Lilongwe,Central,,195.900994,28,3/31/2020,30,4/2/2020,33,4/5/2020,35,4/7/2020,37,4/9/2020,39,4/11/2020,41,4/13/2020,44,4/16/2020,48,4/20/2020,120,4/7/2020
20613,TA Tsabango,mw,3,Lilongwe,Central,,71.26566484,24,3/27/2020,26,3/29/2020,29,4/1/2020,31,4/3/2020,33,4/5/2020,35,4/7/2020,37,4/9/2020,39,4/11/2020,43,4/15/2020,120,4/3/2020
20614,TA Kalumba,mw,3,Lilongwe,Central,,51.09688434,25,3/28/2020,27,3/30/2020,30,4/2/2020,32,4/4/2020,34,4/6/2020,36,4/8/2020,38,4/10/2020,41,4/13/2020,45,4/17/2020,120,4/4/2020
20615,TA Njewa,mw,3,Lilongwe,Central,,110.9779637,24,3/27/2020,26,3/29/2020,28,3/31/2020,30,4/2/2020,33,4/5/2020,35,4/7/2020,36,4/8/2020,39,4/11/2020,43,4/15/2020,120,4/2/2020
20616,TA Malili,mw,3,Lilongwe,Central,,335.7385655,24,3/27/2020,26,3/29/2020,28,3/31/2020,30,4/2/2020,33,4/5/2020,34,4/6/2020,36,4/8/2020,39,4/11/2020,43,4/15/2020,120,4/2/2020
20617,TA Kabudula,mw,3,Lilongwe,Central,,526.5391837,29,4/1/2020,30,4/2/2020,33,4/5/2020,35,4/7/2020,38,4/10/2020,40,4/12/2020,42,4/14/2020,44,4/16/2020,49,4/21/2020,120,4/7/2020
20618,STA Mbang'ombe,mw,3,Lilongwe,Central,,29.90516264,33,4/5/2020,35,4/7/2020,38,4/10/2020,40,4/12/2020,43,4/15/2020,45,4/17/2020,48,4/20/2020,51,4/23/2020,57,4/29/2020,120,4/12/2020
20701,TA Mlonyeni,mw,3,Mchinji,Central,,266.9087845,35,4/7/2020,37,4/9/2020,39,4/11/2020,41,4/13/2020,44,4/16/2020,46,4/18/2020,49,4/21/2020,52,4/24/2020,59,5/1/2020,300,12/9/2020
20702,TA Mavwere,mw,3,Mchinji,Central,,468.5161467,32,4/4/2020,33,4/5/2020,36,4/8/2020,38,4/10/2020,41,4/13/2020,43,4/15/2020,45,4/17/2020,48,4/20/2020,53,4/25/2020,300,12/6/2020
20703,TA Zulu,mw,3,Mchinji,Central,,245.5728705,32,4/4/2020,34,4/6/2020,36,4/8/2020,38,4/10/2020,41,4/13/2020,43,4/15/2020,45,4/17/2020,48,4/20/2020,54,4/26/2020,300,12/6/2020
20704,TA Simphasi,mw,3,Mchinji,Central,,224.6704186,37,4/9/2020,39,4/11/2020,41,4/13/2020,43,4/15/2020,46,4/18/2020,48,4/20/2020,51,4/23/2020,55,4/27/2020,62,5/4/2020,300,12/11/2020
20705,TA Mduwa,mw,3,Mchinji,Central,,325.4361626,38,4/10/2020,40,4/12/2020,43,4/15/2020,45,4/17/2020,48,4/20/2020,50,4/22/2020,53,4/25/2020,57,4/29/2020,64,5/6/2020,300,12/13/2020
20706,STA Nyoka,mw,3,Mchinji,Central,,254.6304951,35,4/7/2020,37,4/9/2020,39,4/11/2020,41,4/13/2020,44,4/16/2020,46,4/18/2020,48,4/20/2020,52,4/24/2020,59,5/1/2020,300,12/9/2020
20707,TA Mkanda,mw,3,Mchinji,Central,,477.9561016,42,4/14/2020,44,4/16/2020,46,4/18/2020,49,4/21/2020,52,4/24/2020,55,4/27/2020,58,4/30/2020,64,5/6/2020,74,5/16/2020,300,12/17/2020
20708,STA Gumba,mw,3,Mchinji,Central,,170.9473858,46,4/18/2020,48,4/20/2020,52,4/24/2020,54,4/26/2020,59,5/1/2020,62,5/4/2020,66,5/8/2020,72,5/14/2020,85,5/27/2020,300,12/22/2020
20709,STA Pitala,mw,3,Mchinji,Central,,25.64915574,53,4/25/2020,56,4/28/2020,61,5/3/2020,64,5/6/2020,71,5/13/2020,77,5/19/2020,83,5/25/2020,96,6/7/2020,,,300,1/1/2021
20710,STA Kapunula,mw,3,Mchinji,Central,,126.5697626,39,4/11/2020,41,4/13/2020,44,4/16/2020,46,4/18/2020,50,4/22/2020,53,4/25/2020,56,4/28/2020,62,5/4/2020,75,5/17/2020,300,12/14/2020
20711,TA Kazyozyo,mw,3,Mchinji,Central,,134.6186928,50,4/22/2020,53,4/25/2020,56,4/28/2020,60,5/2/2020,65,5/7/2020,70,5/12/2020,76,5/18/2020,86,5/28/2020,119,6/30/2020,300,12/28/2020
20712,TA Dambe,mw,3,Mchinji,Central,,388.1543793,40,4/12/2020,42,4/14/2020,45,4/17/2020,47,4/19/2020,50,4/22/2020,53,4/25/2020,56,4/28/2020,61,5/3/2020,69,5/11/2020,300,12/15/2020
20713,TA Kapondo,mw,3,Mchinji,Central,,43.78123221,46,4/18/2020,48,4/20/2020,52,4/24/2020,55,4/27/2020,59,5/1/2020,63,5/5/2020,67,5/9/2020,74,5/16/2020,88,5/30/2020,300,12/23/2020
20720,Mchinji Boma,mw,3,Mchinji,Central,,10.14363076,35,4/7/2020,36,4/8/2020,39,4/11/2020,41,4/13/2020,44,4/16/2020,46,4/18/2020,48,4/20/2020,52,4/24/2020,59,5/1/2020,300,12/9/2020
20801,TA Kachere,mw,3,Dedza,Central,,876.8980128,31,4/3/2020,33,4/5/2020,35,4/7/2020,37,4/9/2020,40,4/12/2020,42,4/14/2020,44,4/16/2020,47,4/19/2020,51,4/23/2020,300,12/5/2020
20802,TA Chilikumwendo,mw,3,Dedza,Central,,237.2242218,35,4/7/2020,36,4/8/2020,39,4/11/2020,41,4/13/2020,44,4/16/2020,46,4/18/2020,48,4/20/2020,51,4/23/2020,56,4/28/2020,300,12/9/2020
20803,TA Kaphuka,mw,3,Dedza,Central,,620.7754663,27,3/30/2020,29,4/1/2020,31,4/3/2020,33,4/5/2020,36,4/8/2020,38,4/10/2020,40,4/12/2020,42,4/14/2020,47,4/19/2020,300,12/1/2020
20804,TA Tambala,mw,3,Dedza,Central,,479.6210468,37,4/9/2020,38,4/10/2020,41,4/13/2020,43,4/15/2020,46,4/18/2020,48,4/20/2020,50,4/22/2020,54,4/26/2020,60,5/2/2020,300,12/11/2020
20805,TA Chauma,mw,3,Dedza,Central,,69.92108431,36,4/8/2020,38,4/10/2020,41,4/13/2020,43,4/15/2020,45,4/17/2020,48,4/20/2020,50,4/22/2020,53,4/25/2020,60,5/2/2020,300,12/11/2020
20806,TA Kasumbu,mw,3,Dedza,Central,,587.7523104,29,4/1/2020,31,4/3/2020,34,4/6/2020,36,4/8/2020,38,4/10/2020,40,4/12/2020,42,4/14/2020,45,4/17/2020,49,4/21/2020,300,12/4/2020
20807,TA Kachindamoto,mw,3,Dedza,Central,,693.0843251,32,4/4/2020,34,4/6/2020,37,4/9/2020,39,4/11/2020,42,4/14/2020,44,4/16/2020,46,4/18/2020,49,4/21/2020,54,4/26/2020,300,12/7/2020
20808,TA Kamenya Gwaza,mw,3,Dedza,Central,,192.0489195,31,4/3/2020,33,4/5/2020,36,4/8/2020,38,4/10/2020,40,4/12/2020,42,4/14/2020,44,4/16/2020,47,4/19/2020,52,4/24/2020,300,12/6/2020
20820,Dedza Boma,mw,3,Dedza,Central,,20.1538761,28,3/31/2020,30,4/2/2020,33,4/5/2020,35,4/7/2020,37,4/9/2020,39,4/11/2020,41,4/13/2020,44,4/16/2020,48,4/20/2020,300,12/3/2020
20901,TA Phambala,mw,3,Ntcheu,Central,,362.1145145,36,4/8/2020,37,4/9/2020,40,4/12/2020,42,4/14/2020,45,4/17/2020,47,4/19/2020,49,4/21/2020,52,4/24/2020,56,4/28/2020,300,12/10/2020
20902,STA Tsikulamowa,mw,3,Ntcheu,Central,,331.9664961,30,4/2/2020,32,4/4/2020,35,4/7/2020,37,4/9/2020,39,4/11/2020,41,4/13/2020,43,4/15/2020,46,4/18/2020,50,4/22/2020,300,12/5/2020
20903,TA Mpando,mw,3,Ntcheu,Central,,420.8595953,30,4/2/2020,32,4/4/2020,34,4/6/2020,36,4/8/2020,39,4/11/2020,41,4/13/2020,43,4/15/2020,45,4/17/2020,50,4/22/2020,300,12/4/2020
20904,TA Kwataine,mw,3,Ntcheu,Central,,194.5885743,30,4/2/2020,32,4/4/2020,35,4/7/2020,36,4/8/2020,39,4/11/2020,41,4/13/2020,43,4/15/2020,46,4/18/2020,50,4/22/2020,300,12/4/2020
20905,TA Makwangwala,mw,3,Ntcheu,Central,,380.073013,28,3/31/2020,30,4/2/2020,32,4/4/2020,34,4/6/2020,37,4/9/2020,39,4/11/2020,41,4/13/2020,44,4/16/2020,48,4/20/2020,300,12/2/2020
20906,STA Mkutumula,mw,3,Ntcheu,Central,,124.2546353,35,4/7/2020,37,4/9/2020,39,4/11/2020,41,4/13/2020,44,4/16/2020,46,4/18/2020,48,4/20/2020,51,4/23/2020,55,4/27/2020,300,12/9/2020
20907,TA Champiti,mw,3,Ntcheu,Central,,86.76860362,33,4/5/2020,35,4/7/2020,38,4/10/2020,40,4/12/2020,42,4/14/2020,44,4/16/2020,46,4/18/2020,49,4/21/2020,54,4/26/2020,300,12/8/2020
20908,TA Njolomole,mw,3,Ntcheu,Central,,249.8961822,27,3/30/2020,29,4/1/2020,32,4/4/2020,34,4/6/2020,36,4/8/2020,38,4/10/2020,40,4/12/2020,43,4/15/2020,47,4/19/2020,300,12/2/2020
20909,TA Chakhumbira,mw,3,Ntcheu,Central,,110.1438242,30,4/2/2020,32,4/4/2020,34,4/6/2020,36,4/8/2020,39,4/11/2020,41,4/13/2020,43,4/15/2020,46,4/18/2020,50,4/22/2020,300,12/4/2020
20910,TA Goodson Ganya,mw,3,Ntcheu,Central,,737.9504073,33,4/5/2020,35,4/7/2020,38,4/10/2020,39,4/11/2020,42,4/14/2020,44,4/16/2020,46,4/18/2020,49,4/21/2020,54,4/26/2020,300,12/7/2020
20911,TA Masasa,mw,3,Ntcheu,Central,,257.2896646,31,4/3/2020,33,4/5/2020,36,4/8/2020,37,4/9/2020,40,4/12/2020,42,4/14/2020,44,4/16/2020,47,4/19/2020,52,4/24/2020,300,12/5/2020
20920,Ntcheu Boma,mw,3,Ntcheu,Central,,9.355639475,32,4/4/2020,34,4/6/2020,36,4/8/2020,38,4/10/2020,41,4/13/2020,43,4/15/2020,45,4/17/2020,48,4/20/2020,52,4/24/2020,300,12/6/2020
21031,Area 1,mw,3,Lilongwe City,Central,Lilongwe City,1.455963792,23,3/26/2020,25,3/28/2020,27,3/30/2020,29,4/1/2020,32,4/4/2020,33,4/5/2020,35,4/7/2020,38,4/10/2020,42,4/14/2020,120,4/1/2020
21032,Area 2,mw,3,Lilongwe City,Central,Lilongwe City,1.784256165,20,3/23/2020,21,3/24/2020,24,3/27/2020,26,3/29/2020,28,3/31/2020,30,4/2/2020,32,4/4/2020,35,4/7/2020,39,4/11/2020,120,3/29/2020
21033,Area 3,mw,3,Lilongwe City,Central,Lilongwe City,6.186387597,21,3/24/2020,23,3/26/2020,25,3/28/2020,27,3/30/2020,30,4/2/2020,31,4/3/2020,33,4/5/2020,36,4/8/2020,41,4/13/2020,120,3/30/2020
21034,Area 4,mw,3,Lilongwe City,Central,Lilongwe City,1.084017675,22,3/25/2020,24,3/27/2020,27,3/30/2020,29,4/1/2020,31,4/3/2020,33,4/5/2020,35,4/7/2020,39,4/11/2020,,,120,4/1/2020
21035,Area 5,mw,3,Lilongwe City,Central,Lilongwe City,1.261166074,23,3/26/2020,25,3/28/2020,28,3/31/2020,30,4/2/2020,32,4/4/2020,34,4/6/2020,36,4/8/2020,39,4/11/2020,43,4/15/2020,120,4/2/2020
21036,Area 6,mw,3,Lilongwe City,Central,Lilongwe City,1.540459668,23,3/26/2020,25,3/28/2020,28,3/31/2020,30,4/2/2020,32,4/4/2020,34,4/6/2020,36,4/8/2020,39,4/11/2020,43,4/15/2020,120,4/2/2020
21037,Area 7,mw,3,Lilongwe City,Central,Lilongwe City,2.861179294,22,3/25/2020,24,3/27/2020,27,3/30/2020,28,3/31/2020,31,4/3/2020,33,4/5/2020,35,4/7/2020,37,4/9/2020,41,4/13/2020,120,3/31/2020
21038,Area 8,mw,3,Lilongwe City,Central,Lilongwe City,2.350992884,22,3/25/2020,24,3/27/2020,26,3/29/2020,28,3/31/2020,31,4/3/2020,32,4/4/2020,34,4/6/2020,37,4/9/2020,41,4/13/2020,120,3/31/2020
21039,Area 9,mw,3,Lilongwe City,Central,Lilongwe City,2.785833239,24,3/27/2020,26,3/29/2020,29,4/1/2020,31,4/3/2020,33,4/5/2020,35,4/7/2020,37,4/9/2020,40,4/12/2020,44,4/16/2020,120,4/3/2020
21040,Area 10,mw,3,Lilongwe City,Central,Lilongwe City,3.894646596,25,3/28/2020,27,3/30/2020,30,4/2/2020,32,4/4/2020,34,4/6/2020,36,4/8/2020,38,4/10/2020,41,4/13/2020,45,4/17/2020,120,4/4/2020
21041,Area 11,mw,3,Lilongwe City,Central,Lilongwe City,0.530941306,30,4/2/2020,32,4/4/2020,35,4/7/2020,37,4/9/2020,39,4/11/2020,41,4/13/2020,43,4/15/2020,46,4/18/2020,52,4/24/2020,120,4/9/2020
21042,Area 12,mw,3,Lilongwe City,Central,Lilongwe City,2.538103673,27,3/30/2020,29,4/1/2020,32,4/4/2020,34,4/6/2020,36,4/8/2020,38,4/10/2020,40,4/12/2020,43,4/15/2020,47,4/19/2020,120,4/6/2020
21043,Area 13,mw,3,Lilongwe City,Central,Lilongwe City,0.998970002,27,3/30/2020,29,4/1/2020,32,4/4/2020,34,4/6/2020,36,4/8/2020,38,4/10/2020,40,4/12/2020,43,4/15/2020,47,4/19/2020,120,4/6/2020
21044,Area 14,mw,3,Lilongwe City,Central,Lilongwe City,1.962967575,26,3/29/2020,28,3/31/2020,31,4/3/2020,33,4/5/2020,35,4/7/2020,37,4/9/2020,39,4/11/2020,42,4/14/2020,46,4/18/2020,120,4/5/2020
21045,Area 15,mw,3,Lilongwe City,Central,Lilongwe City,0.923463835,27,3/30/2020,29,4/1/2020,32,4/4/2020,34,4/6/2020,36,4/8/2020,38,4/10/2020,40,4/12/2020,43,4/15/2020,49,4/21/2020,120,4/6/2020
21046,Area 16,mw,3,Lilongwe City,Central,Lilongwe City,0.261375921,25,3/28/2020,27,3/30/2020,30,4/2/2020,32,4/4/2020,34,4/6/2020,36,4/8/2020,38,4/10/2020,41,4/13/2020,72,5/14/2020,120,4/4/2020
21047,Area 17,mw,3,Lilongwe City,Central,Lilongwe City,1.267848414,28,3/31/2020,30,4/2/2020,33,4/5/2020,34,4/6/2020,37,4/9/2020,39,4/11/2020,41,4/13/2020,44,4/16/2020,48,4/20/2020,120,4/6/2020
21048,Area 18,mw,3,Lilongwe City,Central,Lilongwe City,2.638557075,23,3/26/2020,25,3/28/2020,28,3/31/2020,30,4/2/2020,32,4/4/2020,34,4/6/2020,36,4/8/2020,39,4/11/2020,43,4/15/2020,120,4/2/2020
21049,Area 19,mw,3,Lilongwe City,Central,Lilongwe City,0.303426089,26,3/29/2020,28,3/31/2020,30,4/2/2020,32,4/4/2020,35,4/7/2020,37,4/9/2020,39,4/11/2020,41,4/13/2020,46,4/18/2020,120,4/4/2020
21050,Area 20,mw,3,Lilongwe City,Central,Lilongwe City,1.238718803,25,3/28/2020,27,3/30/2020,30,4/2/2020,32,4/4/2020,34,4/6/2020,36,4/8/2020,38,4/10/2020,41,4/13/2020,45,4/17/2020,120,4/4/2020
21051,Area 21,mw,3,Lilongwe City,Central,Lilongwe City,4.174842029,22,3/25/2020,24,3/27/2020,27,3/30/2020,28,3/31/2020,31,4/3/2020,33,4/5/2020,35,4/7/2020,37,4/9/2020,41,4/13/2020,120,3/31/2020
21052,Area 22,mw,3,Lilongwe City,Central,Lilongwe City,3.516041363,23,3/26/2020,24,3/27/2020,27,3/30/2020,29,4/1/2020,31,4/3/2020,33,4/5/2020,35,4/7/2020,37,4/9/2020,41,4/13/2020,120,4/1/2020
21053,Area 23,mw,3,Lilongwe City,Central,Lilongwe City,5.304887007,22,3/25/2020,24,3/27/2020,26,3/29/2020,28,3/31/2020,31,4/3/2020,32,4/4/2020,34,4/6/2020,37,4/9/2020,41,4/13/2020,120,3/31/2020
21054,Area 24,mw,3,Lilongwe City,Central,Lilongwe City,3.207767501,24,3/27/2020,26,3/29/2020,28,3/31/2020,30,4/2/2020,33,4/5/2020,35,4/7/2020,36,4/8/2020,39,4/11/2020,43,4/15/2020,120,4/2/2020
21055,Area 25,mw,3,Lilongwe City,Central,Lilongwe City,24.16722769,19,3/22/2020,21,3/24/2020,24,3/27/2020,26,3/29/2020,29,4/1/2020,31,4/3/2020,33,4/5/2020,35,4/7/2020,39,4/11/2020,120,3/29/2020
21056,Area 26,mw,3,Lilongwe City,Central,Lilongwe City,11.09510323,25,3/28/2020,27,3/30/2020,30,4/2/2020,32,4/4/2020,35,4/7/2020,37,4/9/2020,39,4/11/2020,42,4/14/2020,46,4/18/2020,120,4/4/2020
21057,Area 27,mw,3,Lilongwe City,Central,Lilongwe City,6.040245381,26,3/29/2020,28,3/31/2020,31,4/3/2020,33,4/5/2020,35,4/7/2020,37,4/9/2020,39,4/11/2020,42,4/14/2020,50,4/22/2020,120,4/5/2020
21058,Area 28,mw,3,Lilongwe City,Central,Lilongwe City,1.837816829,26,3/29/2020,28,3/31/2020,30,4/2/2020,32,4/4/2020,35,4/7/2020,37,4/9/2020,39,4/11/2020,42,4/14/2020,47,4/19/2020,120,4/4/2020
21059,Area 29,mw,3,Lilongwe City,Central,Lilongwe City,2.701583124,23,3/26/2020,25,3/28/2020,27,3/30/2020,29,4/1/2020,32,4/4/2020,34,4/6/2020,36,4/8/2020,39,4/11/2020,47,4/19/2020,120,4/1/2020
21060,Area 30,mw,3,Lilongwe City,Central,Lilongwe City,3.018424252,26,3/29/2020,27,3/30/2020,30,4/2/2020,32,4/4/2020,35,4/7/2020,37,4/9/2020,39,4/11/2020,41,4/13/2020,46,4/18/2020,120,4/4/2020
21061,Area 31,mw,3,Lilongwe City,Central,Lilongwe City,0.613597323,28,3/31/2020,29,4/1/2020,32,4/4/2020,34,4/6/2020,36,4/8/2020,38,4/10/2020,40,4/12/2020,43,4/15/2020,48,4/20/2020,120,4/6/2020
21062,Area 32,mw,3,Lilongwe City,Central,Lilongwe City,2.06042837,26,3/29/2020,27,3/30/2020,30,4/2/2020,32,4/4/2020,34,4/6/2020,37,4/9/2020,39,4/11/2020,42,4/14/2020,,,120,4/4/2020
21063,Area 33,mw,3,Lilongwe City,Central,Lilongwe City,2.922935446,25,3/28/2020,27,3/30/2020,30,4/2/2020,32,4/4/2020,34,4/6/2020,36,4/8/2020,38,4/10/2020,41,4/13/2020,45,4/17/2020,120,4/4/2020
21064,Area 34,mw,3,Lilongwe City,Central,Lilongwe City,2.316641699,31,4/3/2020,33,4/5/2020,35,4/7/2020,37,4/9/2020,40,4/12/2020,42,4/14/2020,44,4/16/2020,47,4/19/2020,,,120,4/9/2020
21065,Area 35,mw,3,Lilongwe City,Central,Lilongwe City,7.751561166,26,3/29/2020,27,3/30/2020,30,4/2/2020,32,4/4/2020,34,4/6/2020,36,4/8/2020,38,4/10/2020,41,4/13/2020,45,4/17/2020,120,4/4/2020
21066,Area 36,mw,3,Lilongwe City,Central,Lilongwe City,9.857435992,21,3/24/2020,23,3/26/2020,25,3/28/2020,27,3/30/2020,29,4/1/2020,31,4/3/2020,33,4/5/2020,36,4/8/2020,40,4/12/2020,120,3/30/2020
21067,Area 37,mw,3,Lilongwe City,Central,Lilongwe City,2.022243596,24,3/27/2020,26,3/29/2020,29,4/1/2020,31,4/3/2020,33,4/5/2020,35,4/7/2020,37,4/9/2020,40,4/12/2020,44,4/16/2020,120,4/3/2020
21068,Area 38,mw,3,Lilongwe City,Central,Lilongwe City,9.315479678,26,3/29/2020,28,3/31/2020,30,4/2/2020,32,4/4/2020,34,4/6/2020,36,4/8/2020,38,4/10/2020,41,4/13/2020,45,4/17/2020,120,4/4/2020
21069,Area 39,mw,3,Lilongwe City,Central,Lilongwe City,3.636551529,26,3/29/2020,28,3/31/2020,30,4/2/2020,32,4/4/2020,35,4/7/2020,37,4/9/2020,39,4/11/2020,42,4/14/2020,58,4/30/2020,120,4/4/2020
21070,Area 40,mw,3,Lilongwe City,Central,Lilongwe City,0.42445637,28,3/31/2020,30,4/2/2020,32,4/4/2020,34,4/6/2020,77,5/19/2020,,,,,,,,,120,4/6/2020
21071,Area 41,mw,3,Lilongwe City,Central,Lilongwe City,2.317837697,31,4/3/2020,33,4/5/2020,35,4/7/2020,37,4/9/2020,40,4/12/2020,42,4/14/2020,44,4/16/2020,47,4/19/2020,52,4/24/2020,120,4/9/2020
21072,Area 42,mw,3,Lilongwe City,Central,Lilongwe City,0.303866447,31,4/3/2020,33,4/5/2020,35,4/7/2020,37,4/9/2020,40,4/12/2020,42,4/14/2020,44,4/16/2020,47,4/19/2020,,,120,4/9/2020
21073,Area 43,mw,3,Lilongwe City,Central,Lilongwe City,11.81883116,24,3/27/2020,26,3/29/2020,28,3/31/2020,30,4/2/2020,33,4/5/2020,35,4/7/2020,37,4/9/2020,39,4/11/2020,44,4/16/2020,120,4/2/2020
21074,Area 44,mw,3,Lilongwe City,Central,Lilongwe City,36.60060221,24,3/27/2020,25,3/28/2020,28,3/31/2020,30,4/2/2020,32,4/4/2020,34,4/6/2020,36,4/8/2020,39,4/11/2020,43,4/15/2020,120,4/2/2020
21075,Area 45,mw,3,Lilongwe City,Central,Lilongwe City,13.74812552,25,3/28/2020,27,3/30/2020,29,4/1/2020,31,4/3/2020,33,4/5/2020,35,4/7/2020,37,4/9/2020,40,4/12/2020,44,4/16/2020,120,4/3/2020
21076,Area 46,mw,3,Lilongwe City,Central,Lilongwe City,10.99575233,26,3/29/2020,28,3/31/2020,31,4/3/2020,33,4/5/2020,35,4/7/2020,37,4/9/2020,39,4/11/2020,42,4/14/2020,46,4/18/2020,120,4/5/2020
21077,Area 47,mw,3,Lilongwe City,Central,Lilongwe City,11.31890737,21,3/24/2020,23,3/26/2020,26,3/29/2020,28,3/31/2020,30,4/2/2020,32,4/4/2020,34,4/6/2020,37,4/9/2020,41,4/13/2020,120,3/31/2020
21078,Area 48,mw,3,Lilongwe City,Central,Lilongwe City,0.935575665,32,4/4/2020,34,4/6/2020,36,4/8/2020,38,4/10/2020,41,4/13/2020,43,4/15/2020,45,4/17/2020,48,4/20/2020,,,120,4/10/2020
21079,Area 49,mw,3,Lilongwe City,Central,Lilongwe City,12.80883851,20,3/23/2020,22,3/25/2020,25,3/28/2020,27,3/30/2020,29,4/1/2020,31,4/3/2020,33,4/5/2020,36,4/8/2020,39,4/11/2020,120,3/30/2020
21080,Area 50,mw,3,Lilongwe City,Central,Lilongwe City,7.640972227,21,3/24/2020,23,3/26/2020,26,3/29/2020,28,3/31/2020,30,4/2/2020,32,4/4/2020,34,4/6/2020,37,4/9/2020,41,4/13/2020,120,3/31/2020
21081,Area 51,mw,3,Lilongwe City,Central,Lilongwe City,2.381298932,23,3/26/2020,25,3/28/2020,28,3/31/2020,30,4/2/2020,33,4/5/2020,35,4/7/2020,37,4/9/2020,40,4/12/2020,44,4/16/2020,120,4/2/2020
21082,Area 52,mw,3,Lilongwe City,Central,Lilongwe City,24.73003107,29,4/1/2020,31,4/3/2020,34,4/6/2020,36,4/8/2020,39,4/11/2020,42,4/14/2020,44,4/16/2020,47,4/19/2020,52,4/24/2020,120,4/8/2020
21083,Area 53,mw,3,Lilongwe City,Central,Lilongwe City,14.78163567,26,3/29/2020,28,3/31/2020,31,4/3/2020,33,4/5/2020,36,4/8/2020,39,4/11/2020,41,4/13/2020,44,4/16/2020,49,4/21/2020,120,4/5/2020
21084,Area 54,mw,3,Lilongwe City,Central,Lilongwe City,17.57150355,27,3/30/2020,30,4/2/2020,32,4/4/2020,34,4/6/2020,37,4/9/2020,39,4/11/2020,42,4/14/2020,45,4/17/2020,49,4/21/2020,120,4/6/2020
21085,Area 55,mw,3,Lilongwe City,Central,Lilongwe City,54.96750012,25,3/28/2020,27,3/30/2020,30,4/2/2020,32,4/4/2020,35,4/7/2020,37,4/9/2020,39,4/11/2020,42,4/14/2020,46,4/18/2020,120,4/4/2020
21086,Area 56,mw,3,Lilongwe City,Central,Lilongwe City,8.992734521,22,3/25/2020,24,3/27/2020,26,3/29/2020,28,3/31/2020,31,4/3/2020,32,4/4/2020,34,4/6/2020,37,4/9/2020,41,4/13/2020,120,3/31/2020
21087,Area 57,mw,3,Lilongwe City,Central,Lilongwe City,7.825778768,23,3/26/2020,25,3/28/2020,27,3/30/2020,29,4/1/2020,32,4/4/2020,34,4/6/2020,36,4/8/2020,38,4/10/2020,42,4/14/2020,120,4/1/2020
21088,Area 58,mw,3,Lilongwe City,Central,Lilongwe City,22.86992757,26,3/29/2020,28,3/31/2020,30,4/2/2020,32,4/4/2020,35,4/7/2020,37,4/9/2020,38,4/10/2020,41,4/13/2020,45,4/17/2020,120,4/4/2020
30101,TA Mponda,mw,3,Mangochi,Southern,,731.878028,33,4/5/2020,35,4/7/2020,37,4/9/2020,39,4/11/2020,42,4/14/2020,44,4/16/2020,46,4/18/2020,48,4/20/2020,53,4/25/2020,300,12/7/2020
30102,TA Chimwala,mw,3,Mangochi,Southern,,459.9990882,37,4/9/2020,39,4/11/2020,41,4/13/2020,43,4/15/2020,46,4/18/2020,48,4/20/2020,50,4/22/2020,52,4/24/2020,57,4/29/2020,300,12/11/2020
30103,TA Chilipa,mw,3,Mangochi,Southern,,190.0523402,38,4/10/2020,40,4/12/2020,42,4/14/2020,44,4/16/2020,47,4/19/2020,49,4/21/2020,51,4/23/2020,54,4/26/2020,59,5/1/2020,300,12/12/2020
30104,TA Nankumba,mw,3,Mangochi,Southern,,1202.696547,34,4/6/2020,36,4/8/2020,38,4/10/2020,40,4/12/2020,43,4/15/2020,45,4/17/2020,47,4/19/2020,50,4/22/2020,55,4/27/2020,300,12/8/2020
30105,TA Jalasi,mw,3,Mangochi,Southern,,560.2784206,42,4/14/2020,43,4/15/2020,46,4/18/2020,48,4/20/2020,51,4/23/2020,53,4/25/2020,55,4/27/2020,58,4/30/2020,63,5/5/2020,300,12/16/2020
30106,TA Mbwana Nyambi,mw,3,Mangochi,Southern,,786.2412421,40,4/12/2020,43,4/15/2020,45,4/17/2020,47,4/19/2020,50,4/22/2020,52,4/24/2020,55,4/27/2020,58,4/30/2020,63,5/5/2020,300,12/15/2020
30107,TA Chowe,mw,3,Mangochi,Southern,,453.1787564,36,4/8/2020,38,4/10/2020,40,4/12/2020,42,4/14/2020,45,4/17/2020,47,4/19/2020,49,4/21/2020,52,4/24/2020,56,4/28/2020,300,12/10/2020
30108,TA Katuli,mw,3,Mangochi,Southern,,439.6304158,45,4/17/2020,47,4/19/2020,49,4/21/2020,51,4/23/2020,54,4/26/2020,56,4/28/2020,59,5/1/2020,62,5/4/2020,68,5/10/2020,300,12/19/2020
30109,TA Makanjila,mw,3,Mangochi,Southern,,426.11751,44,4/16/2020,46,4/18/2020,49,4/21/2020,51,4/23/2020,54,4/26/2020,56,4/28/2020,59,5/1/2020,62,5/4/2020,67,5/9/2020,300,12/19/2020
30110,STA Lulanga,mw,3,Mangochi,Southern,,297.6742164,39,4/11/2020,41,4/13/2020,44,4/16/2020,46,4/18/2020,49,4/21/2020,51,4/23/2020,54,4/26/2020,57,4/29/2020,63,5/5/2020,300,12/14/2020
30111,TA Namabvi,mw,3,Mangochi,Southern,,381.7949345,43,4/15/2020,45,4/17/2020,48,4/20/2020,50,4/22/2020,53,4/25/2020,55,4/27/2020,57,4/29/2020,60,5/2/2020,66,5/8/2020,300,12/18/2020
30112,Lake Malawi National Park,mw,3,Mangochi,Southern,,54.29502359,44,4/16/2020,46,4/18/2020,49,4/21/2020,52,4/24/2020,55,4/27/2020,57,4/29/2020,60,5/2/2020,64,5/6/2020,70,5/12/2020,300,12/20/2020
30113,STA Ntonda,mw,3,Mangochi,Southern,,239.5909731,40,4/12/2020,42,4/14/2020,45,4/17/2020,47,4/19/2020,49,4/21/2020,52,4/24/2020,54,4/26/2020,57,4/29/2020,62,5/4/2020,300,12/15/2020
30114,STA Chiunda,mw,3,Mangochi,Southern,,178.5091982,43,4/15/2020,45,4/17/2020,47,4/19/2020,50,4/22/2020,52,4/24/2020,55,4/27/2020,57,4/29/2020,60,5/2/2020,66,5/8/2020,300,12/18/2020
30120,Mangochi Town,mw,3,Mangochi,Southern,,11.28448429,33,4/5/2020,35,4/7/2020,37,4/9/2020,39,4/11/2020,42,4/14/2020,43,4/15/2020,45,4/17/2020,48,4/20/2020,53,4/25/2020,300,12/7/2020
30121,Monkey Bay Urban,mw,3,Mangochi,Southern,,10.69876001,41,4/13/2020,43,4/15/2020,45,4/17/2020,47,4/19/2020,50,4/22/2020,53,4/25/2020,55,4/27/2020,58,4/30/2020,63,5/5/2020,300,12/15/2020
30199,Lake Malombe,mw,3,Mangochi,Southern,,323.6243177,42,4/14/2020,44,4/16/2020,47,4/19/2020,49,4/21/2020,52,4/24/2020,54,4/26/2020,56,4/28/2020,59,5/1/2020,65,5/7/2020,300,12/17/2020
30201,TA Liwonde,mw,3,Machinga,Southern,,301.0208748,36,4/8/2020,38,4/10/2020,41,4/13/2020,43,4/15/2020,46,4/18/2020,48,4/20/2020,51,4/23/2020,54,4/26/2020,59,5/1/2020,300,12/11/2020
30202,STA Nsanama,mw,3,Machinga,Southern,,151.251261,37,4/9/2020,39,4/11/2020,41,4/13/2020,43,4/15/2020,46,4/18/2020,48,4/20/2020,50,4/22/2020,53,4/25/2020,58,4/30/2020,300,12/11/2020
30203,TA Sitola,mw,3,Machinga,Southern,,210.0260288,35,4/7/2020,37,4/9/2020,40,4/12/2020,42,4/14/2020,44,4/16/2020,46,4/18/2020,48,4/20/2020,51,4/23/2020,56,4/28/2020,300,12/10/2020
30204,TA Nkula,mw,3,Machinga,Southern,,117.883409,36,4/8/2020,38,4/10/2020,40,4/12/2020,42,4/14/2020,44,4/16/2020,46,4/18/2020,48,4/20/2020,51,4/23/2020,56,4/28/2020,300,12/10/2020
30205,STA Nchinguza,mw,3,Machinga,Southern,,425.5556027,38,4/10/2020,40,4/12/2020,43,4/15/2020,46,4/18/2020,49,4/21/2020,52,4/24/2020,54,4/26/2020,58,4/30/2020,64,5/6/2020,300,12/14/2020
30206,TA Kawinga,mw,3,Machinga,Southern,,268.0905716,35,4/7/2020,38,4/10/2020,40,4/12/2020,43,4/15/2020,46,4/18/2020,48,4/20/2020,50,4/22/2020,54,4/26/2020,59,5/1/2020,300,12/11/2020
30207,TA Nkoola,mw,3,Machinga,Southern,,159.8578894,39,4/11/2020,41,4/13/2020,44,4/16/2020,47,4/19/2020,50,4/22/2020,52,4/24/2020,55,4/27/2020,59,5/1/2020,65,5/7/2020,300,12/15/2020
30208,TA Chamba,mw,3,Machinga,Southern,,112.9161564,38,4/10/2020,40,4/12/2020,42,4/14/2020,44,4/16/2020,47,4/19/2020,49,4/21/2020,51,4/23/2020,53,4/25/2020,58,4/30/2020,300,12/12/2020
30209,TA Mposa,mw,3,Machinga,Southern,,181.4968092,40,4/12/2020,42,4/14/2020,45,4/17/2020,47,4/19/2020,49,4/21/2020,51,4/23/2020,53,4/25/2020,56,4/28/2020,61,5/3/2020,300,12/15/2020
30210,TA Mlomba,mw,3,Machinga,Southern,,292.1937953,36,4/8/2020,38,4/10/2020,40,4/12/2020,43,4/15/2020,45,4/17/2020,47,4/19/2020,50,4/22/2020,53,4/25/2020,57,4/29/2020,300,12/11/2020
30211,TA Chikweo,mw,3,Machinga,Southern,,332.6139458,38,4/10/2020,40,4/12/2020,43,4/15/2020,46,4/18/2020,49,4/21/2020,52,4/24/2020,54,4/26/2020,58,4/30/2020,64,5/6/2020,300,12/14/2020
30212,TA Ngokwe,mw,3,Machinga,Southern,,155.850365,45,4/17/2020,47,4/19/2020,51,4/23/2020,54,4/26/2020,57,4/29/2020,60,5/2/2020,64,5/6/2020,68,5/10/2020,76,5/18/2020,300,12/22/2020
30213,TA Chiwalo,mw,3,Machinga,Southern,,40.16631841,45,4/17/2020,47,4/19/2020,50,4/22/2020,52,4/24/2020,55,4/27/2020,58,4/30/2020,61,5/3/2020,64,5/6/2020,71,5/13/2020,300,12/20/2020
30214,TA Kapoloma,mw,3,Machinga,Southern,,29.89668725,46,4/18/2020,48,4/20/2020,51,4/23/2020,53,4/25/2020,56,4/28/2020,58,4/30/2020,61,5/3/2020,65,5/7/2020,71,5/13/2020,300,12/21/2020
30215,TA Nyambi,mw,3,Machinga,Southern,,240.5070539,42,4/14/2020,44,4/16/2020,47,4/19/2020,49,4/21/2020,52,4/24/2020,55,4/27/2020,57,4/29/2020,61,5/3/2020,67,5/9/2020,300,12/17/2020
30216,STA Chesale,mw,3,Machinga,Southern,,109.9064318,48,4/20/2020,51,4/23/2020,55,4/27/2020,58,4/30/2020,62,5/4/2020,65,5/7/2020,68,5/10/2020,73,5/15/2020,82,5/24/2020,300,12/26/2020
30217,Liwonde National Park,mw,3,Machinga,Southern,,425.3029773,39,4/11/2020,41,4/13/2020,44,4/16/2020,46,4/18/2020,48,4/20/2020,50,4/22/2020,53,4/25/2020,56,4/28/2020,61,5/3/2020,300,12/14/2020
30220,Machinga Boma,mw,3,Machinga,Southern,,2.406639351,44,4/16/2020,46,4/18/2020,49,4/21/2020,51,4/23/2020,54,4/26/2020,57,4/29/2020,59,5/1/2020,63,5/5/2020,72,5/14/2020,300,12/19/2020
30221,Liwonde Town,mw,3,Machinga,Southern,,30.76995496,33,4/5/2020,35,4/7/2020,37,4/9/2020,39,4/11/2020,42,4/14/2020,44,4/16/2020,46,4/18/2020,48,4/20/2020,53,4/25/2020,300,12/7/2020
30301,TA Kuntumanji,mw,3,Zomba,Southern,,159.40325,36,4/8/2020,38,4/10/2020,40,4/12/2020,42,4/14/2020,45,4/17/2020,46,4/18/2020,48,4/20/2020,51,4/23/2020,55,4/27/2020,300,12/10/2020
30302,TA Mwambo,mw,3,Zomba,Southern,,424.8154947,35,4/7/2020,37,4/9/2020,39,4/11/2020,41,4/13/2020,43,4/15/2020,45,4/17/2020,47,4/19/2020,49,4/21/2020,53,4/25/2020,300,12/9/2020
30303,TA Mkumbira,mw,3,Zomba,Southern,,49.52944294,47,4/19/2020,48,4/20/2020,51,4/23/2020,53,4/25/2020,56,4/28/2020,58,4/30/2020,61,5/3/2020,64,5/6/2020,71,5/13/2020,300,12/21/2020
30304,TA Chikowi,mw,3,Zomba,Southern,,177.6106532,34,4/6/2020,36,4/8/2020,38,4/10/2020,40,4/12/2020,42,4/14/2020,44,4/16/2020,46,4/18/2020,48,4/20/2020,52,4/24/2020,300,12/8/2020
30305,TA Mbiza,mw,3,Zomba,Southern,,214.2815819,37,4/9/2020,39,4/11/2020,41,4/13/2020,43,4/15/2020,45,4/17/2020,47,4/19/2020,49,4/21/2020,51,4/23/2020,55,4/27/2020,300,12/11/2020
30306,TA Malemia,mw,3,Zomba,Southern,,292.7422025,32,4/4/2020,34,4/6/2020,36,4/8/2020,38,4/10/2020,41,4/13/2020,42,4/14/2020,44,4/16/2020,47,4/19/2020,51,4/23/2020,300,12/6/2020
30307,TA Mlumbe,mw,3,Zomba,Southern,,492.9829805,32,4/4/2020,34,4/6/2020,36,4/8/2020,38,4/10/2020,41,4/13/2020,42,4/14/2020,44,4/16/2020,47,4/19/2020,51,4/23/2020,300,12/6/2020
30308,STA Nkagula,mw,3,Zomba,Southern,,138.5022275,35,4/7/2020,37,4/9/2020,39,4/11/2020,41,4/13/2020,44,4/16/2020,45,4/17/2020,47,4/19/2020,50,4/22/2020,54,4/26/2020,300,12/9/2020
30309,STA Ntholowa,mw,3,Zomba,Southern,,125.8604954,36,4/8/2020,38,4/10/2020,40,4/12/2020,42,4/14/2020,44,4/16/2020,46,4/18/2020,48,4/20/2020,50,4/22/2020,55,4/27/2020,300,12/10/2020
30310,STA Ngwelero,mw,3,Zomba,Southern,,117.8772105,40,4/12/2020,42,4/14/2020,44,4/16/2020,46,4/18/2020,48,4/20/2020,50,4/22/2020,52,4/24/2020,54,4/26/2020,59,5/1/2020,300,12/14/2020
30311,STA Nkapita,mw,3,Zomba,Southern,,174.3112542,34,4/6/2020,36,4/8/2020,39,4/11/2020,40,4/12/2020,43,4/15/2020,45,4/17/2020,47,4/19/2020,49,4/21/2020,53,4/25/2020,300,12/8/2020
30401,TA Mpama,mw,3,Chiradzulu,Southern,,116.7007399,33,4/5/2020,34,4/6/2020,37,4/9/2020,38,4/10/2020,40,4/12/2020,42,4/14/2020,44,4/16/2020,46,4/18/2020,50,4/22/2020,300,12/6/2020
30402,TA Likoswe,mw,3,Chiradzulu,Southern,,112.1296682,32,4/4/2020,34,4/6/2020,36,4/8/2020,37,4/9/2020,40,4/12/2020,41,4/13/2020,43,4/15/2020,45,4/17/2020,49,4/21/2020,300,12/5/2020
30403,TA Kadewere,mw,3,Chiradzulu,Southern,,118.4988437,35,4/7/2020,37,4/9/2020,39,4/11/2020,41,4/13/2020,43,4/15/2020,45,4/17/2020,47,4/19/2020,49,4/21/2020,53,4/25/2020,300,12/9/2020
30404,TA Nkalo,mw,3,Chiradzulu,Southern,,131.2335134,37,4/9/2020,38,4/10/2020,40,4/12/2020,42,4/14/2020,44,4/16/2020,46,4/18/2020,48,4/20/2020,50,4/22/2020,55,4/27/2020,300,12/10/2020
30405,TA Chitera,mw,3,Chiradzulu,Southern,,61.57909856,36,4/8/2020,37,4/9/2020,40,4/12/2020,41,4/13/2020,44,4/16/2020,45,4/17/2020,47,4/19/2020,50,4/22/2020,54,4/26/2020,300,12/9/2020
30406,TA Nchema,mw,3,Chiradzulu,Southern,,45.10117701,38,4/10/2020,40,4/12/2020,42,4/14/2020,44,4/16/2020,46,4/18/2020,48,4/20/2020,50,4/22/2020,52,4/24/2020,57,4/29/2020,300,12/12/2020
30407,STA Mpunga,mw,3,Chiradzulu,Southern,,91.45531413,36,4/8/2020,38,4/10/2020,40,4/12/2020,42,4/14/2020,44,4/16/2020,46,4/18/2020,47,4/19/2020,50,4/22/2020,54,4/26/2020,300,12/10/2020
30408,STA Sandareki,mw,3,Chiradzulu,Southern,,50.41165125,38,4/10/2020,40,4/12/2020,42,4/14/2020,44,4/16/2020,46,4/18/2020,48,4/20/2020,50,4/22/2020,52,4/24/2020,56,4/28/2020,300,12/12/2020
30409,STA Onga,mw,3,Chiradzulu,Southern,,32.08787771,38,4/10/2020,39,4/11/2020,42,4/14/2020,43,4/15/2020,46,4/18/2020,47,4/19/2020,49,4/21/2020,52,4/24/2020,56,4/28/2020,300,12/11/2020
30420,Chiradzulu Boma,mw,3,Chiradzulu,Southern,,3.694412299,42,4/14/2020,43,4/15/2020,46,4/18/2020,47,4/19/2020,50,4/22/2020,52,4/24/2020,54,4/26/2020,57,4/29/2020,63,5/5/2020,300,12/15/2020
30501,TA Kapeni,mw,3,Blantyre,Southern,,214.3988858,28,3/31/2020,29,4/1/2020,32,4/4/2020,34,4/6/2020,36,4/8/2020,38,4/10/2020,39,4/11/2020,42,4/14/2020,45,4/17/2020,120,4/6/2020
30502,TA Lundu,mw,3,Blantyre,Southern,,132.0675384,32,4/4/2020,34,4/6/2020,36,4/8/2020,38,4/10/2020,41,4/13/2020,42,4/14/2020,44,4/16/2020,47,4/19/2020,51,4/23/2020,120,4/10/2020
30503,TA Chigaru,mw,3,Blantyre,Southern,,256.21856,28,3/31/2020,30,4/2/2020,33,4/5/2020,35,4/7/2020,37,4/9/2020,39,4/11/2020,41,4/13/2020,43,4/15/2020,47,4/19/2020,120,4/7/2020
30504,TA Kunthembwe,mw,3,Blantyre,Southern,,461.5957648,35,4/7/2020,37,4/9/2020,39,4/11/2020,41,4/13/2020,43,4/15/2020,45,4/17/2020,47,4/19/2020,49,4/21/2020,54,4/26/2020,120,4/13/2020
30505,TA Makata,mw,3,Blantyre,Southern,,61.22472401,34,4/6/2020,35,4/7/2020,38,4/10/2020,39,4/11/2020,42,4/14/2020,44,4/16/2020,45,4/17/2020,48,4/20/2020,52,4/24/2020,120,4/11/2020
30506,TA Kuntaja,mw,3,Blantyre,Southern,,343.1102622,30,4/2/2020,32,4/4/2020,34,4/6/2020,36,4/8/2020,38,4/10/2020,40,4/12/2020,41,4/13/2020,44,4/16/2020,47,4/19/2020,120,4/8/2020
30507,TA Machinjiri,mw,3,Blantyre,Southern,,67.34471571,30,4/2/2020,32,4/4/2020,34,4/6/2020,36,4/8/2020,38,4/10/2020,40,4/12/2020,42,4/14/2020,44,4/16/2020,48,4/20/2020,120,4/8/2020
30508,TA Somba,mw,3,Blantyre,Southern,,255.7026066,32,4/4/2020,33,4/5/2020,35,4/7/2020,37,4/9/2020,39,4/11/2020,41,4/13/2020,43,4/15/2020,45,4/17/2020,48,4/20/2020,120,4/9/2020
30601,TA Kanduku,mw,3,Mwanza,Southern,,394.2992234,35,4/7/2020,37,4/9/2020,40,4/12/2020,42,4/14/2020,44,4/16/2020,46,4/18/2020,48,4/20/2020,51,4/23/2020,55,4/27/2020,300,12/10/2020
30602,TA Nthache,mw,3,Mwanza,Southern,,204.4056232,35,4/7/2020,37,4/9/2020,40,4/12/2020,42,4/14/2020,45,4/17/2020,47,4/19/2020,49,4/21/2020,51,4/23/2020,56,4/28/2020,300,12/10/2020
30603,STA Govati,mw,3,Mwanza,Southern,,88.72066646,46,4/18/2020,48,4/20/2020,50,4/22/2020,52,4/24/2020,55,4/27/2020,58,4/30/2020,60,5/2/2020,64,5/6/2020,72,5/14/2020,300,12/20/2020
30604,Majete Game Reserve - Mwanza,mw,3,Mwanza,Southern,,59.5613458,53,4/25/2020,55,4/27/2020,58,4/30/2020,61,5/3/2020,65,5/7/2020,68,5/10/2020,74,5/16/2020,,,,,300,12/29/2020
30620,Mwanza Boma,mw,3,Mwanza,Southern,,12.50091965,37,4/9/2020,39,4/11/2020,41,4/13/2020,43,4/15/2020,46,4/18/2020,48,4/20/2020,50,4/22/2020,53,4/25/2020,57,4/29/2020,300,12/11/2020
30701,TA Nsabwe,mw,3,Thyolo,Southern,,117.3894742,42,4/14/2020,44,4/16/2020,46,4/18/2020,48,4/20/2020,50,4/22/2020,52,4/24/2020,54,4/26/2020,57,4/29/2020,62,5/4/2020,300,12/16/2020
30702,STA Thukuta,mw,3,Thyolo,Southern,,62.91173191,44,4/16/2020,46,4/18/2020,49,4/21/2020,50,4/22/2020,53,4/25/2020,56,4/28/2020,58,4/30/2020,61,5/3/2020,67,5/9/2020,300,12/18/2020
30703,STA Mbawela,mw,3,Thyolo,Southern,,131.9411381,40,4/12/2020,42,4/14/2020,44,4/16/2020,45,4/17/2020,48,4/20/2020,50,4/22/2020,52,4/24/2020,54,4/26/2020,59,5/1/2020,300,12/13/2020
30704,TA Changata,mw,3,Thyolo,Southern,,122.2922285,39,4/11/2020,40,4/12/2020,42,4/14/2020,44,4/16/2020,46,4/18/2020,48,4/20/2020,50,4/22/2020,53,4/25/2020,57,4/29/2020,300,12/12/2020
30705,TA Mphuka,mw,3,Thyolo,Southern,,155.8744016,36,4/8/2020,37,4/9/2020,39,4/11/2020,41,4/13/2020,43,4/15/2020,45,4/17/2020,47,4/19/2020,49,4/21/2020,53,4/25/2020,300,12/9/2020
30706,TA Kwethemule,mw,3,Thyolo,Southern,,149.8039398,36,4/8/2020,38,4/10/2020,41,4/13/2020,43,4/15/2020,45,4/17/2020,47,4/19/2020,49,4/21/2020,51,4/23/2020,56,4/28/2020,300,12/11/2020
30707,TA Kapichi,mw,3,Thyolo,Southern,,134.2901316,38,4/10/2020,40,4/12/2020,42,4/14/2020,44,4/16/2020,46,4/18/2020,48,4/20/2020,50,4/22/2020,52,4/24/2020,57,4/29/2020,300,12/12/2020
30708,TA Nchilamwela,mw,3,Thyolo,Southern,,181.8703093,35,4/7/2020,36,4/8/2020,39,4/11/2020,40,4/12/2020,43,4/15/2020,44,4/16/2020,46,4/18/2020,48,4/20/2020,52,4/24/2020,300,12/8/2020
30709,TA Chimaliro,mw,3,Thyolo,Southern,,95.4979351,36,4/8/2020,38,4/10/2020,40,4/12/2020,42,4/14/2020,44,4/16/2020,46,4/18/2020,47,4/19/2020,50,4/22/2020,54,4/26/2020,300,12/10/2020
30710,TA Bvumbwe,mw,3,Thyolo,Southern,,208.4676799,33,4/5/2020,35,4/7/2020,37,4/9/2020,38,4/10/2020,41,4/13/2020,42,4/14/2020,44,4/16/2020,46,4/18/2020,50,4/22/2020,300,12/6/2020
30711,TA Thomas,mw,3,Thyolo,Southern,,112.6617955,35,4/7/2020,37,4/9/2020,39,4/11/2020,41,4/13/2020,43,4/15/2020,45,4/17/2020,47,4/19/2020,49,4/21/2020,53,4/25/2020,300,12/9/2020
30712,TA Nanseta,mw,3,Thyolo,Southern,,53.47059686,37,4/9/2020,39,4/11/2020,41,4/13/2020,42,4/14/2020,45,4/17/2020,46,4/18/2020,48,4/20/2020,51,4/23/2020,55,4/27/2020,300,12/10/2020
30713,TA Ngolongoliwa,mw,3,Thyolo,Southern,,78.15299293,37,4/9/2020,39,4/11/2020,41,4/13/2020,43,4/15/2020,45,4/17/2020,46,4/18/2020,48,4/20/2020,51,4/23/2020,55,4/27/2020,300,12/11/2020
30714,STA Boyidi,mw,3,Thyolo,Southern,,52.60177028,36,4/8/2020,38,4/10/2020,40,4/12/2020,42,4/14/2020,44,4/16/2020,46,4/18/2020,48,4/20/2020,50,4/22/2020,54,4/26/2020,300,12/10/2020
30720,Thyolo Boma,mw,3,Thyolo,Southern,,3.730577723,39,4/11/2020,41,4/13/2020,43,4/15/2020,45,4/17/2020,47,4/19/2020,49,4/21/2020,51,4/23/2020,53,4/25/2020,58,4/30/2020,300,12/13/2020
30721,Luchenza Town,mw,3,Thyolo,Southern,,10.21622947,41,4/13/2020,43,4/15/2020,45,4/17/2020,47,4/19/2020,49,4/21/2020,51,4/23/2020,53,4/25/2020,56,4/28/2020,61,5/3/2020,300,12/15/2020
30801,TA Mabuka,mw,3,Mulanje,Southern,,209.4120986,35,4/7/2020,37,4/9/2020,39,4/11/2020,41,4/13/2020,43,4/15/2020,45,4/17/2020,46,4/18/2020,49,4/21/2020,53,4/25/2020,300,12/9/2020
30802,TA Laston Njema,mw,3,Mulanje,Southern,,141.099533,38,4/10/2020,39,4/11/2020,42,4/14/2020,43,4/15/2020,45,4/17/2020,47,4/19/2020,49,4/21/2020,52,4/24/2020,56,4/28/2020,300,12/11/2020
30803,TA Chikumbu,mw,3,Mulanje,Southern,,147.7471006,35,4/7/2020,37,4/9/2020,39,4/11/2020,41,4/13/2020,43,4/15/2020,45,4/17/2020,46,4/18/2020,49,4/21/2020,53,4/25/2020,300,12/9/2020
30804,TA Nthiramanja,mw,3,Mulanje,Southern,,110.0747292,36,4/8/2020,38,4/10/2020,40,4/12/2020,42,4/14/2020,44,4/16/2020,46,4/18/2020,48,4/20/2020,50,4/22/2020,54,4/26/2020,300,12/10/2020
30805,TA Nkanda,mw,3,Mulanje,Southern,,367.6013847,35,4/7/2020,36,4/8/2020,39,4/11/2020,40,4/12/2020,43,4/15/2020,44,4/16/2020,46,4/18/2020,48,4/20/2020,52,4/24/2020,300,12/8/2020
30806,TA Juma,mw,3,Mulanje,Southern,,336.3299551,35,4/7/2020,37,4/9/2020,39,4/11/2020,41,4/13/2020,43,4/15/2020,45,4/17/2020,46,4/18/2020,49,4/21/2020,53,4/25/2020,300,12/9/2020
30807,STA Sunganinzeru,mw,3,Mulanje,Southern,,136.5637232,37,4/9/2020,39,4/11/2020,41,4/13/2020,43,4/15/2020,45,4/17/2020,47,4/19/2020,49,4/21/2020,51,4/23/2020,55,4/27/2020,300,12/11/2020
30808,STA Tombondiya,mw,3,Mulanje,Southern,,76.77342362,46,4/18/2020,47,4/19/2020,50,4/22/2020,51,4/23/2020,54,4/26/2020,56,4/28/2020,58,4/30/2020,61,5/3/2020,66,5/8/2020,300,12/19/2020
30809,Mulanje Mountain Reserve,mw,3,Mulanje,Southern,,469.3270041,44,4/16/2020,46,4/18/2020,48,4/20/2020,50,4/22/2020,52,4/24/2020,55,4/27/2020,57,4/29/2020,60,5/2/2020,65,5/7/2020,300,12/18/2020
30820,Mulanje Boma,mw,3,Mulanje,Southern,,13.68010822,38,4/10/2020,40,4/12/2020,42,4/14/2020,44,4/16/2020,46,4/18/2020,48,4/20/2020,50,4/22/2020,53,4/25/2020,57,4/29/2020,300,12/12/2020
30901,TA Mkhumba,mw,3,Phalombe,Southern,,308.0452953,37,4/9/2020,39,4/11/2020,41,4/13/2020,43,4/15/2020,45,4/17/2020,47,4/19/2020,49,4/21/2020,51,4/23/2020,56,4/28/2020,300,12/11/2020
30902,TA Nazombe,mw,3,Phalombe,Southern,,189.0802235,43,4/15/2020,45,4/17/2020,47,4/19/2020,49,4/21/2020,52,4/24/2020,54,4/26/2020,57,4/29/2020,60,5/2/2020,67,5/9/2020,300,12/17/2020
30903,TA Chiwalo,mw,3,Phalombe,Southern,,208.5659629,44,4/16/2020,45,4/17/2020,48,4/20/2020,50,4/22/2020,52,4/24/2020,55,4/27/2020,57,4/29/2020,60,5/2/2020,66,5/8/2020,300,12/18/2020
30904,TA Nkhulambe,mw,3,Phalombe,Southern,,87.03348591,47,4/19/2020,49,4/21/2020,51,4/23/2020,54,4/26/2020,57,4/29/2020,60,5/2/2020,63,5/5/2020,67,5/9/2020,74,5/16/2020,300,12/22/2020
30905,TA Jenala,mw,3,Phalombe,Southern,,311.325033,40,4/12/2020,42,4/14/2020,44,4/16/2020,46,4/18/2020,48,4/20/2020,50,4/22/2020,52,4/24/2020,55,4/27/2020,59,5/1/2020,300,12/14/2020
30906,TA Kaduya,mw,3,Phalombe,Southern,,217.2894286,39,4/11/2020,41,4/13/2020,43,4/15/2020,45,4/17/2020,47,4/19/2020,49,4/21/2020,51,4/23/2020,54,4/26/2020,58,4/30/2020,300,12/13/2020
30920,Phalombe Boma,mw,3,Phalombe,Southern,,3.437565002,42,4/14/2020,44,4/16/2020,46,4/18/2020,48,4/20/2020,51,4/23/2020,53,4/25/2020,55,4/27/2020,58,4/30/2020,63,5/5/2020,300,12/16/2020
31001,TA Ngabu,mw,3,Chikwawa,Southern,,874.3951797,36,4/8/2020,37,4/9/2020,40,4/12/2020,41,4/13/2020,44,4/16/2020,45,4/17/2020,47,4/19/2020,50,4/22/2020,54,4/26/2020,300,12/9/2020
31002,TA Lundu,mw,3,Chikwawa,Southern,,200.6003037,35,4/7/2020,37,4/9/2020,39,4/11/2020,41,4/13/2020,43,4/15/2020,45,4/17/2020,47,4/19/2020,49,4/21/2020,53,4/25/2020,300,12/9/2020
31003,TA Chapananga,mw,3,Chikwawa,Southern,,708.3365021,40,4/12/2020,42,4/14/2020,44,4/16/2020,46,4/18/2020,49,4/21/2020,51,4/23/2020,53,4/25/2020,56,4/28/2020,61,5/3/2020,300,12/14/2020
31004,TA Maseya,mw,3,Chikwawa,Southern,,140.9149727,38,4/10/2020,39,4/11/2020,42,4/14/2020,43,4/15/2020,46,4/18/2020,47,4/19/2020,49,4/21/2020,52,4/24/2020,56,4/28/2020,300,12/11/2020
31005,TA Katunga,mw,3,Chikwawa,Southern,,151.7141361,36,4/8/2020,38,4/10/2020,40,4/12/2020,42,4/14/2020,44,4/16/2020,46,4/18/2020,48,4/20/2020,50,4/22/2020,55,4/27/2020,300,12/10/2020
31006,TA Kasisi,mw,3,Chikwawa,Southern,,338.660599,37,4/9/2020,39,4/11/2020,41,4/13/2020,43,4/15/2020,45,4/17/2020,47,4/19/2020,49,4/21/2020,51,4/23/2020,56,4/28/2020,300,12/11/2020
31007,TA Makhwira,mw,3,Chikwawa,Southern,,470.6859649,38,4/10/2020,40,4/12/2020,42,4/14/2020,44,4/16/2020,46,4/18/2020,48,4/20/2020,50,4/22/2020,52,4/24/2020,57,4/29/2020,300,12/12/2020
31008,STA Ndakwela,mw,3,Chikwawa,Southern,,132.0158238,41,4/13/2020,43,4/15/2020,45,4/17/2020,47,4/19/2020,49,4/21/2020,51,4/23/2020,53,4/25/2020,56,4/28/2020,61,5/3/2020,300,12/15/2020
31009,TA Mlilima,mw,3,Chikwawa,Southern,,76.45563557,41,4/13/2020,43,4/15/2020,45,4/17/2020,47,4/19/2020,49,4/21/2020,51,4/23/2020,53,4/25/2020,57,4/29/2020,62,5/4/2020,300,12/15/2020
31010,STA Masache,mw,3,Chikwawa,Southern,,150.8572854,42,4/14/2020,44,4/16/2020,46,4/18/2020,48,4/20/2020,51,4/23/2020,53,4/25/2020,55,4/27/2020,59,5/1/2020,64,5/6/2020,300,12/16/2020
31011,TA Ngowe,mw,3,Chikwawa,Southern,,67.12489071,44,4/16/2020,46,4/18/2020,48,4/20/2020,50,4/22/2020,53,4/25/2020,55,4/27/2020,57,4/29/2020,61,5/3/2020,67,5/9/2020,300,12/18/2020
31012,Lengwe National Park,mw,3,Chikwawa,Southern,,922.9957501,47,4/19/2020,49,4/21/2020,52,4/24/2020,54,4/26/2020,57,4/29/2020,59,5/1/2020,62,5/4/2020,65,5/7/2020,73,5/15/2020,300,12/22/2020
31013,Majete Game Reserve - Chikwawa,mw,3,Chikwawa,Southern,,649.2754157,49,4/21/2020,50,4/22/2020,53,4/25/2020,56,4/28/2020,59,5/1/2020,62,5/4/2020,65,5/7/2020,69,5/11/2020,,,300,12/24/2020
31020,Chikwawa Boma,mw,3,Chikwawa,Southern,,8.070717406,40,4/12/2020,42,4/14/2020,44,4/16/2020,46,4/18/2020,48,4/20/2020,50,4/22/2020,52,4/24/2020,55,4/27/2020,60,5/2/2020,300,12/14/2020
31021,Ngabu Urban,mw,3,Chikwawa,Southern,,7.599034097,42,4/14/2020,44,4/16/2020,47,4/19/2020,48,4/20/2020,51,4/23/2020,53,4/25/2020,55,4/27/2020,58,4/30/2020,64,5/6/2020,300,12/16/2020
31101,TA Ndamera,mw,3,Nsanje,Southern,,193.6038383,44,4/16/2020,46,4/18/2020,50,4/22/2020,53,4/25/2020,56,4/28/2020,59,5/1/2020,62,5/4/2020,67,5/9/2020,75,5/17/2020,300,12/21/2020
31102,TA Chimombo,mw,3,Nsanje,Southern,,32.36638508,53,4/25/2020,55,4/27/2020,58,4/30/2020,61,5/3/2020,64,5/6/2020,68,5/10/2020,71,5/13/2020,77,5/19/2020,92,6/3/2020,300,12/29/2020
31103,TA Nyachikadza,mw,3,Nsanje,Southern,,82.15454961,52,4/24/2020,55,4/27/2020,59,5/1/2020,62,5/4/2020,66,5/8/2020,70,5/12/2020,75,5/17/2020,83,5/25/2020,107,6/18/2020,300,12/30/2020
31104,TA Mlolo,mw,3,Nsanje,Southern,,345.876102,40,4/12/2020,41,4/13/2020,43,4/15/2020,45,4/17/2020,48,4/20/2020,49,4/21/2020,51,4/23/2020,54,4/26/2020,59,5/1/2020,300,12/13/2020
31105,TA Tengani,mw,3,Nsanje,Southern,,348.9780283,41,4/13/2020,42,4/14/2020,45,4/17/2020,46,4/18/2020,49,4/21/2020,51,4/23/2020,53,4/25/2020,57,4/29/2020,63,5/5/2020,300,12/14/2020
31106,TA Malemia,mw,3,Nsanje,Southern,,141.7990987,43,4/15/2020,45,4/17/2020,47,4/19/2020,49,4/21/2020,52,4/24/2020,54,4/26/2020,56,4/28/2020,60,5/2/2020,67,5/9/2020,300,12/17/2020
31107,TA Mbenje,mw,3,Nsanje,Southern,,312.6173545,39,4/11/2020,41,4/13/2020,43,4/15/2020,45,4/17/2020,47,4/19/2020,49,4/21/2020,51,4/23/2020,54,4/26/2020,59,5/1/2020,300,12/13/2020
31108,TA Ngabu,mw,3,Nsanje,Southern,,61.30610291,48,4/20/2020,50,4/22/2020,52,4/24/2020,55,4/27/2020,58,4/30/2020,61,5/3/2020,64,5/6/2020,69,5/11/2020,77,5/19/2020,300,12/23/2020
31109,TA Makoko,mw,3,Nsanje,Southern,,66.15015041,47,4/19/2020,49,4/21/2020,52,4/24/2020,54,4/26/2020,57,4/29/2020,60,5/2/2020,63,5/5/2020,67,5/9/2020,75,5/17/2020,300,12/22/2020
31110,Mwabvi Game Reserve,mw,3,Nsanje,Southern,,350.6496117,46,4/18/2020,47,4/19/2020,50,4/22/2020,52,4/24/2020,55,4/27/2020,58,4/30/2020,60,5/2/2020,65,5/7/2020,72,5/14/2020,300,12/20/2020
31120,Nsanje Boma,mw,3,Nsanje,Southern,,15.4574038,42,4/14/2020,43,4/15/2020,46,4/18/2020,47,4/19/2020,50,4/22/2020,52,4/24/2020,55,4/27/2020,58,4/30/2020,66,5/8/2020,300,12/15/2020
31201,TA Msamala,mw,3,Balaka,Southern,,386.5691492,30,4/2/2020,32,4/4/2020,34,4/6/2020,36,4/8/2020,39,4/11/2020,40,4/12/2020,42,4/14/2020,45,4/17/2020,49,4/21/2020,300,12/4/2020
31202,TA Kalembo,mw,3,Balaka,Southern,,312.7121303,37,4/9/2020,39,4/11/2020,41,4/13/2020,43,4/15/2020,45,4/17/2020,47,4/19/2020,49,4/21/2020,52,4/24/2020,57,4/29/2020,300,12/11/2020
31203,STA Kachenga,mw,3,Balaka,Southern,,220.4732901,35,4/7/2020,37,4/9/2020,40,4/12/2020,42,4/14/2020,44,4/16/2020,46,4/18/2020,48,4/20/2020,51,4/23/2020,56,4/28/2020,300,12/10/2020
31204,TA Amidu,mw,3,Balaka,Southern,,208.3885937,35,4/7/2020,37,4/9/2020,40,4/12/2020,42,4/14/2020,44,4/16/2020,46,4/18/2020,48,4/20/2020,51,4/23/2020,55,4/27/2020,300,12/10/2020
31205,TA Nkaya,mw,3,Balaka,Southern,,338.0501782,35,4/7/2020,36,4/8/2020,39,4/11/2020,41,4/13/2020,43,4/15/2020,45,4/17/2020,47,4/19/2020,50,4/22/2020,54,4/26/2020,300,12/9/2020
31206,STA Phalula,mw,3,Balaka,Southern,,227.0318078,32,4/4/2020,33,4/5/2020,36,4/8/2020,38,4/10/2020,40,4/12/2020,42,4/14/2020,44,4/16/2020,47,4/19/2020,51,4/23/2020,300,12/6/2020
31207,TA Chanthunya,mw,3,Balaka,Southern,,231.2657814,32,4/4/2020,34,4/6/2020,36,4/8/2020,38,4/10/2020,41,4/13/2020,42,4/14/2020,44,4/16/2020,47,4/19/2020,52,4/24/2020,300,12/6/2020
31208,TA Sawali,mw,3,Balaka,Southern,,97.30046023,37,4/9/2020,39,4/11/2020,42,4/14/2020,44,4/16/2020,46,4/18/2020,48,4/20/2020,50,4/22/2020,53,4/25/2020,58,4/30/2020,300,12/12/2020
31209,STA Matola,mw,3,Balaka,Southern,,72.64088953,34,4/6/2020,36,4/8/2020,38,4/10/2020,40,4/12/2020,43,4/15/2020,45,4/17/2020,47,4/19/2020,50,4/22/2020,54,4/26/2020,300,12/8/2020
31210,STA Toleza,mw,3,Balaka,Southern,,36.08864644,43,4/15/2020,45,4/17/2020,47,4/19/2020,50,4/22/2020,52,4/24/2020,55,4/27/2020,57,4/29/2020,60,5/2/2020,67,5/9/2020,300,12/18/2020
31220,Balaka Town,mw,3,Balaka,Southern,,12.2867498,30,4/2/2020,32,4/4/2020,34,4/6/2020,36,4/8/2020,39,4/11/2020,40,4/12/2020,42,4/14/2020,45,4/17/2020,49,4/21/2020,300,12/4/2020
31221,Liwonde Town,mw,3,Balaka,Southern,,6.390699297,36,4/8/2020,38,4/10/2020,41,4/13/2020,43,4/15/2020,45,4/17/2020,47,4/19/2020,49,4/21/2020,52,4/24/2020,57,4/29/2020,300,12/11/2020
31301,TA Dambe,mw,3,Neno,Southern,,279.7911301,37,4/9/2020,39,4/11/2020,42,4/14/2020,44,4/16/2020,46,4/18/2020,48,4/20/2020,50,4/22/2020,53,4/25/2020,57,4/29/2020,300,12/12/2020
31302,TA Mlauli,mw,3,Neno,Southern,,565.5334064,35,4/7/2020,37,4/9/2020,39,4/11/2020,41,4/13/2020,43,4/15/2020,45,4/17/2020,47,4/19/2020,50,4/22/2020,54,4/26/2020,300,12/9/2020
31303,TA Symon Likongwe,mw,3,Neno,Southern,,415.6734219,30,4/2/2020,32,4/4/2020,35,4/7/2020,37,4/9/2020,39,4/11/2020,41,4/13/2020,43,4/15/2020,45,4/17/2020,50,4/22/2020,300,12/5/2020
31304,TA Chekucheku,mw,3,Neno,Southern,,304.9728651,36,4/8/2020,38,4/10/2020,40,4/12/2020,42,4/14/2020,45,4/17/2020,47,4/19/2020,49,4/21/2020,51,4/23/2020,56,4/28/2020,300,12/10/2020
31320,Neno Boma,mw,3,Neno,Southern,,2.464695203,41,4/13/2020,43,4/15/2020,45,4/17/2020,47,4/19/2020,50,4/22/2020,52,4/24/2020,54,4/26/2020,57,4/29/2020,63,5/5/2020,300,12/15/2020
31431,Mpira Ward,mw,3,Zomba City,Southern,Zomba City,8.085951497,35,4/7/2020,37,4/9/2020,39,4/11/2020,41,4/13/2020,44,4/16/2020,45,4/17/2020,47,4/19/2020,50,4/22/2020,54,4/26/2020,120,4/13/2020
31432,Mbedza Ward,mw,3,Zomba City,Southern,Zomba City,4.527015078,35,4/7/2020,37,4/9/2020,39,4/11/2020,41,4/13/2020,44,4/16/2020,45,4/17/2020,47,4/19/2020,50,4/22/2020,54,4/26/2020,120,4/13/2020
31433,Chinamwali Ward,mw,3,Zomba City,Southern,Zomba City,1.870765646,35,4/7/2020,37,4/9/2020,39,4/11/2020,41,4/13/2020,43,4/15/2020,45,4/17/2020,47,4/19/2020,50,4/22/2020,54,4/26/2020,120,4/13/2020
31434,Chirunga Ward,mw,3,Zomba City,Southern,Zomba City,6.921979763,35,4/7/2020,37,4/9/2020,39,4/11/2020,41,4/13/2020,44,4/16/2020,45,4/17/2020,47,4/19/2020,50,4/22/2020,54,4/26/2020,120,4/13/2020
31435,Mtiya Ward,mw,3,Zomba City,Southern,Zomba City,4.02608501,36,4/8/2020,37,4/9/2020,40,4/12/2020,42,4/14/2020,44,4/16/2020,46,4/18/2020,48,4/20/2020,50,4/22/2020,56,4/28/2020,120,4/14/2020
31436,Masongola Ward,mw,3,Zomba City,Southern,Zomba City,8.774739016,33,4/5/2020,35,4/7/2020,37,4/9/2020,39,4/11/2020,41,4/13/2020,43,4/15/2020,45,4/17/2020,47,4/19/2020,51,4/23/2020,120,4/11/2020
31437,Zomba Central Ward,mw,3,Zomba City,Southern,Zomba City,2.007054179,33,4/5/2020,35,4/7/2020,37,4/9/2020,39,4/11/2020,41,4/13/2020,43,4/15/2020,45,4/17/2020,48,4/20/2020,51,4/23/2020,120,4/11/2020
31438,Likangala Ward,mw,3,Zomba City,Southern,Zomba City,1.186858042,36,4/8/2020,37,4/9/2020,40,4/12/2020,42,4/14/2020,44,4/16/2020,46,4/18/2020,48,4/20/2020,50,4/22/2020,54,4/26/2020,120,4/14/2020
31439,Chambo Ward,mw,3,Zomba City,Southern,Zomba City,1.705153978,35,4/7/2020,37,4/9/2020,39,4/11/2020,41,4/13/2020,43,4/15/2020,45,4/17/2020,47,4/19/2020,50,4/22/2020,54,4/26/2020,120,4/13/2020
31440,Sadzi Ward,mw,3,Zomba City,Southern,Zomba City,2.81576354,35,4/7/2020,36,4/8/2020,39,4/11/2020,41,4/13/2020,43,4/15/2020,45,4/17/2020,47,4/19/2020,49,4/21/2020,53,4/25/2020,120,4/13/2020
31531,Michiru Ward,mw,3,Blantyre City,Southern,Blantyre City,16.72261035,27,3/30/2020,29,4/1/2020,31,4/3/2020,33,4/5/2020,35,4/7/2020,37,4/9/2020,38,4/10/2020,41,4/13/2020,44,4/16/2020,120,4/5/2020
31532,South Lunzu Ward,mw,3,Blantyre City,Southern,Blantyre City,22.57334917,28,3/31/2020,30,4/2/2020,32,4/4/2020,34,4/6/2020,36,4/8/2020,38,4/10/2020,40,4/12/2020,42,4/14/2020,46,4/18/2020,120,4/6/2020
31533,Mapanga Ward,mw,3,Blantyre City,Southern,Blantyre City,33.08646947,31,4/3/2020,32,4/4/2020,34,4/6/2020,36,4/8/2020,38,4/10/2020,40,4/12/2020,42,4/14/2020,44,4/16/2020,47,4/19/2020,120,4/8/2020
31534,Nkolokoti Ward,mw,3,Blantyre City,Southern,Blantyre City,15.74033662,29,4/1/2020,31,4/3/2020,33,4/5/2020,35,4/7/2020,37,4/9/2020,38,4/10/2020,40,4/12/2020,42,4/14/2020,46,4/18/2020,120,4/7/2020
31535,Ndirande Matope Ward,mw,3,Blantyre City,Southern,Blantyre City,6.115504732,31,4/3/2020,33,4/5/2020,35,4/7/2020,36,4/8/2020,39,4/11/2020,40,4/12/2020,42,4/14/2020,44,4/16/2020,48,4/20/2020,120,4/8/2020
31536,Ndirande Makata Ward,mw,3,Blantyre City,Southern,Blantyre City,3.025721322,31,4/3/2020,33,4/5/2020,35,4/7/2020,37,4/9/2020,39,4/11/2020,40,4/12/2020,42,4/14/2020,44,4/16/2020,48,4/20/2020,120,4/9/2020
31537,Ndirande Gamulani Ward,mw,3,Blantyre City,Southern,Blantyre City,4.295914118,31,4/3/2020,33,4/5/2020,35,4/7/2020,37,4/9/2020,39,4/11/2020,41,4/13/2020,42,4/14/2020,45,4/17/2020,48,4/20/2020,120,4/9/2020
31538,Nyambadwe Ward,mw,3,Blantyre City,Southern,Blantyre City,6.574923055,30,4/2/2020,31,4/3/2020,34,4/6/2020,35,4/7/2020,38,4/10/2020,39,4/11/2020,41,4/13/2020,43,4/15/2020,47,4/19/2020,120,4/7/2020
31539,Mbayani Ward,mw,3,Blantyre City,Southern,Blantyre City,4.802109441,27,3/30/2020,29,4/1/2020,31,4/3/2020,32,4/4/2020,35,4/7/2020,36,4/8/2020,38,4/10/2020,40,4/12/2020,44,4/16/2020,120,4/4/2020
31540,Chilomoni Ward,mw,3,Blantyre City,Southern,Blantyre City,9.998804294,29,4/1/2020,31,4/3/2020,33,4/5/2020,35,4/7/2020,37,4/9/2020,39,4/11/2020,41,4/13/2020,43,4/15/2020,46,4/18/2020,120,4/7/2020
31541,Blantyre City Centre Ward,mw,3,Blantyre City,Southern,Blantyre City,10.92674145,27,3/30/2020,28,3/31/2020,30,4/2/2020,32,4/4/2020,34,4/6/2020,36,4/8/2020,38,4/10/2020,40,4/12/2020,44,4/16/2020,120,4/4/2020
31542,Namalimwe Ward,mw,3,Blantyre City,Southern,Blantyre City,4.919665746,29,4/1/2020,31,4/3/2020,33,4/5/2020,34,4/6/2020,37,4/9/2020,38,4/10/2020,40,4/12/2020,42,4/14/2020,46,4/18/2020,120,4/6/2020
31543,Limbe Central Ward,mw,3,Blantyre City,Southern,Blantyre City,5.751298011,27,3/30/2020,29,4/1/2020,31,4/3/2020,33,4/5/2020,35,4/7/2020,37,4/9/2020,38,4/10/2020,41,4/13/2020,44,4/16/2020,120,4/5/2020
31544,Mzedi Ward,mw,3,Blantyre City,Southern,Blantyre City,17.49611272,31,4/3/2020,32,4/4/2020,35,4/7/2020,36,4/8/2020,38,4/10/2020,40,4/12/2020,42,4/14/2020,44,4/16/2020,47,4/19/2020,120,4/8/2020
31545,Bangwe Ward,mw,3,Blantyre City,Southern,Blantyre City,1.325771746,33,4/5/2020,35,4/7/2020,37,4/9/2020,39,4/11/2020,41,4/13/2020,43,4/15/2020,44,4/16/2020,47,4/19/2020,51,4/23/2020,120,4/11/2020
31546,Bangwe Mthandizi Ward,mw,3,Blantyre City,Southern,Blantyre City,3.933917502,30,4/2/2020,32,4/4/2020,34,4/6/2020,35,4/7/2020,38,4/10/2020,39,4/11/2020,41,4/13/2020,43,4/15/2020,47,4/19/2020,120,4/7/2020
31547,Soche East Ward,mw,3,Blantyre City,Southern,Blantyre City,4.405973883,28,3/31/2020,30,4/2/2020,32,4/4/2020,33,4/5/2020,36,4/8/2020,37,4/9/2020,39,4/11/2020,41,4/13/2020,45,4/17/2020,120,4/5/2020
31548,Blantyre South Ward,mw,3,Blantyre City,Southern,Blantyre City,6.317317889,30,4/2/2020,32,4/4/2020,34,4/6/2020,36,4/8/2020,38,4/10/2020,40,4/12/2020,41,4/13/2020,44,4/16/2020,47,4/19/2020,120,4/8/2020
31549,Green Corner Ward,mw,3,Blantyre City,Southern,Blantyre City,6.800944447,31,4/3/2020,33,4/5/2020,35,4/7/2020,37,4/9/2020,39,4/11/2020,41,4/13/2020,42,4/14/2020,45,4/17/2020,48,4/20/2020,120,4/9/2020
31550,Soche West Ward,mw,3,Blantyre City,Southern,Blantyre City,9.172916863,30,4/2/2020,31,4/3/2020,33,4/5/2020,35,4/7/2020,37,4/9/2020,39,4/11/2020,41,4/13/2020,43,4/15/2020,46,4/18/2020,120,4/7/2020
31551,Namiyango Ward,mw,3,Blantyre City,Southern,Blantyre City,9.227819326,30,4/2/2020,32,4/4/2020,34,4/6/2020,36,4/8/2020,38,4/10/2020,39,4/11/2020,41,4/13/2020,43,4/15/2020,47,4/19/2020,120,4/8/2020
31552,Chigumula Ward,mw,3,Blantyre City,Southern,Blantyre City,20.92594554,31,4/3/2020,33,4/5/2020,35,4/7/2020,37,4/9/2020,39,4/11/2020,41,4/13/2020,42,4/14/2020,44,4/16/2020,48,4/20/2020,120,4/9/2020
31553,Misesa Ward,mw,3,Blantyre City,Southern,Blantyre City,17.13744011,28,3/31/2020,30,4/2/2020,32,4/4/2020,33,4/5/2020,36,4/8/2020,37,4/9/2020,39,4/11/2020,41,4/13/2020,45,4/17/2020,120,4/5/2020
