"","time","S","E","I","H","C","R","D","inci","hosp","crits","lvl2","lvl3","lvl4","ID","POP"
"1",1,229211,0,1,0,0,0,0,0,0,0,"Burkina Faso","Centre-Est","Pouytenga","291",229212
"2",2,229209.976613372,0.844829658225798,0.837425843897159,0.0114165128428076,0.000154663052946092,0.329556950394376,0.00000299949174461429,1.02338662790483,0.012167215627535,0.000157995821551219,"Burkina Faso","Centre-Est","Pouytenga","291",229212
"3",3,229208.968758744,1.41495868015184,0.939196202909105,0.0213529342044074,0.000564073250692365,0.65514725173264,0.0000221135089918751,2.03124125575767,0.0241498217912086,0.000588643816238893,"Burkina Faso","Centre-Est","Pouytenga","291",229212
"4",4,229207.75495981,1.97837292862953,1.18497482186156,0.0324426621760068,0.00121309962457192,1.04796575593948,0.0000709217811935078,3.24504019001235,0.0385810152156707,0.00129190160367582,"Burkina Faso","Centre-Est","Pouytenga","291",229212
"5",5,229206.189046345,2.65782012887996,1.54945848113974,0.0461805890201696,0.00213700281310211,1.5551937306488,0.000163722170317568,4.81095365467209,0.0571987092062037,0.00231891633567719,"Burkina Faso","Centre-Est","Pouytenga","291",229212
"6",6,229204.128829898,3.5347127129384,2.04602303153247,0.0638466212635238,0.00340309554804156,2.22286690840521,0.00031773229847779,6.87117010198613,0.0816935383563389,0.0037561314352391,"Burkina Faso","Centre-Est","Pouytenga","291",229212
"7",7,229201.403907147,4.6885182387924,2.70879608116945,0.0868884587555451,0.00510886246821919,3.10622641967917,0.000554792477214875,9.596092853342,0.114091694421495,0.0057252985540135,"Burkina Faso","Centre-Est","Pouytenga","291",229212
"8",8,229197.794775539,6.21460369552762,3.58873327309584,0.117134855897057,0.00738732485017291,4.27646212250197,0.000903189367869045,13.2052244612405,0.157003305306909,0.00839086859224962,"Burkina Faso","Centre-Est","Pouytenga","291",229212
"9",9,229193.012785001,8.23585623491524,4.75535900163116,0.156975279256677,0.0104169166030852,5.82720765267385,0.00139991362300417,17.987214998703,0.213860936440776,0.011972376184201,"Burkina Faso","Centre-Est","Pouytenga","291",229212
"10",10,229186.676245005,10.9138770359634,6.30149401319798,0.209561932706789,0.0144355498842658,7.88229287398919,0.00209358902707596,24.3237549947687,0.289203911343258,0.0167617599143502,"Burkina Faso","Centre-Est","Pouytenga","291",229212
"11",11,229178.279711402,14.4623342879503,8.35036529238718,0.279064762193207,0.0197596092467761,10.605716319518,0.00304832643450542,32.72028859773,0.389043911624785,0.0231466386184488,"Burkina Faso","Centre-Est","Pouytenga","291",229212
"12",12,229167.153626638,19.1641344119761,11.0653192624487,0.371004932559037,0.0268092620802532,14.2147566748347,0.00434881765371972,43.8463733615526,0.521345606432181,0.0316412816954973,"Burkina Faso","Centre-Est","Pouytenga","291",229212
"13",13,229152.411051937,25.3939431311971,14.6627738446339,0.492694506894503,0.036142018658029,18.9972874924183,0.00610706943846749,58.5889480632403,0.69666134036479,0.0429276513674373,"Burkina Faso","Centre-Est","Pouytenga","291",229212
"14",14,229132.877163556,33.6479304935083,19.4294078163488,0.653818486300186,0.0484972486660559,25.3347110738983,0.00847132480437268,78.1228364435259,0.928971788172565,0.0579098317820255,"Burkina Faso","Centre-Est","Pouytenga","291",229212
"15",15,229106.996046372,44.5830497995357,25.7449000196922,0.867204768604173,0.0648551326483422,33.7323060360934,0.0116378712736499,104.003953627847,1.23679835568706,0.0777861007301755,"Burkina Faso","Centre-Est","Pouytenga","291",229212
"16",16,229072.707425705,59.0689030271285,34.11202049955,1.14984373375763,0.0865148001485897,44.8594255436705,0.0158666906411147,138.292574294896,1.64467665198408,0.104144456416495,"Burkina Faso","Centre-Est","Pouytenga","291",229212
"17",17,229034.433419282,72.243661641011,44.1914724222024,1.51966989116326,0.115167213138178,59.4751077642816,0.0215017865992476,176.566580718395,2.18039175220953,0.139058087137342,"Burkina Faso","Centre-Est","Pouytenga","291",229212
"18",18,228985.505520786,90.1028266146099,56.0558677258539,1.98658114260776,0.152739552163654,78.1674740571755,0.0289901215574967,225.494479213968,2.86535804940941,0.18495079833865,"Burkina Faso","Centre-Est","Pouytenga","291",229212
"19",19,228923.689058737,113.030755235107,70.6753973075516,2.56880790161371,0.201378986536057,101.795709631462,0.0388922010219567,287.310941263293,3.730967137987,0.24459254322712,"Burkina Faso","Centre-Est","Pouytenga","291",229212
"20",20,228845.86168187,142.024120387571,88.9452350943566,3.29417661383391,0.263695749588834,131.559188991265,0.0519012932436636,365.138318129858,4.8211077512147,0.321363853192905,"Burkina Faso","Centre-Est","Pouytenga","291",229212
"21",21,228747.988990802,178.52127734216,111.869690757469,4.19937017944789,0.342964824288562,169.008830798337,0.068875295899934,463.011009197603,6.19255270963245,0.419492930844044,"Burkina Faso","Centre-Est","Pouytenga","291",229212
"22",22,228624.969140979,224.392715454903,140.66415743287,5.33101223275944,0.443322985662394,216.108771285941,0.0908796286589767,586.030859020794,7.91720587440874,0.544300350839035,"Burkina Faso","Centre-Est","Pouytenga","291",229212
"23",23,228470.394995713,282.002772466267,176.834730889179,6.74774811420796,0.569994735053982,275.330516316265,0.119241765478222,740.605004286452,10.0855445201639,0.70248558558534,"Burkina Faso","Centre-Est","Pouytenga","291",229212
"24",24,228276.242637405,354.312393199134,222.259669068632,8.5231094411841,0.729568438594444,349.777002496484,0.155619950529813,934.757362594557,12.8111587276015,0.902479494738681,"Burkina Faso","Centre-Est","Pouytenga","291",229212
"25",25,228032.481409174,445.014153313374,279.283351144706,10.7491712183719,0.930339288758004,443.339486496636,0.20208936373211,1178.51859082558,16.2364929419418,1.15488302623813,"Burkina Faso","Centre-Est","Pouytenga","291",229212
"26",26,227726.596487473,558.698043586607,350.82807847117,13.5410923979767,1.18273453711152,560.892314049428,0.261249484282187,1484.40351252657,20.5399737968687,1.47301174186951,"Burkina Faso","Centre-Est","Pouytenga","291",229212
"27",27,227343.00821019,701.049654808505,440.529079847627,17.0427176076506,1.49984303213788,708.534136084812,0.33635842913904,1867.99178980987,25.9448371122803,1.87357462007015,"Burkina Faso","Centre-Est","Pouytenga","291",229212
"28",28,226862.375324915,879.082474801152,552.894965501837,21.433424444283,1.89807022345616,893.884239832102,0.431500282351131,2348.62467508518,32.7299707700826,2.37751498162408,"Burkina Faso","Centre-Est","Pouytenga","291",229212
"29",29,226260.768812338,1101.40217580885,693.497536935799,26.9364390901585,2.3979488893257,1126.44529285101,0.551794087078226,2950.23118766222,41.2431857690517,3.01105343052373,"Burkina Faso","Centre-Est","Pouytenga","291",229212
"30",30,225508.715171388,1378.49710058973,869.188743070023,33.8287855176133,3.02513026000863,1418.04141660516,0.703652569117077,3702.28482861165,51.9172405524062,3.80696644791649,"Burkina Faso","Centre-Est","Pouytenga","291",229212
"31",31,224570.114398426,1723.03793898482,1088.34455868756,42.4530484416498,3.8115938828874,1783.34335855042,0.895103026735276,4640.88560157407,65.2890466121965,4.80615280148215,"Burkina Faso","Centre-Est","Pouytenga","291",229212
"32",32,223401.062676974,2150.16006228062,1361.12398148681,53.2310262291216,4.79710837296796,2240.48896142535,1.13618323147836,5809.93732302635,82.0223521180598,6.0595341857217,"Burkina Faso","Centre-Est","Pouytenga","291",229212
"33",33,221948.648971884,2677.67507923438,1699.72533481583,66.6791200327291,6.03097435121985,2811.80109250964,1.43942717195717,7262.35102811575,102.933976872591,7.63033787561671,"Burkina Faso","Centre-Est","Pouytenga","291",229212
"34",34,220149.84719854,3326.13133092386,2118.60522821964,83.4250198739865,7.57407281003732,3524.59669223574,1.82045739702568,9061.15280146029,129.023358199682,9.59680325117696,"Burkina Faso","Centre-Est","Pouytenga","291",229212
"35",35,217930.70595808,4118.60092770275,2634.60493720423,104.224716660377,9.50122133650519,4412.06353786514,2.29870115083126,11280.2940419198,161.504539065237,12.0553337263177,"Burkina Faso","Centre-Est","Pouytenga","291",229212
"36",36,215206.14652611,5080.0205302881,3266.89697822273,129.978084915371,11.9038083173663,5514.1558247844,2.89824736163008,14004.8534738896,201.838791330939,15.124083163622,"Burkina Faso","Centre-Est","Pouytenga","291",229212
"37",37,211880.812614854,6235.8559104108,4036.63059880896,161.740098505693,14.8926161129891,6878.41930366973,3.64885763799437,17330.1873851462,251.764582932203,18.9469023774273,"Burkina Faso","Centre-Est","Pouytenga","291",229212
"38",38,207851.538393565,7609.82933463752,4966.11425855801,200.723355544441,18.6006589820144,8560.60686182624,4.58713688620002,21359.4616064344,313.319767013537,23.6974777444589,"Burkina Faso","Centre-Est","Pouytenga","291",229212
"39",39,203012.151851014,9220.4235240489,6077.32708324456,248.285435655398,23.18573120316,10624.86851573,5.75785910421524,26198.8481489862,388.848045683795,29.5833524300658,"Burkina Faso","Centre-Est","Pouytenga","291",229212
"40",40,197261.22009559,11076.0333758304,7389.56522716592,305.893317744777,28.8322075095805,13143.2403603769,7.21541578209952,31949.7799044097,480.97958899128,36.8493361563578,"Burkina Faso","Centre-Est","Pouytenga","291",229212
"41",41,190513.243980757,13168.8015871048,8916.06416691573,375.054682962037,35.7514139083666,16194.058838355,9.02532999680151,38697.7560192428,592.572093226163,45.7795583492572,"Burkina Faso","Centre-Est","Pouytenga","291",229212
"42",42,182713.097298695,15467.7476773917,10659.5760439838,457.207055669086,44.1797070027525,19858.9264850047,11.265732252521,46497.9027013046,726.598587431875,56.6971872833314,"Burkina Faso","Centre-Est","Pouytenga","291",229212
"43",43,173852.561489871,17912.3922482133,12607.2230717688,553.557317124836,54.3732052958494,24217.8640301402,14.0286375859405,55358.4385101289,885.968655635404,69.9605803913389,"Burkina Faso","Centre-Est","Pouytenga","291",229212
"44",44,163986.384082454,20408.9054762181,14725.3107508629,664.872715020214,66.5981169743413,29342.5080496107,17.4208088592941,65224.6159175455,1073.27804734631,85.9545712624459,"Burkina Faso","Centre-Est","Pouytenga","291",229212
"45",45,153243.938271328,22831.250682921,16955.3605775709,791.235790153757,81.1158005867129,35287.5349492075,21.5639282316609,75967.0617286715,1290.49352665874,105.075720844114,"Burkina Faso","Centre-Est","Pouytenga","291",229212
"46",46,141831.982421297,25029.4837412484,19212.9235830032,931.793534117339,98.1623570800551,42081.0605833166,26.5937799375872,87379.0175787031,1538.60074896268,127.711001455152,"Burkina Faso","Centre-Est","Pouytenga","291",229212
"47",47,130024.689181609,26846.0206485535,21390.8135212357,1084.54835684669,117.923436808701,49715.3467204491,32.6581344970706,99186.3108183907,1817.26435630389,154.210252916557,"Burkina Faso","Centre-Est","Pouytenga","291",229212
"48",48,118140.252018643,28137.8389477031,23367.5889231702,1246.24924740703,140.506434821688,58139.6512905727,39.913137682351,111070.747981357,2124.56796272073,184.854365579855,"Burkina Faso","Centre-Est","Pouytenga","291",229212
"49",49,106507.191396495,28799.9850911934,25020.800725685,1412.43824084488,165.913483698933,67257.1529280566,48.5181340258956,122703.808603505,2456.90497053273,219.822521505484,"Burkina Faso","Centre-Est","Pouytenga","291",229212
"50",50,95427.5441994772,28783.9416951492,26242.8128636458,1577.68231126821,194.019635854854,76927.3701972771,58.6290973275065,133783.455800523,2809.07211601034,259.163077329861,"Burkina Faso","Centre-Est","Pouytenga","291",229212
"51",51,85145.4791958174,28105.4065251275,26955.7417606876,1735.98049575899,224.560618313368,86974.440321389,70.391082905914,144065.520804182,3174.57856405782,302.772932653273,"Burkina Faso","Centre-Est","Pouytenga","291",229212
"52",52,75828.1020255425,26839.3607588947,27121.9323066348,1881.289688517,257.133405039349,97200.2514728006,83.93034257086,153382.897974457,3546.13279396745,350.389341229194,"Burkina Faso","Centre-Est","Pouytenga","291",229212
"53",53,67561.0656266981,25104.3932890225,26747.6179871186,2008.08009368937,291.210748743299,107400.285387998,99.3468667295543,161649.934373302,3916.22772601674,401.596156220581,"Burkina Faso","Centre-Est","Pouytenga","291",229212
"54",54,60356.9475353087,23041.5154019376,25879.323449435,2111.82463637508,326.168307656431,117379.512566672,116.708102615166,168854.052464691,4277.7258592497,455.843977228838,"Burkina Faso","Centre-Est","Pouytenga","291",229212
"55",55,54171.6882292938,20793.2490752547,24594.4839919606,2189.34425857161,361.320936797601,126965.869024262,136.044483860035,175039.311770706,4624.35340116108,512.481474419862,"Burkina Faso","Centre-Est","Pouytenga","291",229212
"56",56,48923.6091058331,18487.3362982209,22989.1570613079,2238.96836732285,395.963237137754,136019.61879007,157.347140107627,180287.390894167,4951.04128976837,570.793392812895,"Burkina Faso","Centre-Est","Pouytenga","291",229212
"57",57,44510.8990076923,16227.0355626692,21165.5132168244,2260.51435422583,429.409346463883,144438.060618524,180.567893599863,184700.100992308,5254.09375777498,630.04033935262,"Burkina Faso","Centre-Est","Pouytenga","291",229212
"58",58,40825.3070569039,14087.6769057061,19221.3607323195,2255.11903969086,461.027771915727,152155.887119025,205.621374438786,188385.692943096,5531.19644765523,689.495965736601,"Burkina Faso","Centre-Est","Pouytenga","291",229212
"59",59,37761.5284728724,12117.8916593336,17242.7200460939,2224.97573834337,490.268499336787,159142.226709212,232.388874808168,191449.471527128,5781.30263243287,748.478360234751,"Burkina Faso","Centre-Est","Pouytenga","291",229212
"60",60,35222.7240229126,10343.652217284,15299.6975657745,2173.0274040743,516.681083257226,165395.494220537,260.723486160711,193988.275977087,6004.43943461657,806.373845658017,"Burkina Faso","Centre-Est","Pouytenga","291",229212
"61",61,33123.1520491357,8773.39658605923,13445.1721502449,2102.66214923553,539.923813976637,170937.237257856,290.455993491707,196087.847950864,6201.47801985083,862.652695634089,"Burkina Faso","Centre-Est","Pouytenga","291",229212
"62",62,31388.8202363781,7403.10895720803,11715.6078876889,2017.44176356023,559.764845901149,175805.855245012,321.40106425163,197822.179763622,6373.90015042269,916.877139514071,"Burkina Faso","Centre-Est","Pouytenga","291",229212
"63",63,29956.9925536067,6220.73841580212,10133.0681222555,1920.8824096106,576.077034074196,180050.878157546,353.363307104431,199254.007446393,6523.58633322065,968.702930856897,"Burkina Faso","Centre-Est","Pouytenga","291",229212
"64",64,28775.1040538086,5209.66883692476,8707.87175106393,1816.29136116786,588.828197207613,183728.092896998,386.142902829544,200435.895946191,6652.63602126761,1017.87586701822,"Burkina Faso","Centre-Est","Pouytenga","291",229212
"65",65,27799.4532820883,4351.26577192911,7441.33936056588,1706.6582935293,598.0685260622,186895.674163115,419.540602710214,201411.546717912,6763.22546429134,1064.22475129577,"Burkina Faso","Centre-Est","Pouytenga","291",229212
"66",66,26993.8833932809,3626.61715323493,6328.3315814521,1594.59364845894,603.916621854817,189611.295631966,453.361969751846,202217.116606719,6857.50212728392,1107.65214380131,"Burkina Faso","Centre-Est","Pouytenga","291",229212
"67",67,26328.5644969272,3017.62708829132,5359.43044519126,1482.30450634695,606.545295066302,191930.107338636,487.420829540914,202882.435503073,6937.51130525705,1148.12399455621,"Burkina Faso","Centre-Est","Pouytenga","291",229212
"68",68,25778.9208231419,2507.64246187858,4522.6799554721,1371.59882558978,606.167999506867,193903.448002402,521.541932008858,203432.079176858,7005.14995768292,1185.65903507226,"Burkina Faso","Centre-Est","Pouytenga","291",229212
"69",69,25324.7156827526,2081.74737036588,3804.91614060601,1263.90873024237,603.026458026943,195578.122733828,555.562884177756,203886.284317247,7062.14140446443,1220.31855155778,"Burkina Faso","Centre-Est","Pouytenga","291",229212
"70",70,24949.2837686559,1726.84204788239,3192.72420049683,1160.32583224038,597.379794134522,196996.108928671,589.335427918561,204261.716231344,7110.02575374975,1252.19693626626,"Burkina Faso","Centre-Est","Pouytenga","291",229212
"71",71,24638.896748576,1431.58637907474,2673.09077175309,1061.64258132983,589.495332137627,198194.562038725,622.726148403114,204572.103251424,7150.16127973658,1281.41327480775,"Burkina Faso","Centre-Est","Pouytenga","291",229212
"72",72,24382.2388285289,1186.27085502685,2233.81827008072,968.39552536249,579.641015991093,199206.018786506,655.616718504277,204828.761171471,7183.73295207943,1308.1040365514,"Burkina Faso","Centre-Est","Pouytenga","291",229212
"73",73,24169.978147428,982.649599464251,1863.75637229505,880.907578316721,568.079406726241,200058.725141121,687.903754648937,205041.021852572,7211.76542224162,1332.41691189173,"Burkina Faso","Centre-Est","Pouytenga","291",229212
"74",74,23994.4137193673,813.763807786812,1552.9060806068,799.327459711963,555.063060177642,200777.027490953,719.498381396408,205216.586280633,7235.1382018585,1354.50570617365,"Burkina Faso","Centre-Est","Pouytenga","291",229212
"75",75,23849.1876133384,673.76871995446,1292.43194674154,723.665167290206,540.831168623615,201381.789818335,750.325565716548,205361.812386662,7254.60166390457,1374.526241642,"Burkina Faso","Centre-Est","Pouytenga","291",229212
"76",76,23729.0483531927,557.772704282704,1074.62000691604,653.823019878021,525.607238249592,201890.805380456,780.32329702472,205481.951646807,7270.79272135671,1392.63312383261,"Burkina Faso","Centre-Est","Pouytenga","291",229212
"77",77,23629.6566802432,461.693517052724,892.798118192056,589.62229764919,509.5976477015,202319.190079222,809.441659939476,205581.343319757,7284.24972332359,1408.97726985647,"Burkina Faso","Centre-Est","Pouytenga","291",229212
"78",78,23547.4258983101,382.131331760839,741.240137012919,530.825581885389,492.990913850348,202679.744289812,837.641847367819,205663.57410169,7295.42609589173,1423.70407759237,"Burkina Faso","Centre-Est","Pouytenga","291",229212
"79",79,23479.3909069177,316.259097012295,615.062960522042,477.155140936942,475.957524897404,202983.279220481,864.895149232203,205731.609093082,7304.7025962431,1436.95213515541,"Burkina Faso","Centre-Est","Pouytenga","291",229212
"80",80,23423.0996320269,261.729025670137,510.123459105987,428.307907622708,458.650199862583,203238.907832184,891.181943527901,205787.900367973,7312.39819643587,1448.85235933803,"Burkina Faso","Centre-Est","Pouytenga","291",229212
"81",81,23376.5241304311,216.59303018293,422.921642277476,383.967324876069,441.204480288528,203454.298679597,916.490712346915,205834.475869569,7318.77954573083,1459.52749400732,"Burkina Faso","Centre-Est","Pouytenga","291",229212
"82",82,23337.986930412,179.235788175782,350.511072089689,343.812644200045,423.739550385554,203635.89691718,940.817097556927,205873.013069588,7324.06918049552,1469.09188100436,"Burkina Faso","Centre-Est","Pouytenga","291",229212
"83",83,23306.100386339,148.318573969222,290.418692518271,307.526005667763,406.359218067398,203789.114115817,964.163007621383,205904.899613661,7328.45255010331,1477.65144875782,"Burkina Faso","Centre-Est","Pouytenga","291",229212
"84",84,23279.7165586368,122.732406783508,240.573760751789,274.79772131164,389.152991679793,203918.490777776,986.535783060097,205931.283441363,7332.08401048051,1485.30386174657,"Burkina Faso","Centre-Est","Pouytenga","291",229212
"85",85,23257.8857137049,101.558782683371,199.245943511027,245.330094944524,372.197206126336,204027.834835743,1007.94742328649,205953.114286295,7335.09191282038,1492.13878755577,"Burkina Faso","Centre-Est","Pouytenga","291",229212
"86",86,23239.8220747859,84.0371876593383,164.991701146394,218.840039156977,355.556163180098,204120.338956351,1028.41387772043,205971.177925214,7337.58289620867,1498.23824953613,"Burkina Faso","Centre-Est","Pouytenga","291",229212
"87",87,23224.8755270207,69.5380171755284,136.608504584611,195.060743392938,339.283256231264,204198.679550615,1047.9544009796,205986.124472979,7339.6454956692,1503.67703509749,"Burkina Faso","Centre-Est","Pouytenga","291",229212
"88",88,23212.5081529911,57.540097786897,113.095688066078,173.742610533843,323.422059806504,204265.10042104,1066.59096977581,205998.491847009,7341.35317709553,1508.52313733518,"Burkina Faso","Centre-Est","Pouytenga","291",229212
"89",89,23202.274841258,47.6120230404621,93.6213373311776,154.653616180485,308.007369489984,204321.483052961,1084.34775973889,206008.725158742,7342.76687559677,1512.83821364431,"Burkina Faso","Centre-Est","Pouytenga","291",229212
"90",90,23193.8073706091,39.3968254583453,77.4945205202597,137.579214209727,293.066180967728,204369.405207377,1101.25068085724,206017.192629391,7343.93710032551,1516.67804858688,"Burkina Faso","Centre-Est","Pouytenga","291",229212
"91",91,23186.8010377918,32.5990459766031,64.1416546807474,122.321960708271,278.618603790807,204410.190733357,1117.32696369445,206024.198962208,7344.90571557001,1520.09300789575,"Burkina Faso","Centre-Est","Pouytenga","291",229212
"92",92,23181.0036972934,26.9741230444059,53.0868626992915,108.700881850425,264.678707622356,204444.950931545,1132.60479594529,206029.996302706,7345.70741075172,1523.1284808949,"Burkina Faso","Centre-Est","Pouytenga","291",229212
"93",93,23176.2067260638,22.3197443773737,43.9354704175118,96.5506784530248,251.255298757239,204474.619076728,1147.11300520274,206034.793273936,7346.37091976113,1525.82530453806,"Burkina Faso","Centre-Est","Pouytenga","291",229212
"94",94,23172.237501205,18.4684502564757,36.360351387262,85.7208452265383,238.352626355004,204499.979442344,1160.88078322537,206038.762498795,7346.92004012346,1528.22016327208,"Burkina Faso","Centre-Est","Pouytenga","291",229212
"95",95,23168.9531942328,15.2816748535318,30.0904281914832,76.0747210285456,225.971024598144,204521.691509334,1173.9374477615,206042.046805767,7347.37447699649,1530.34596655537,"Burkina Faso","Centre-Est","Pouytenga","291",229212
"96",96,23166.2356097952,12.6447878532287,24.9010485529852,67.4885249305955,214.107490000368,204540.310299922,1186.31223894506,206044.764390205,7347.75054736913,1532.23219993932,"Burkina Faso","Centre-Est","Pouytenga","291",229212
"97",97,23163.9869645116,10.4628837286411,20.6062305988913,59.8503830655758,202.756199856204,204556.303191859,1198.03414637996,206047.013035488,7348.06175739396,1533.90525138949,"Burkina Faso","Centre-Est","Pouytenga","291",229212
"98",98,23162.126335852,8.65747176222752,17.051875537813,53.0593869753567,191.90897436988,204570.064191704,1209.13176379836,206048.873664148,7348.31928918922,1535.38871192361,"Burkina Faso","Centre-Est","Pouytenga","291",229212
"99",99,23160.5867666859,7.16359599017271,14.1103966225173,47.0246780064912,181.55568723478,204581.925707183,1219.63316827668,206050.413233314,7348.53239840555,1536.70365198665,"Burkina Faso","Centre-Est","Pouytenga","291",229212
"100",100,23159.3128648563,5.92747741443143,11.6762229023703,41.6645754916702,171.684628683236,204592.1684095,1229.56582115173,206051.687135144,7348.70874430741,1537.86887440738,"Burkina Faso","Centre-Est","Pouytenga","291",229212
"101",101,23158.2587785184,4.90466795336936,9.66185409894018,36.9057611616931,162.282824559453,204601.029625562,1238.95648814547,206052.741221481,7348.85466854254,1538.90114472108,"Burkina Faso","Centre-Est","Pouytenga","291",229212
"102",102,23157.3865835724,4.05834174095048,7.99495167693979,32.6825033860047,153.336316497826,204608.710126887,1247.8311762382,206053.613416427,7348.97541735606,1539.81540120694,"Burkina Faso","Centre-Est","Pouytenga","291",229212
"103",103,23156.6648892628,3.35805643981546,6.615579340806,28.9359472089166,144.830405521519,204615.380036884,1256.21508534179,206054.335110737,7349.07533392952,1540.62494479018,"Burkina Faso","Centre-Est","Pouytenga","291",229212
"104",104,23156.0677283384,2.77860571173447,5.47416585035834,25.6134498142454,136.749863596042,204621.183613899,1264.13257279008,206054.932271661,7349.15801155584,1541.34161114058,"Burkina Faso","Centre-Est","Pouytenga","291",229212
"105",105,23155.5736105092,2.29914300175039,4.52966285057105,22.6679732390381,129.07911622502,204626.243365381,1271.60712879363,206055.426389491,7349.22642435739,1541.97592599572,"Burkina Faso","Centre-Est","Pouytenga","291",229212
"106",106,23155.1647557173,1.90241347849998,3.74810966446406,20.0575251406731,121.802399055858,204630.663435455,1278.66136148838,206055.835244283,7349.28303321758,1542.53724515406,"Burkina Faso","Centre-Est","Pouytenga","291",229212
"107",107,23154.8264511622,1.57414173908279,3.10139693879219,17.7446492461083,114.903891420666,204634.532479393,1285.31699010015,206056.173548838,7349.32987465034,1543.03388042083,"Burkina Faso","Centre-Est","Pouytenga","291",229212
"108",108,23154.5465234546,1.30251535593902,2.56626482183845,15.6959611107546,108.367829253578,204637.926060925,1291.59484507796,206056.453476545,7349.36863377963,1543.47321267353,"Burkina Faso","Centre-Est","Pouytenga","291",229212
"109",109,23154.3148986469,1.07775955691814,2.12346232774447,13.8817258806224,102.178600272764,204640.90867938,1297.51487393475,206056.685101353,7349.40070518516,1543.86179353359,"Burkina Faso","Centre-Est","Pouytenga","291",229212
"110",110,23154.1232421354,0.89178623548282,1.75706187641295,12.2754771793138,96.3208225208669,204643.535457867,1303.09615218551,206056.876757864,7349.42724271346,1544.20543606032,"Burkina Faso","Centre-Est","Pouytenga","291",229212
"111",111,23153.9646569976,0.737903780780597,1.45388100193736,10.8536717497185,90.7794094050991,204645.853578931,1308.35689813348,206057.035343002,7349.44920121294,1544.50929622008,"Burkina Faso","Centre-Est","Pouytenga","291",229212
"112",112,23153.8334366295,0.610574485014533,1.20301266409493,9.59537814866365,85.5396222471905,204647.9034848,1313.31449102524,206057.16656337,7349.46737076184,1544.77794560857,"Burkina Faso","Centre-Est","Pouytenga","291",229212
"113",113,23153.7248590496,0.505216502387024,0.995430889360376,8.48199655922758,80.5871121378314,204649.719893015,1317.98549184608,206057.27514095,7349.4824051341,1545.01543641125,"Burkina Faso","Centre-Est","Pouytenga","291",229212
"114",114,23153.635017081,0.418038665574611,0.823666814672123,7.4970068973788,75.9079524738799,204651.332651866,1322.38566620144,206057.364982919,7349.49484530257,1545.22535936437,"Burkina Faso","Centre-Est","Pouytenga","291",229212
"115",115,23153.5606778704,0.345903736048652,0.681540753051378,6.62574267353742,71.4886634470181,204652.767462725,1326.53000879486,206057.43932213,7349.5051388836,1545.41089544131,"Burkina Faso","Centre-Est","Pouytenga","291",229212
"116",116,23153.4991661696,0.286216040882004,0.563938295416774,5.85518820320776,67.3162296253212,204654.046492589,1330.43276907674,206057.50083383,7349.51365629355,1545.57486193281,"Burkina Faso","Centre-Est","Pouytenga","291",229212
"117",117,23153.4482685126,0.236827601450198,0.466628094644241,5.17379721874259,63.3781114938569,204655.18888935,1334.10747772853,206057.551731487,7349.52070401384,1545.71975341444,"Burkina Faso","Centre-Est","Pouytenga","291",229212
"118",118,23153.4061537332,0.195961586890717,0.386109394053582,4.57133099017654,59.6622518555467,204656.211218791,1337.56697364893,206057.593846267,7349.52653559429,1545.84777813213,"Burkina Faso","Centre-Est","Pouytenga","291",229212
"119",119,23153.3713060847,0.162147339248855,0.31948428461066,4.03871240223321,56.1570783049993,204657.127840462,1340.82343112166,206057.628693915,7349.53136091231,1545.9608906624,"Burkina Faso","Centre-Est","Pouytenga","291",229212
"120",120,23153.3424716388,0.134167804546388,0.264355813530413,3.5678969916284,52.8515016191999,204657.951219035,1343.8883870973,206057.657528361,7349.53535359385,1546.0608206162,"Burkina Faso","Centre-Est","Pouytenga","291",229212
"121",121,23153.3186127339,0.111016363308793,0.218739883515754,3.15175749467683,49.7349113192848,204658.692193954,1346.77276825099,206057.681387266,7349.53865732016,1546.14909826483,"Burkina Faso","Centre-Est","Pouytenga","291",229212
"122",122,23153.2988708127,0.0918598806462694,0.180995106389651,2.78398086227566,46.7971687146894,204659.360206899,1349.48691772447,206057.701129187,7349.54139097311,1546.22707729743,"Burkina Faso","Centre-Est","Pouytenga","291",229212
"123",123,23153.282535494,0.0760089146521035,0.149763461887748,2.45897658409479,44.0285978846443,204659.963496242,1352.04062141889,206057.717464506,7349.54365291745,1546.29595501675,"Burkina Faso","Centre-Est","Pouytenga","291",229212
"124",124,23153.2690189314,0.062893125133848,0.123920990485699,2.17179513639611,41.4199749890516,204660.509263092,1354.44313373491,206057.730981069,7349.5455245511,1546.35679025006,"Burkina Faso","Centre-Est","Pouytenga","291",229212
"125",125,23153.2578347219,0.0520405417226981,0.102537740454496,1.91805537443317,38.9625162645527,204661.003812674,1356.70320268253,206057.742165278,7349.54707322545,1546.41051924514,"Burkina Faso","Centre-Est","Pouytenga","291",229212
"126",126,23153.2485803721,0.0430605932490565,0.0848442026067794,1.69387993374151,36.6478649905071,204661.4526756,1358.82909430775,206057.751419628,7349.54835467324,1546.45796977689,"Burkina Faso","Centre-Est","Pouytenga","291",229212
"127",127,23153.2409229287,0.0356302041173519,0.0702038016506503,1.49583840019073,34.4680778324864,204661.860710708,1360.82861612482,206057.759077071,7349.54941499815,1546.49987352673,"Burkina Faso","Centre-Est","Pouytenga","291",229212
"128",128,23153.2345868096,0.0294819601641855,0.0580896563685515,1.32089563822561,32.4156103407813,204662.23219532,1362.70914027437,206057.76541319,7349.55029235976,1546.5368773123,"Burkina Faso","Centre-Est","Pouytenga","291",229212
"129",129,23153.2293440405,0.0243946472661992,0.0480659021735757,1.16636722137041,30.4833024450131,204662.570900467,1364.47762527648,206057.770655959,7349.55101832551,1546.56955275221,"Burkina Faso","Centre-Est","Pouytenga","291",229212
"130",130,23153.2250059382,0.0201851763307699,0.0397717947412824,1.02987881716367,28.6643634191144,204662.880157381,1366.14063747359,206057.774994062,7349.55161902226,1546.59840505644,"Burkina Faso","Centre-Est","Pouytenga","291",229212
"131",131,23153.2214164128,0.016702085955012,0.032908904507823,0.909331038552284,26.9523571048563,204663.16291329,1367.70437116277,206057.778583587,7349.55211606371,1546.62388061904,"Burkina Faso","Centre-Est","Pouytenga","291",229212
"132",132,23153.218446288,0.0138200299670923,0.0272302578404714,0.802867534729401,25.3411868534715,204663.421780695,1369.17466834132,206057.781553712,7349.55252733683,1546.64637389938,"Burkina Faso","Centre-Est","Pouytenga","291",229212
"133",133,23153.2159887686,0.0114353798977731,0.0225316715856524,0.70884780006807,23.8250812439295,204663.659078306,1370.55703682972,206057.784011231,7349.55286762953,1546.66623327695,"Burkina Faso","Centre-Est","Pouytenga","291",229212
"134",134,23153.2139552283,0.00946213731669995,0.0186436997154563,0.625820200300793,22.3985784419411,204663.876870724,1371.8566695683,206057.786044772,7349.55314921387,1546.68376685116,"Burkina Faso","Centre-Est","Pouytenga","291",229212
"135",135,23153.2122725886,0.00782939046364001,0.0154266220124933,0.552503005187718,21.056513301658,204664.076995205,1373.0784598872,206057.787727411,7349.55338220903,1546.69924650965,"Burkina Faso","Centre-Est","Pouytenga","291",229212
"136",136,23153.2108803065,0.00647839177282939,0.0127646855175193,0.487763102477365,19.7940027572949,204664.261091991,1374.22701876486,206057.789119693,7349.55357499837,1546.71291249602,"Burkina Faso","Centre-Est","Pouytenga","291",229212
"137",137,23153.2097282641,0.00536050920101433,0.0105620684451567,0.43059911378278,18.6064324270911,204664.430627479,1375.30669013798,206057.790271736,7349.55373452173,1546.72497702484,"Burkina Faso","Centre-Est","Pouytenga","291",229212
"138",138,23153.2087750151,0.00443552556722342,0.00873952920568448,0.380126247322512,17.4894434827452,204664.586914566,1376.32156563415,206057.791224985,7349.55386651816,1546.73562752068,"Burkina Faso","Centre-Est","Pouytenga","291",229212
"139",139,23153.2079862543,0.00367015270330679,0.00723147850412772,0.335562726903646,16.4389199790991,204664.731130823,1377.27549858587,206057.792013746,7349.55397573791,1546.74502951896,"Burkina Faso","Centre-Est","Pouytenga","291",229212
"140",140,23153.2073335977,0.00303684841914732,0.00598364873267402,0.296217873931668,15.4509766024035,204664.864334082,1378.17211734661,206057.792666402,7349.55406611131,1546.75332920974,"Burkina Faso","Centre-Est","Pouytenga","291",229212
"141",141,23153.2067935607,0.00251282440427242,0.00495113911358217,0.261481530533463,14.5219468822798,204664.987476133,1379.01483793024,206057.793206439,7349.55414089025,1546.76065569366,"Burkina Faso","Centre-Est","Pouytenga","291",229212
"142",142,23153.20634671,0.00207922346107868,0.00409679433777026,0.230814707662547,13.6483718640861,204665.101414701,1379.80687599961,206057.79365329,7349.55420276571,1546.76712297476,"Burkina Faso","Centre-Est","Pouytenga","291",229212
"143",143,23153.2059769654,0.00172044242729679,0.00338987078197557,0.203741311166691,12.8269892404693,204665.206923936,1380.55125823366,206057.794023035,7349.55425396426,1546.77283172231,"Burkina Faso","Centre-Est","Pouytenga","291",229212
"144",144,23153.2056710203,0.00142356905187221,0.00280492689948854,0.179840815969433,12.0547229393796,204665.304703627,1381.25083310104,206057.79432898,7349.5542963285,1546.77787082943,"Burkina Faso","Centre-Est","Pouytenga","291",229212
"145",145,23153.2054178675,0.00117792262158223,0.00232091787334182,0.158741840026348,11.3286731932499,204665.395387231,1381.90828102754,206057.794582132,7349.55433138258,1546.78231877941,"Burkina Faso","Centre-Est","Pouytenga","291",229212
"146",146,23153.2052083987,0.000974664976504007,0.00192042951213955,0.140116390410161,10.6461070215846,204665.479549032,1382.5261240621,206057.794791601,7349.55436038773,1546.78624486836,"Burkina Faso","Centre-Est","Pouytenga","291",229212
"147",147,23153.2050350753,0.000806480803149624,0.00158904816372928,0.123674796080609,10.0044491608773,204665.55771043,1383.10673500835,206057.794964925,7349.55438438784,1546.78971028126,"Burkina Faso","Centre-Est","Pouytenga","291",229212
"148",148,23153.2048916598,0.000667317787153055,0.00131484851236277,0.10916125475696,9.40127343101105,204665.630345443,1383.65234604544,206057.79510834,7349.5544042466,1546.79276903705,"Burkina Faso","Centre-Est","Pouytenga","291",229212
"149",149,23153.2047729914,0.000552168171655187,0.00108796364750133,0.0963498846652705,8.83429451805736,204665.697885597,1384.16505687721,206057.795227009,7349.55442067861,1546.79546882606,"Burkina Faso","Centre-Est","Pouytenga","291",229212
"150",150,23153.2046748,0.000456888237418054,0.000900229048047464,0.0850412300918603,8.30136015521059,204665.760724261,1384.6468424362,206057.7953252,7349.55443427519,1546.79785175098,"Burkina Faso","Centre-Est","Pouytenga","291",229212
"151",151,23153.2045935521,0.000378049470220632,0.000744889147261389,0.0750591764243639,7.80044369510492,204665.819220481,1385.0995601569,206057.795406448,7349.55444552559,1546.79995498054,"Burkina Faso","Centre-Est","Pouytenga","291",229212
"152",152,23153.204526324,0.000312814789210964,0.000616354102389646,0.0662482237634124,7.32963705840382,204665.873702383,1385.52495684179,206057.795473676,7349.55445483467,1546.80181132706,"Burkina Faso","Centre-Est","Pouytenga","291",229212
"153",153,23153.2044706965,0.000258836715826641,0.00050999856939732,0.0584710783577402,6.88714404416071,204665.924470205,1385.92467514103,206057.795529303,7349.55446253742,1546.80344975641,"Burkina Faso","Centre-Est","Pouytenga","291",229212
"154",154,23153.2044246678,0.000214172926577332,0.000421995242507284,0.0516065247025831,6.47127398777194,204665.971798986,1386.30025966559,206057.795575332,7349.55446891101,1546.80489583843,"Burkina Faso","Centre-Est","Pouytenga","291",229212
"155",155,23153.2043865817,0.000177216108042349,0.000349177465397007,0.0455475456022738,6.08043575218686,204666.015940974,1386.6531627532,206057.795613418,7349.5544741848,1546.80617214463,"Burkina Faso","Centre-Est","Pouytenga","291",229212
"156",156,23153.2043550676,0.000146636392910844,0.000288924859877231,0.0401996615909178,5.7131320380953,204666.057127766,1386.98474990524,206057.795644932,7349.55447854856,1546.80729859947,"Burkina Faso","Centre-Est","Pouytenga","291",229212
"157",157,23153.2043289914,0.000121333446627603,0.000239069089574865,0.0354794641146802,5.36795399904828,204666.09557223,1387.29630491229,206057.795671009,7349.55448215933,1546.80829279048,"Burkina Faso","Centre-Est","Pouytenga","291",229212
"158",158,23153.2043074148,0.000100396621746113,0.000197816329584954,0.031313319950847,5.04357614767558,204666.131470219,1387.58903468504,206057.795692585,7349.55448514704,1546.80917024216,"Burkina Faso","Centre-Est","Pouytenga","291",229212
"159",159,23153.2042895614,0.000083072565327314,0.000163681990105041,0.0276362269839692,4.73875153946605,204666.165002111,1387.86407380643,206057.795710439,7349.5544876192,1546.80994465772,"Burkina Faso","Centre-Est","Pouytenga","291",229212
"160",160,23153.2042747887,0.0000687379498326981,0.000135437591762727,0.0243908036458045,4.45230722092661,204666.19633419,1388.12248882053,206057.795725211,7349.55448966479,1546.81062813263,"Burkina Faso","Centre-Est","Pouytenga","291",229212
"161",161,23153.2042625651,0.0000568767732421964,0.000112067097994612,0.0215263964646148,4.18313992930458,204666.225619893,1388.36528227243,206057.795737435,7349.55449135738,1546.81123134311,"Burkina Faso","Centre-Est","Pouytenga","291",229212
"162",162,23153.2042524508,0.0000470623292010891,0.0000927292906820088,0.018998292008034,3.93021203146071,204666.253000921,1388.59339651298,206057.795747549,7349.55449275792,1546.81176371255,"Burkina Faso","Centre-Est","Pouytenga","291",229212
"163",163,23153.2042440817,0.0000389415097001215,0.0000767281666451882,0.0167670209090383,3.69254768980264,204666.278608256,1388.80771728176,206057.795755918,7349.55449391678,1546.81223355842,"Burkina Faso","Centre-Est","Pouytenga","291",229212
"164",164,23153.2042371568,0.0000322218599078641,0.0000634883882074182,0.0147977435470217,3.4692292444688,204666.302563065,1389.00907707977,206057.795762843,7349.55449487567,1546.81264822199,"Burkina Faso","Centre-Est","Pouytenga","291",229212
"165",165,23153.2042314269,0.0000266617636626989,0.0000525331217687377,0.0130597071014638,3.2593937985965,204666.324977526,1389.19825834585,206057.795768573,7349.5544956691,1546.81301418287,"Burkina Faso","Centre-Est","Pouytenga","291",229212
"166",166,23153.2042266856,0.0000220612357411954,0.0000434680511023016,0.0115257675721571,3.06223000091734,204666.345955573,1389.3759964431,206057.795773314,7349.55449632563,1546.81333715991,"Burkina Faso","Centre-Est","Pouytenga","291",229212
"167",167,23153.2042227625,0.0000182544243980325,0.0000359674859379921,0.0101719646127409,2.87697500380619,204666.36559357,1389.54298247736,206057.795777237,7349.55449686885,1546.81362220087,"Burkina Faso","Centre-Est","Pouytenga","291",229212
"168",168,23153.2042195164,0.000015104492111886,0.0000297611780643266,0.0089771496187031,2.70291160436804,204666.383980923,1389.69986594086,206057.795780484,7349.55449731835,1546.81387376087,"Burkina Faso","Centre-Est","Pouytenga","291",229212
"169",169,23153.2042168303,0.0000124981816777609,0.0000246255822376417,0.00792265525567752,2.53936553821798,204666.401200642,1389.84725721052,206057.79578317,7349.55449769028,1546.81409577213,"Burkina Faso","Centre-Est","Pouytenga","291",229212
"170",170,23153.2042146078,0.0000103415302703104,0.0000203764026186551,0.00699200881976398,2.38570298019261,204666.417329833,1389.98572985175,206057.795785392,7349.55449799803,1546.81429170436,"Burkina Faso","Centre-Est","Pouytenga","291",229212
"171",171,23153.2042127688,0.00000855700180468556,0.0000168603870557826,0.00617066420903362,2.24132804531797,204666.432440186,1390.11582291841,206057.795787231,7349.55449825268,1546.81446462133,"Burkina Faso","Centre-Est","Pouytenga","291",229212
"172",172,23153.2042112471,0.00000708043913239609,0.0000139508445734098,0.00544578535360787,2.10568063102838,204666.446598369,1390.23804293592,206057.795788753,7349.5544984634,1546.81461722649,"Burkina Faso","Centre-Est","Pouytenga","291",229212
"173",173,23153.2042099879,0.00000585863205258493,0.0000115434754397753,0.00480604835559847,1.97823431133685,204666.459866416,1390.35286583405,206057.795790012,7349.55449863775,1546.81475190472,"Burkina Faso","Centre-Est","Pouytenga","291",229212
"174",174,23153.2042089461,0.00000484764787331642,0.00000955158339928675,0.00424145530596682,1.85849425657634,204666.472302088,1390.46073885446,206057.795791054,7349.55449878201,1546.81487076153,"Burkina Faso","Centre-Est","Pouytenga","291",229212
"175",175,23153.204208084,0.00000401114307148692,0.00000790333045534836,0.00374317985305962,1.74599535031623,204666.483959196,1390.56208227479,206057.795791916,7349.55449890139,1546.81497565563,"Burkina Faso","Centre-Est","Pouytenga","291",229212
"176",176,23153.2042073707,0.00000331901974064908,0.00000653959510429646,0.00330343880966692,1.64030053320408,204666.494887875,1390.65729092354,206057.795792629,7349.55449900015,1546.81506822603,"Burkina Faso","Centre-Est","Pouytenga","291",229212
"177",177,23153.2042067805,0.0000027463099808908,0.00000541120266274932,0.00291535292823538,1.5409989125584,204666.505134888,1390.74673590786,206057.795793219,7349.55449908188,1546.81514992129,"Burkina Faso","Centre-Est","Pouytenga","291",229212
"178",178,23153.2042062922,0.00000227241915821334,0.00000447745825490973,0.00257285347973534,1.44770435673177,204666.514743851,1390.8307658963,206057.795793708,7349.5544991495,1546.81522201928,"Burkina Faso","Centre-Est","Pouytenga","291",229212
"179",179,23153.2042058881,0.00000188030165258596,0.00000370484879885714,0.00227058788939276,1.36005402546126,204666.523755454,1390.90970845943,206057.795794112,7349.55449920546,1546.81528564705,"Burkina Faso","Centre-Est","Pouytenga","291",229212
"180",180,23153.2042055537,0.0000015558399379011,0.00000306556974369585,0.00200383036809158,1.27770691750388,204666.532207683,1390.98387139391,206057.795794446,7349.55449925176,1546.81534179962,"Burkina Faso","Centre-Est","Pouytenga","291",229212
"181",181,23153.204205277,0.00000128737610781767,0.00000253657903091782,0.00176841015045877,1.20034257751077,204666.540136011,1391.05354389986,206057.795794723,7349.55449929007,1546.81539135513,"Burkina Faso","Centre-Est","Pouytenga","291",229212
"182",182,23153.2042050481,0.00000106523433155908,0.00000209887636676593,0.00156064633913724,1.12765986570038,204666.547573575,1391.1189977006,206057.795794952,7349.55449932177,1546.81543508858,"Burkina Faso","Centre-Est","Pouytenga","291",229212
"183",183,23153.2042048587,0.000000881417836672955,0.00000173671355348039,0.00137729026903384,1.05937579911426,204666.554551337,1391.18048809634,206057.795795141,7349.554499348,1546.81547368393,"Burkina Faso","Centre-Est","Pouytenga","291",229212
"184",184,23153.2042047019,0.000000729328131750641,0.00000143702742374954,0.00121547484730697,0.995224462082914,204666.56109824,1391.23825495445,206057.795795298,7349.5544993697,1546.8155077448,"Burkina Faso","Centre-Est","Pouytenga","291",229212
"185",185,23153.2042045722,0.000000603479818447055,0.00000118905878072619,0.00107266971519547,0.934955981256732,204666.567241344,1391.29252364039,206057.795795428,7349.55449938766,1546.81553780391,"Burkina Faso","Centre-Est","Pouytenga","291",229212
"186",186,23153.2042044649,0.000000499342256265722,0.000000983888298945718,0.000946641713539591,0.87833556175183,204666.573005956,1391.34350589266,206057.795795535,7349.55449940252,1546.81556433138,"Burkina Faso","Centre-Est","Pouytenga","291",229212
"187",187,23153.2042043761,0.000000413180876909028,0.000000814107697918272,0.000835419972343004,0.825142580537121,204666.57841575,1391.39140064543,206057.795795624,7349.55449941482,1546.81558774212,"Burkina Faso","Centre-Est","Pouytenga","291",229212
"188",188,23153.2042043026,0.000000341884468152425,0.00000067362700261573,0.000737265061507699,0.775169733458001,204666.583492881,1391.43639480199,206057.795795697,7349.55449942499,1546.81560840233,"Burkina Faso","Centre-Est","Pouytenga","291",229212
"189",189,23153.2042042418,0.000000282887500139324,0.000000557393054135595,0.00065064198965015,0.72822223620475,204666.58825808,1391.47866395903,206057.795795758,7349.55449943341,1546.81562663513,"Burkina Faso","Centre-Est","Pouytenga","291",229212
"190",190,23153.2042041915,0.000000234076757020601,0.000000461205219221998,0.00057419606118347,0.684117068994788,204666.592730757,1391.51837309104,206057.795795808,7349.55449944038,1546.8156427257,"Burkina Faso","Centre-Est","Pouytenga","291",229212
"191",191,23153.2042041499,0.000000193683116247423,0.000000381626124862501,0.000506731649935768,0.642682267496116,204666.596929083,1391.55567719242,206057.79579585,7349.55449944614,1546.81565692574,"Burkina Faso","Centre-Est","Pouytenga","291",229212
"192",192,23153.2042041155,0.000000160259059681245,0.000000315779982194455,0.000447193583036283,0.603756257423438,204666.600870077,1391.59072187994,206057.795795884,7349.55449945091,1546.81566945735,"Burkina Faso","Centre-Est","Pouytenga","291",229212
"193",193,23153.204204087,0.000000132611207520633,0.000000261278851148118,0.00039465065113559,0.56718722866196,204666.604569681,1391.62364395912,206057.795795913,7349.55449945485,1546.81568051657,"Burkina Faso","Centre-Est","Pouytenga","291",229212
"194",194,23153.2042040634,0.000000109724840519267,0.000000216200550529188,0.000348281038594339,0.532832546574446,204666.608042826,1391.65457195683,206057.795795937,7349.55449945812,1546.81569027639,"Burkina Faso","Centre-Est","Pouytenga","291",229212
"195",195,23153.2042040439,0.0000000907881258722361,0.00000017889979969557,0.000307359469497895,0.500558198552708,204666.611303506,1391.68362662183,206057.795795956,7349.55449946082,1546.81569888947,"Burkina Faso","Centre-Est","Pouytenga","291",229212
"196",196,23153.2042040277,0.0000000751300695459577,0.000000148014082464444,0.000271245891282965,0.470238274403467,204666.614364834,1391.71092139453,206057.795795972,7349.55449946306,1546.81570649054,"Burkina Faso","Centre-Est","Pouytenga","291",229212
"197",197,23153.2042040144,0.0000000621643138089799,0.00000012247682104693,0.000239375412930494,0.4417544765421,204666.617239099,1391.73656284978,206057.795795986,7349.55449946491,1546.81571319852,"Burkina Faso","Centre-Est","Pouytenga","291",229212
"198",198,23153.2042040033,0.0000000514337740290403,0.000000101350215780465,0.00021124951171708,0.414995661178628,204666.619937822,1391.76065111143,206057.795795997,7349.55449946644,1546.81571911833,"Burkina Faso","Centre-Est","Pouytenga","291",229212
"199",199,23153.2042039942,0.0000000425635477290172,0.0000000838519803517494,0.000186428242493099,0.389857406633322,204666.622471802,1391.78328024235,206057.795796006,7349.5544994677,1546.81572434257,"Burkina Faso","Centre-Est","Pouytenga","291",229212
"200",200,23153.2042039866,0.0000000352170747269862,0.0000000693866362331176,0.000164523340796725,0.366241607208118,204666.624851167,1391.8045386112,206057.795796013,7349.55449946875,1546.81572895298,"Burkina Faso","Centre-Est","Pouytenga","291",229212
"201",201,23153.2042039803,0.0000000291370240087066,0.0000000574196682002484,0.000145192147710768,0.34405609147664,204666.627085412,1391.82450923719,206057.79579602,7349.55449946962,1546.81573302168,"Burkina Faso","Centre-Est","Pouytenga","291",229212
"202",202,23153.2042039752,0.0000000241138346924667,0.000000047502453458404,0.00012813228590058,0.323214264908036,204666.629183443,1391.84327011267,206057.795796025,7349.55449947034,1546.81573661232,"Burkina Faso","Centre-Est","Pouytenga","291",229212
"203",203,23153.2042039709,0.0000000199501598003341,0.0000000393109129297966,0.000113076899344711,0.303634772186632,204666.631153613,1391.86089450799,206057.795796029,7349.55449947093,1546.81573978106,"Burkina Faso","Centre-Est","Pouytenga","291",229212
"204",204,23153.2042039673,0.0000000165067188241097,0.0000000325294044200657,0.0000997904736998456,0.285241180355112,204666.633003755,1391.87745125741,206057.795796033,7349.55449947142,1546.81574257748,"Burkina Faso","Centre-Est","Pouytenga","291",229212
"205",205,23153.2042039644,0.0000000136647478723481,0.0000000269037309524969,0.0000880651651621499,0.26796168160812,204666.634741221,1391.89300502734,206057.795796036,7349.55449947183,1546.81574504532,"Burkina Faso","Centre-Est","Pouytenga","291",229212
"206",206,23153.204203962,0.0000000113006202381643,0.000000022273537786479,0.0000777175499783329,0.251728813847787,204666.636372905,1391.90761656841,206057.795796038,7349.55449947216,1546.81574722319,"Burkina Faso","Centre-Est","Pouytenga","291",229212
"207",207,23153.20420396,0.00000000935010061107603,0.0000000184311510614769,0.0000685857578430785,0.236479197938337,204666.637905276,1391.9213429525,206057.79579604,7349.55449947244,1546.81574914516,"Burkina Faso","Centre-Est","Pouytenga","291",229212
"208",208,23153.2042039583,0.00000000774391687170207,0.0000000152364929560131,0.0000605269347621808,0.222153290778722,204666.639344405,1391.93423779547,206057.795796042,7349.55449947267,1546.8157508413,"Burkina Faso","Centre-Est","Pouytenga","291",229212
"209",209,23153.2042039569,0.0000000064012430252926,0.0000000126200038881849,0.0000534150134908285,0.208695153549271,204666.640695989,1391.94635146613,206057.795796043,7349.55449947287,1546.81575233814,"Burkina Faso","Centre-Est","Pouytenga","291",229212
"210",210,23153.2042039558,0.00000000529524594960386,0.0000000104451766321058,0.0000471387354726014,0.196052233315706,204666.641965373,1391.95773128321,206057.795796044,7349.55449947302,1546.8157536591,"Burkina Faso","Centre-Est","Pouytenga","291",229212
"211",211,23153.2042039548,0.00000000438756860046001,0.00000000863089575444442,0.0000415999138545125,0.18417515851767,204666.643157574,1391.9684216997,206057.795796045,7349.55449947315,1546.81575482485,"Burkina Faso","Centre-Est","Pouytenga","291",229212
"212",212,23153.2042039541,0.00000000362593399772264,0.00000000715052869211853,0.0000367118988271563,0.173017546594675,204666.6442773,1391.97846447633,206057.795796046,7349.55449947326,1546.81575585362,"Burkina Faso","Centre-Est","Pouytenga","291",229212
"213",213,23153.2042039534,0.00000000299931135263965,0.00000000591853699965226,0.0000323982231305108,0.162535823086743,204666.645328972,1391.98789884459,206057.795796047,7349.55449947335,1546.81575676152,"Burkina Faso","Centre-Est","Pouytenga","291",229212
"214",214,23153.2042039529,0.0000000024866972570353,0.00000000488754300238546,0.0000285914032914889,0.152689051745548,204666.646316737,1391.99676165989,206057.795796047,7349.55449947342,1546.81575756273,"Burkina Faso","Centre-Est","Pouytenga","291",229212
"215",215,23153.2042039524,0.00000000205400522793388,0.0000000040512639776787,0.0000252318838454945,0.143438774907993,204666.647244489,1392.00508754541,206057.795796048,7349.55449947348,1546.8157582698,"Burkina Faso","Centre-Est","Pouytenga","291",229212
"216",216,23153.2042039521,0.00000000169868396412275,0.00000000335395453098669,0.000022267108396084,0.134748863515903,204666.648115885,1392.01290902725,206057.795796048,7349.55449947353,1546.81575889379,"Burkina Faso","Centre-Est","Pouytenga","291",229212
"217",217,23153.2042039518,0.00000000140950800802697,0.00000000276744724801386,0.0000196506951510154,0.126585376200971,204666.648934356,1392.02025666144,206057.795796048,7349.55449947358,1546.81575944446,"Burkina Faso","Centre-Est","Pouytenga","291",229212
"218",218,23153.2042039515,0.00000000116343743036155,0.00000000229553048706263,0.0000173417112425344,0.118916426891192,204666.649703123,1392.02715915318,206057.795796048,7349.55449947361,1546.81575993042,"Burkina Faso","Centre-Est","Pouytenga","291",229212
"219",219,23153.2042039513,0.000000000961927843831371,0.00000000190090682109227,0.0000153040343469685,0.111712060392758,204666.650425212,1392.03364346901,206057.795796049,7349.55449947364,1546.81576035929,"Burkina Faso","Centre-Est","Pouytenga","291",229212
"220",220,23153.2042039511,0.0000000007994681133537,0.00000000156594353635839,0.0000135057849805108,0.104944135431798,204666.651103463,1392.0397349421,206057.795796049,7349.55449947366,1546.81576073776,"Burkina Faso","Centre-Est","Pouytenga","291",229212
"221",221,23153.204203951,0.000000000657818798795899,0.00000000130301126287931,0.0000119188308390565,0.0985862151861084,204666.651740542,1392.04545737092,206057.795796049,7349.55449947368,1546.81576107176,"Burkina Faso","Centre-Est","Pouytenga","291",229212
"222",222,23153.2042039509,0.000000000544470761265489,0.00000000107784850456991,0.0000105183462797386,0.0926134638738463,204666.652338953,1392.05083311238,206057.795796049,7349.5544994737,1546.81576136651,"Burkina Faso","Centre-Est","Pouytenga","291",229212
"223",223,23153.2042039508,0.00000000045440707927115,0.000000000884198813679436,0.00000928242080251891,0.087002549744401,204666.652901046,1392.0558831692,206057.795796049,7349.55449947371,1546.81576162663,"Burkina Faso","Centre-Est","Pouytenga","291",229212
"224",224,23153.2042039507,0.000000000370310455326983,0.000000000742828492553214,0.0000081917176422846,0.081731554108131,204666.65342903,1392.06062727188,206057.795796049,7349.55449947372,1546.81576185619,"Burkina Faso","Centre-Est","Pouytenga","291",229212
"225",225,23153.2042039506,0.000000000308572650368519,0.000000000610390208425221,0.00000722917415500519,0.0767798858204175,204666.653924978,1392.06508395566,206057.795796049,7349.55449947373,1546.81576205877,"Burkina Faso","Centre-Est","Pouytenga","291",229212
"226",226,23153.2042039506,0.000000000259908055195381,0.000000000496036698273323,0.00000637973118698838,0.0721282008932242,204666.654390835,1392.069270633,206057.795796049,7349.55449947374,1546.81576223755,"Burkina Faso","Centre-Est","Pouytenga","291",229212
"227",227,23153.2042039505,0.000000000198589200592099,0.000000000442895160243203,0.00000563009812810158,0.0677583269934931,204666.65482843,1392.0732036615,206057.795796049,7349.55449947375,1546.81576239532,"Burkina Faso","Centre-Est","Pouytenga","291",229212
"228",228,23153.2042039505,0.000000000146171865772917,0.000000000402233963620212,0.00000496854907041047,0.063653192579741,204666.65523948,1392.07689840778,206057.795796049,7349.55449947375,1546.81576253456,"Burkina Faso","Centre-Est","Pouytenga","291",229212
"229",229,23153.2042039505,0.000000000121073268380354,0.000000000332585542136498,0.000004384735746666,0.059796760110539,204666.655625597,1392.08036930759,206057.795796049,7349.55449947376,1546.81576265743,"Burkina Faso","Centre-Est","Pouytenga","291",229212
"230",230,23153.2042039504,0.000000000112030370838981,0.000000000251854732510252,0.00000386952310436755,0.0561739632591713,204666.655988294,1392.08362992235,206057.79579605,7349.55449947376,1546.81576276586,"Burkina Faso","Centre-Est","Pouytenga","291",229212
"231",231,23153.2042039504,0.000000000099357728195336,0.000000000195280406152668,0.00000341484841964537,0.0527706482203306,204666.656328994,1392.08669299201,206057.79579605,7349.55449947376,1546.81576286156,"Burkina Faso","Centre-Est","Pouytenga","291",229212
"232",232,23153.2042039504,0.0000000000800774772834763,0.000000000165794959353001,0.0000030135977691162,0.0495735186344443,204666.656649032,1392.08957048464,206057.79579605,7349.55449947376,1546.81576294601,"Burkina Faso","Centre-Est","Pouytenga","291",229212
"233",233,23153.2042039504,0.0000000000633747175060192,0.000000000142873172513896,0.00000265949447167691,0.0465700836709862,204666.656949663,1392.09227364318,206057.79579605,7349.55449947377,1546.81576302053,"Burkina Faso","Centre-Est","Pouytenga","291",229212
"234",234,23153.2042039504,0.0000000000537183536286882,0.000000000115701380965318,0.00000234699921150483,0.0437486091410766,204666.657232064,1392.09481302945,206057.79579605,7349.55449947377,1546.8157630863,"Burkina Faso","Centre-Est","Pouytenga","291",229212
"235",235,23153.2042039504,0.0000000000471555130023304,0.000000000090405816170976,0.00000207122280943136,0.0410980716155109,204666.657497341,1392.09719856546,206057.79579605,7349.55449947377,1546.81576314434,"Burkina Faso","Centre-Est","Pouytenga","291",229212
"236",236,23153.2042039504,0.0000000000395498633401032,0.0000000000737607702214657,0.00000182785039984215,0.0386081154018605,204666.657746534,1392.09943957215,206057.79579605,7349.55449947377,1546.81576319556,"Burkina Faso","Centre-Est","Pouytenga","291",229212
"237",237,23153.2042039504,0.000000000031526361307998,0.0000000000633966795565377,0.00000161307445992424,0.0362690121393526,204666.657980618,1392.10154480577,206057.79579605,7349.55449947377,1546.81576324077,"Burkina Faso","Centre-Est","Pouytenga","291",229212
"238",238,23153.2042039503,0.0000000000254557549305642,0.0000000000537007512741314,0.00000142353506511245,0.0340716228052666,204666.658200511,1392.10352249207,206057.79579605,7349.55449947377,1546.81576328066,"Burkina Faso","Centre-Est","Pouytenga","291",229212
"239",239,23153.2042039503,0.0000000000215821340279991,0.0000000000434129106903959,0.00000125626696946967,0.0320073620011869,204666.658407073,1392.10538035848,206057.79579605,7349.55449947377,1546.81576331586,"Burkina Faso","Centre-Est","Pouytenga","291",229212
"240",240,23153.2042039503,0.0000000000184266584003229,0.0000000000348021828194478,0.00000110865318797501,0.0300681644112192,204666.658601112,1392.10712566427,206057.79579605,7349.55449947377,1546.81576334693,"Burkina Faso","Centre-Est","Pouytenga","291",229212
"241",241,23153.2042039503,0.000000000015160352647017,0.0000000000289683507914822,0.000000978384240286957,0.0282464533058115,204666.658783389,1392.10876522894,206057.79579605,7349.55449947377,1546.81576337435,"Burkina Faso","Centre-Est","Pouytenga","291",229212
"242",242,23153.2042039503,0.0000000000121956212256923,0.0000000000246573564498857,0.000000863422100473476,0.026535110954075,204666.658954616,1392.11030545883,206057.79579605,7349.55449947377,1546.81576339854,"Burkina Faso","Centre-Est","Pouytenga","291",229212
"243",243,23153.2042039503,0.0000000000100250273845126,0.0000000000205334141707447,0.000000761968239605163,0.0249274508209451,204666.659115465,1392.11175237217,206057.79579605,7349.55449947377,1546.81576341989,"Burkina Faso","Centre-Est","Pouytenga","291",229212
"244",244,23153.2042039503,0.0000000000084756732730251,0.0000000000166349471263103,0.000000672435418854533,0.0234171914445569,204666.659266563,1392.11311162257,206057.79579605,7349.55449947377,1546.81576343874,"Burkina Faso","Centre-Est","Pouytenga","291",229212
"245",245,23153.2042039503,0.00000000000711553416668504,0.0000000000135630773880601,0.000000593422873822352,0.0219984318977117,204666.659408503,1392.11438852113,206057.79579605,7349.55449947377,1546.81576345537,"Burkina Faso","Centre-Est","Pouytenga","291",229212
"246",246,23153.2042039503,0.00000000000582042462615772,0.0000000000113555273606154,0.000000523694443639735,0.0206656287381195,204666.65954184,1392.11558805718,206057.79579605,7349.55449947377,1546.81576347004,"Burkina Faso","Centre-Est","Pouytenga","291",229212
"247",247,23153.2042039503,0.00000000000473448024353708,0.00000000000955705443735677,0.000000462159237493006,0.0194135743546744,204666.659667095,1392.11671491778,206057.79579605,7349.55449947377,1546.81576348299,"Burkina Faso","Centre-Est","Pouytenga","291",229212
"248",248,23153.2042039503,0.00000000000392829475005737,0.00000000000788687380862497,0.000000407854545835552,0.0182373766238599,204666.659784759,1392.11777350602,206057.79579605,7349.55449947377,1546.81576349442,"Burkina Faso","Centre-Est","Pouytenga","291",229212
"249",249,23153.2042039503,0.00000000000330134083176290,0.00000000000642581462442127,0.000000359930768230574,0.0171324397977197,204666.659895292,1392.11876795824,206057.79579605,7349.55449947377,1546.81576350451,"Burkina Faso","Centre-Est","Pouytenga","291",229212
"250",250,23153.2042039503,0.00000000000274327218961692,0.00000000000529427836211226,0.000000317638130018461,0.0160944465498511,204666.659999125,1392.11970216018,206057.79579605,7349.55449947377,1546.81576351341,"Burkina Faso","Centre-Est","Pouytenga","291",229212
"251",251,23153.2042039503,0.00000000000224474864681595,0.00000000000443038888289175,0.000000280314960981249,0.0151193411093398,204666.660096666,1392.12057976214,206057.79579605,7349.55449947377,1546.81576352126,"Burkina Faso","Centre-Est","Pouytenga","291",229212
"252",252,23153.2042039503,0.00000000000184207419034218,0.00000000000369618925538504,0.000000247377341795849,0.0142033134162494,204666.660188295,1392.12140419331,206057.79579605,7349.55449947377,1546.8157635282,"Burkina Faso","Centre-Est","Pouytenga","291",229212
"253",253,23153.2042039503,0.00000000000153340908868098,0.00000000000304034165120363,0.000000218309963206112,0.0133427842365767,204666.660274372,1392.12217867507,206057.79579605,7349.55449947377,1546.81576353431,"Burkina Faso","Centre-Est","Pouytenga","291",229212
"254",254,23153.2042039503,0.00000000000128084727553015,0.00000000000249205444508427,0.000000192658063238048,0.012534391178733,204666.660355232,1392.12290623368,206057.79579605,7349.55449947377,1546.81576353971,"Burkina Faso","Centre-Est","Pouytenga","291",229212
"255",255,23153.2042039503,0.00000000000105873842423132,0.00000000000206423438302501,0.000000170020315255579,0.0117749755571441,204666.660431192,1392.12358971203,206057.79579605,7349.55449947377,1546.81576354448,"Burkina Faso","Centre-Est","Pouytenga","291",229212
"256",256,23153.2042039503,0.000000000000868763628865564,0.00000000000172242925588116,0.000000150042550597117,0.0110615700516594,204666.660502549,1392.12423178077,206057.79579605,7349.55449947377,1546.81576354868,"Burkina Faso","Centre-Est","Pouytenga","291",229212
"257",257,23153.2042039503,0.000000000000716969148966014,0.00000000000142895950022317,0.00000013241221652129,0.0103913871144785,204666.660569581,1392.12483494875,206057.79579605,7349.55449947377,1546.81576355239,"Burkina Faso","Centre-Est","Pouytenga","291",229212
"258",258,23153.2042039503,0.000000000000596798286300028,0.00000000000117542385791421,0.00000011685348520047,0.00976180807928448,204666.660632552,1392.12540157283,206057.79579605,7349.55449947377,1546.81576355567,"Burkina Faso","Centre-Est","Pouytenga","291",229212
"259",259,23153.2042039503,0.00000000000049613948661233,0.00000000000096804463058796,0.000000103122938648127,0.00917037293008921,204666.660691706,1392.12593386707,206057.79579605,7349.55449947377,1546.81576355856,"Burkina Faso","Centre-Est","Pouytenga","291",229212
"260",260,23153.2042039503,0.000000000000409300517198787,0.000000000000803439648455196,0.0000000910057611636116,0.00861477068986921,204666.660747276,1392.12643391138,206057.79579605,7349.55449947377,1546.81576356111,"Burkina Faso","Centre-Est","Pouytenga","291",229212
"261",261,23153.2042039503,0.000000000000336917976216409,0.000000000000668275561904837,0.000000080312378635707,0.00809283039144819,204666.660799479,1392.12690365967,206057.79579605,7349.55449947377,1546.81576356336,"Burkina Faso","Centre-Est","Pouytenga","291",229212
"262",262,23153.2042039503,0.000000000000278882633088326,0.000000000000552772855587338,0.0000000708754922799754,0.00760251259534228,204666.660848519,1392.12734494748,206057.79579605,7349.55449947377,1546.81576356534,"Burkina Faso","Centre-Est","Pouytenga","291",229212
"263",263,23153.2042039503,0.000000000000231808542599623,0.000000000000455332869359206,0.0000000625474610697527,0.0071419014214327,204666.660894586,1392.12775949911,206057.79579605,7349.55449947377,1546.8157635671,"Burkina Faso","Centre-Est","Pouytenga","291",229212
"264",264,23153.2042039503,0.00000000000019211693590044,0.000000000000376163815742863,0.0000000551979920428943,0.00670919706335006,204666.660937863,1392.12814893443,206057.79579605,7349.55449947377,1546.81576356864,"Burkina Faso","Centre-Est","Pouytenga","291",229212
"265",265,23153.2042039503,0.000000000000158472433132623,0.000000000000312234386191698,0.0000000487121020153643,0.00630270875633759,204666.660978517,1392.12851477513,206057.79579605,7349.55449947377,1546.81576357001,"Burkina Faso","Centre-Est","Pouytenga","291",229212
"266",266,23153.2042039503,0.000000000000130780779841518,0.000000000000259044869051584,0.0000000429883186265696,0.00592084817112376,204666.661016708,1392.12885845074,206057.79579605,7349.55449947377,1546.81576357121,"Burkina Faso","Centre-Est","Pouytenga","291",229212
"267",267,23153.2042039503,0.000000000000108379382353693,0.00000000000021402385230058,0.0000000379370927005521,0.00556212320799593,204666.661052584,1392.12918130417,206057.79579605,7349.55449947377,1546.81576357228,"Burkina Faso","Centre-Est","Pouytenga","291",229212
"268",268,23153.2042039503,0.0000000000000899359651726336,0.000000000000176588388078824,0.000000033479397233466,0.00522513216683221,204666.661086287,1392.12948459695,206057.79579605,7349.55449947377,1546.81576357322,"Burkina Faso","Centre-Est","Pouytenga","291",229212
"269",269,23153.2042039503,0.000000000000074412476786227,0.000000000000146129322837155,0.0000000295454910645551,0.00490855827031943,204666.661117948,1392.1297695142,206057.79579605,7349.55449947377,1546.81576357404,"Burkina Faso","Centre-Est","Pouytenga","291",229212
"270",270,23153.2042039503,0.000000000000061423193022178,0.000000000000121210204885278,0.0000000260738277951266,0.00461116451896349,204666.66114769,1392.13003716923,206057.79579605,7349.55449947377,1546.81576357477,"Burkina Faso","Centre-Est","Pouytenga","291",229212
"271",271,23153.2042039503,0.0000000000000507760365112618,0.000000000000100392024759722,0.000000023010092868331,0.00433178885779327,204666.66117563,1392.13028860791,206057.79579605,7349.55449947377,1546.81576357542,"Burkina Faso","Centre-Est","Pouytenga","291",229212
"272",272,23153.2042039503,0.000000000000042083986148811,0.0000000000000829334816499833,0.0000000203063537926007,0.00406933963587573,204666.661201877,1392.13052481272,206057.79579605,7349.55449947377,1546.81576357599,"Burkina Faso","Centre-Est","Pouytenga","291",229212
"273",273,23153.2042039503,0.0000000000000348746123625012,0.0000000000000685210461588481,0.0000000179203102398978,0.00382279134090445,204666.661226534,1392.13074670664,206057.79579605,7349.55449947377,1546.81576357649,"Burkina Faso","Centre-Est","Pouytenga","291",229212
"274",274,23153.2042039503,0.0000000000000288354047541392,0.0000000000000567408034529272,0.0000000158146322678085,0.00359118059219828,204666.661249696,1392.13095515671,206057.79579605,7349.55449947377,1546.81576357693,"Burkina Faso","Centre-Est","Pouytenga","291",229212
"275",275,23153.2042039503,0.0000000000000238224901990577,0.0000000000000470242290331364,0.000000013956376290763,0.00337360237645619,204666.661271456,1392.13115097746,206057.79579605,7349.55449947377,1546.81576357732,"Burkina Faso","Centre-Est","Pouytenga","291",229212
"276",276,23153.2042039503,0.0000000000000197115086757564,0.0000000000000389113616685876,0.0000000123164696669094,0.0031692065115623,204666.661291897,1392.13133493404,206057.79579605,7349.55449947377,1546.81576357767,"Burkina Faso","Centre-Est","Pouytenga","291",229212
"277",277,23153.2042039503,0.0000000000000163317408137171,0.0000000000000321552290401279,0.000000010869255850458,0.00297719432462562,204666.661311099,1392.13150774529,206057.79579605,7349.55449947377,1546.81576357797,"Burkina Faso","Centre-Est","Pouytenga","291",229212
"278",278,23153.2042039503,0.0000000000000135214619292472,0.0000000000000265917907967862,0.0000000095920929958322,0.00279681553127627,204666.661329138,1392.13167008644,206057.79579605,7349.55449947377,1546.81576357824,"Burkina Faso","Centre-Est","Pouytenga","291",229212
"279",279,23153.2042039503,0.0000000000000111787598708512,0.0000000000000220224417020179,0.00000000846499972683116,0.0026273653040259,204666.661346084,1392.13182259186,206057.79579605,7349.55449947377,1546.81576357848,"Burkina Faso","Centre-Est","Pouytenga","291",229212
"280",280,23153.2042039503,0.00000000000000924214007531431,0.0000000000000182378559152459,0.0000000074703425250771,0.00246818151823868,204666.661362003,1392.13196585746,206057.79579605,7349.55449947377,1546.81576357869,"Burkina Faso","Centre-Est","Pouytenga","291",229212
"281",281,23153.2042039503,0.00000000000000765028570215632,0.0000000000000150853826622082,0.00000000659255984965693,0.00231864216495298,204666.661376958,1392.13210044304,206057.79579605,7349.55449947377,1546.81576357887,"Burkina Faso","Centre-Est","Pouytenga","291",229212
"282",282,23153.2042039503,0.00000000000000633571021245281,0.0000000000000124717133616188,0.0000000058179186749039,0.00217816292044562,204666.661391006,1392.13222687451,206057.79579605,7349.55449947377,1546.81576357904,"Burkina Faso","Centre-Est","Pouytenga","291",229212
"283",283,23153.2042039503,0.00000000000000524276351107167,0.0000000000000103192613481467,0.00000000513429963682249,0.00204619486304287,204666.661404204,1392.13234564589,206057.79579605,7349.55449947377,1546.81576357918,"Burkina Faso","Centre-Est","Pouytenga","291",229212
"284",284,23153.2042039503,0.00000000000000433509741380487,0.0000000000000085447153683286,0.00000000453100742478359,0.00192222232825778,204666.661416601,1392.13245722128,206057.79579605,7349.55449947377,1546.81576357931,"Burkina Faso","Centre-Est","Pouytenga","291",229212
"285",285,23153.2042039503,0.00000000000000358588870620075,0.00000000000000707272919649386,0.00000000399860345167658,0.00180576089387353,204666.661428248,1392.13256203668,206057.79579605,7349.55449947377,1546.81576357942,"Burkina Faso","Centre-Est","Pouytenga","291",229212
"286",286,23153.2042039503,0.00000000000000296849201810954,0.00000000000000584972619326527,0.00000000352875818564248,0.00169635548710042,204666.661439189,1392.13266050163,206057.79579605,7349.55449947377,1546.81576357952,"Burkina Faso","Centre-Est","Pouytenga","291",229212
"287",287,23153.2042039503,0.00000000000000245744524919955,0.00000000000000483810153281701,0.00000000311412083367368,0.00159357860641087,204666.661449467,1392.1327530009,206057.79579605,7349.55449947377,1546.81576357961,"Burkina Faso","Centre-Est","Pouytenga","291",229212
"288",288,23153.2042039503,0.0000000000000020330552392923,0.00000000000000400402863676791,0.00000000274820433787859,0.00149702865110483,204666.661459122,1392.13283989593,206057.79579605,7349.55449947377,1546.81576357968,"Burkina Faso","Centre-Est","Pouytenga","291",229212
"289",289,23153.2042039503,0.00000000000000168146745278011,0.00000000000000331470863748678,0.00000000242528388470542,0.00140632835207894,204666.661468192,1392.13292152626,206057.79579605,7349.55449947377,1546.81576357975,"Burkina Faso","Centre-Est","Pouytenga","291",229212
"290",290,23153.2042039503,0.0000000000000013912731386012,0.00000000000000274289315037366,0.00000000214030733935896,0.00132112329766812,204666.661476713,1392.13299821086,206057.79579605,7349.55449947377,1546.81576357981,"Burkina Faso","Centre-Est","Pouytenga","291",229212
"291",291,23153.2042039503,0.00000000000000115164756358442,0.00000000000000226876339095796,0.00000000188881620443849,0.00124108054879977,204666.661484718,1392.13307024939,206057.79579605,7349.55449947377,1546.81576357986,"Burkina Faso","Centre-Est","Pouytenga","291",229212
"292",292,23153.2042039503,0.000000000000000953121879775513,0.00000000000000187692882169524,0.00000000166687586624924,0.00116588733804958,204666.661492237,1392.13313792332,206057.79579605,7349.55449947377,1546.81576357991,"Burkina Faso","Centre-Est","Pouytenga","291",229212
"293",293,23153.2042039503,0.00000000000000078847981713164,0.00000000000000155343530118817,0.00000000147101403733753,0.00109524984751596,204666.661499301,1392.1332014971,206057.79579605,7349.55449947377,1546.81576357995,"Burkina Faso","Centre-Est","Pouytenga","291",229212
"294",294,23153.2042039503,0.000000000000000652259212022591,0.00000000000000128573357806512,0.00000000129816643208998,0.00102889206073771,204666.661505937,1392.13326121914,206057.79579605,7349.55449947377,1546.81576357999,"Burkina Faso","Centre-Est","Pouytenga","291",229212
"295",295,23153.2042039503,0.000000000000000539761006159486,0.00000000000000106379314913497,0.00000000114562882554051,0.0009665546841693,204666.661512171,1392.13331732281,206057.79579605,7349.55449947377,1546.81576358002,"Burkina Faso","Centre-Est","Pouytenga","291",229212
"296",296,23153.2042039503,0.000000000000000446742026406446,0.000000000000000880013554070231,0.00000000101101474540875,0.000907994133999374,204666.661518027,1392.13337002733,206057.79579605,7349.55449947377,1546.81576358005,"Burkina Faso","Centre-Est","Pouytenga","291",229212
"297",297,23153.2042039503,0.000000000000000369671326899271,0.000000000000000728145006156955,0.000000000892218135449641,0.000852981584353894,204666.661523528,1392.13341953864,206057.79579605,7349.55449947377,1546.81576358007,"Burkina Faso","Centre-Est","Pouytenga","291",229212
"298",298,23153.2042039503,0.000000000000000305824429674366,0.000000000000000602627509929508,0.000000000787380405935566,0.000801302073164779,204666.661528696,1392.13346605022,206057.79579605,7349.55449947377,1546.8157635801,"Burkina Faso","Centre-Est","Pouytenga","291",229212
"299",299,23153.2042039503,0.000000000000000253026798864736,0.000000000000000498703105586999,0.000000000694861355761566,0.00075275366221044,204666.661533551,1392.13350974381,206057.79579605,7349.55449947377,1546.81576358012,"Burkina Faso","Centre-Est","Pouytenga","291",229212
"300",300,23153.2042039503,0.000000000000000209393370213919,0.000000000000000412603731947647,0.000000000613213511267603,0.000707146648046183,204666.661538112,1392.13355079014,206057.79579605,7349.55449947377,1546.81576358013,"Burkina Faso","Centre-Est","Pouytenga","291",229212
"301",301,23153.2042039503,0.000000000000000173288689098383,0.000000000000000341360552034929,0.000000000541159480318872,0.000664302820741302,204666.661542397,1392.1335893496,206057.79579605,7349.55449947377,1546.81576358015,"Burkina Faso","Centre-Est","Pouytenga","291",229212
"302",302,23153.2042039503,0.000000000000000143382567730136,0.00000000000000028247152425029,0.00000000047757196733856,0.00062405476752646,204666.661546421,1392.13362557286,206057.79579605,7349.55449947377,1546.81576358016,"Burkina Faso","Centre-Est","Pouytenga","291",229212
"303",303,23153.2042039503,0.000000000000000118625847892205,0.000000000000000233764830693479,0.000000000421456136615542,0.000586245218630466,204666.661550202,1392.13365960146,206057.79579605,7349.55449947377,1546.81576358017,"Burkina Faso","Centre-Est","Pouytenga","291",229212
"304",304,23153.2042039503,0.0000000000000000981549910142541,0.000000000000000193434345769412,0.000000000371934047959529,0.000550726432750365,204666.661553754,1392.13369156838,206057.79579605,7349.55449947377,1546.81576358018,"Burkina Faso","Centre-Est","Pouytenga","291",229212
"305",305,23153.2042039503,0.0000000000000000812274259662845,0.000000000000000160040818638421,0.00000000032823092120368,0.000517359619753634,204666.661557091,1392.13372159852,206057.79579605,7349.55449947377,1546.81576358019,"Burkina Faso","Centre-Est","Pouytenga","291",229212
"306",306,23153.2042039503,0.0000000000000000672163478232605,0.000000000000000132417692605754,0.000000000289663014662839,0.000486014398356745,204666.661560226,1392.13374980923,206057.79579605,7349.55449947377,1546.8157635802,"Burkina Faso","Centre-Est","Pouytenga","291",229212
"307",307,23153.2042039503,0.0000000000000000556149401965514,0.000000000000000109576375487237,0.000000000255626927901326,0.000456568286661036,204666.66156317,1392.13377631073,206057.79579605,7349.55449947377,1546.81576358021,"Burkina Faso","Centre-Est","Pouytenga","291",229212
"308",308,23153.2042039503,0.0000000000000000460150497434331,0.0000000000000000906767578489731,0.000000000225590161448715,0.00042890622355518,204666.661565937,1392.13380120659,206057.79579605,7349.55449947377,1546.81576358021,"Burkina Faso","Centre-Est","Pouytenga","291",229212
"309",309,23153.2042039503,0.0000000000000000380760300792868,0.0000000000000000750294381437219,0.000000000199082785770096,0.000402920119114189,204666.661568535,1392.13382459409,206057.79579605,7349.55449947377,1546.81576358022,"Burkina Faso","Centre-Est","Pouytenga","291",229212
"310",310,23153.2042039503,0.000000000000000031508550738663,0.0000000000000000620786698966455,0.000000000175690089152298,0.000378508432238158,204666.661570976,1392.13384656462,206057.79579605,7349.55449947377,1546.81576358022,"Burkina Faso","Centre-Est","Pouytenga","291",229212
"311",311,23153.2042039503,0.0000000000000000260722951708881,0.0000000000000000513663895922344,0.000000000155046089481228,0.000355575773880405,204666.66157327,1392.13386720401,206057.79579605,7349.55449947377,1546.81576358023,"Burkina Faso","Centre-Est","Pouytenga","291",229212
"312",312,23153.2042039503,0.0000000000000000215723885280476,0.0000000000000000425057367698935,0.000000000136827808400322,0.00033403253431464,204666.661575424,1392.13388659293,206057.79579605,7349.55449947377,1546.81576358023,"Burkina Faso","Centre-Est","Pouytenga","291",229212
"313",313,23153.2042039503,0.0000000000000000178494824173926,0.0000000000000000351728555904264,0.000000000120750218268275,0.000313794532984738,204666.661577448,1392.13390480714,206057.79579605,7349.55449947377,1546.81576358024,"Burkina Faso","Centre-Est","Pouytenga","291",229212
"314",314,23153.2042039503,0.0000000000000000147700961251833,0.0000000000000000291029766355762,0.000000000106561782860931,0.000294782689568911,204666.661579349,1392.1339219178,206057.79579605,7349.55449947377,1546.81576358024,"Burkina Faso","Centre-Est","Pouytenga","291",229212
"315",315,23153.2042039503,0.0000000000000000122221226145479,0.0000000000000000240802821305237,0.0000000000940405220513294,0.000276922714972992,204666.661581135,1392.13393799178,206057.79579605,7349.55449947377,1546.81576358024,"Burkina Faso","Centre-Est","Pouytenga","291",229212
"316",316,23153.2042039503,0.0000000000000000101131594659059,0.0000000000000000199254816102442,0.0000000000829905388991383,0.000260144821045381,204666.661582813,1392.13395309188,206057.79579605,7349.55449947377,1546.81576358024,"Burkina Faso","Centre-Est","Pouytenga","291",229212
"317",317,23153.2042039503,0.00000000000000000836782663239495,0.0000000000000000164880951218472,0.0000000000732389548151097,0.0002443834478794,204666.661584389,1392.13396727712,206057.79579605,7349.55449947377,1546.81576358025,"Burkina Faso","Centre-Est","Pouytenga","291",229212
"318",318,23153.2042039503,0.0000000000000000069239170657492,0.0000000000000000136432794842662,0.0000000000646332048507711,0.000229577007637476,204666.66158587,1392.13398060292,206057.79579605,7349.55449947377,1546.81576358025,"Burkina Faso","Centre-Est","Pouytenga","291",229212
"319",319,23153.2042039503,0.00000000000000000572939465487511,0.0000000000000000112888413620475,0.0000000000570386507979189,0.000215667643896169,204666.661587261,1392.13399312135,206057.79579605,7349.55449947377,1546.81576358025,"Burkina Faso","Centre-Est","Pouytenga","291",229212
"320",320,23153.2042039503,0.00000000000000000474091107753785,0.0000000000000000093407935635678,0.0000000000503364747545688,0.00020260100557169,204666.661588567,1392.13400488132,206057.79579605,7349.55449947377,1546.81576358025,"Burkina Faso","Centre-Est","Pouytenga","291",229212
"321",321,23153.2042039503,0.00000000000000000392282033993474,0.00000000000000000772920169841372,0.0000000000444218202018508,0.000190326034542522,204666.661589795,1392.1340159288,206057.79579605,7349.55449947377,1546.81576358025,"Burkina Faso","Centre-Est","Pouytenga","291",229212
"322",322,23153.2042039503,0.0000000000000000032458715426242,0.00000000000000000639571651699104,0.000000000039202151508693,0.000178794766139291,204666.661590948,1392.13402630694,206057.79579605,7349.55449947377,1546.81576358025,"Burkina Faso","Centre-Est","Pouytenga","291",229212
"323",323,23153.2042039503,0.00000000000000000268581760654279,0.00000000000000000529214205249396,0.0000000000345958061985305,0.000167962141722306,204666.661592031,1392.1340360563,206057.79579605,7349.55449947377,1546.81576358025,"Burkina Faso","Centre-Est","Pouytenga","291",229212
"324",324,23153.2042039503,0.0000000000000000022224395502768,0.00000000000000000437890504441177,0.0000000000305307173280831,0.000157785832614411,204666.661593049,1392.13404521498,206057.79579605,7349.55449947377,1546.81576358026,"Burkina Faso","Centre-Est","Pouytenga","291",229212
"325",325,23153.2042039503,0.00000000000000000183897803801428,0.00000000000000000362331771457167,0.0000000000269432859896383,0.000148226074701173,204666.661594005,1392.13405381877,206057.79579605,7349.55449947377,1546.81576358026,"Burkina Faso","Centre-Est","Pouytenga","291",229212
"326",326,23153.2042039503,0.00000000000000000152164493069056,0.00000000000000000299817592032742,0.0000000000237773862969595,0.000139245513052117,204666.661594903,1392.13406190127,206057.79579605,7349.55449947377,1546.81576358026,"Burkina Faso","Centre-Est","Pouytenga","291",229212
"327",327,23153.2042039503,0.00000000000000000125907544223271,0.00000000000000000248088228066161,0.0000000000209834872876782,0.00013080905595585,204666.661595746,1392.13406949408,206057.79579605,7349.55449947377,1546.81576358026,"Burkina Faso","Centre-Est","Pouytenga","291",229212
"328",328,23153.2042039503,0.00000000000000000104183540044985,0.00000000000000000205279828217792,0.0000000000185178780042149,0.000122883737798731,204666.661596539,1392.13407662687,206057.79579605,7349.55449947377,1546.81576358026,"Burkina Faso","Centre-Est","Pouytenga","291",229212
"329",329,23153.2042039503,0.000000000000000000862082488033639,0.0000000000000000016985723019682,0.0000000000163419836295163,0.000115438590251284,204666.661597284,1392.1340833275,206057.79579605,7349.55449947377,1546.81576358026,"Burkina Faso","Centre-Est","Pouytenga","291",229212
"330",330,23153.2042039503,0.0000000000000000007133325221029,0.00000000000000000140549178504907,0.000000000014421761978454,0.000108444521259009,204666.661597983,1392.13408962217,206057.79579605,7349.55449947377,1546.81576358026,"Burkina Faso","Centre-Est","Pouytenga","291",229212
"331",331,23153.2042039503,0.000000000000000000590242555963144,0.00000000000000000116299351484523,0.000000000012727170902901,0.000101874201364761,204666.66159864,1392.13409553545,206057.79579605,7349.55449947377,1546.81576358026,"Burkina Faso","Centre-Est","Pouytenga","291",229212
"332",332,23153.2042039503,0.000000000000000000488396461525657,0.000000000000000000962327237116667,0.0000000000112316982779617,0.0000957019569184839,204666.661599257,1392.13410109048,206057.79579605,7349.55449947377,1546.81576358026,"Burkina Faso","Centre-Est","Pouytenga","291",229212
"333",333,23153.2042039503,0.000000000000000000404128909432333,0.000000000000000000796274564352065,0.0000000000099119472159257,0.0000899036697570377,204666.661599837,1392.13410630893,206057.79579605,7349.55449947377,1546.81576358026,"Burkina Faso","Centre-Est","Pouytenga","291",229212
"334",334,23153.2042039503,0.000000000000000000334400303814153,0.00000000000000000065887582635468,0.00000000000874727001855966,0.0000844566829620988,204666.661600382,1392.13411121122,206057.79579605,7349.55449947377,1546.81576358026,"Burkina Faso","Centre-Est","Pouytenga","291",229212
"335",335,23153.2042039503,0.000000000000000000276699628628193,0.000000000000000000545191575394305,0.00000000000771944514086599,0.0000793397123278944,204666.661600893,1392.1341158165,206057.79579605,7349.55449947377,1546.81576358026,"Burkina Faso","Centre-Est","Pouytenga","291",229212
"336",336,23153.2042039503,0.000000000000000000228954415454466,0.000000000000000000451124240909827,0.00000000000681239211236016,0.0000745327631928261,204666.661601374,1392.13412014275,206057.79579605,7349.55449947377,1546.81576358026,"Burkina Faso","Centre-Est","Pouytenga","291",229212
"337",337,23153.2042039503,0.000000000000000000189449260700212,0.000000000000000000373284320514035,0.00000000000601191995576846,0.0000700170523100032,204666.661601826,1392.13412420689,206057.79579605,7349.55449947377,1546.81576358026,"Burkina Faso","Centre-Est","Pouytenga","291",229212
"338",338,23153.2042039503,0.000000000000000000156761525406186,0.000000000000000000308873505740781,0.00000000000530550516712146,0.0000657749344513937,204666.66160225,1392.1341280248,206057.79579605,7349.55449947377,1546.81576358026,"Burkina Faso","Centre-Est","Pouytenga","291",229212
"339",339,23153.2042039503,0.000000000000000000129713230220515,0.000000000000000000255577924419942,0.00000000000468209578370979,0.0000617898334587999,204666.661602648,1392.13413161139,206057.79579605,7349.55449947377,1546.81576358026,"Burkina Faso","Centre-Est","Pouytenga","291",229212
"340",340,23153.2042039503,0.000000000000000000107331223255655,0.000000000000000000211479857778157,0.00000000000413193847451652,0.0000580461774722376,204666.661603023,1392.13413498068,206057.79579605,7349.55449947377,1546.81576358026,"Burkina Faso","Centre-Est","Pouytenga","291",229212
"341",341,23153.2042039503,0.0000000000000000000888112779398692,0.000000000000000000174990488940787,0.00000000000364642594793101,0.0000545293380826255,204666.661603374,1392.13413814583,206057.79579605,7349.55449947377,1546.81576358026,"Burkina Faso","Centre-Est","Pouytenga","291",229212
"342",342,23153.2042039503,0.0000000000000000000734873809253596,0.000000000000000000144796235082482,0.00000000000321796228941591,0.0000512255731710219,204666.661603705,1392.13414111922,206057.79579605,7349.55449947377,1546.81576358026,"Burkina Faso","Centre-Est","Pouytenga","291",229212
"343",343,23153.2042039503,0.0000000000000000000608076633692562,0.000000000000000000119811691385252,0.00000000000283984412231565,0.0000481219732110538,204666.661604015,1392.13414391246,206057.79579605,7349.55449947377,1546.81576358026,"Burkina Faso","Centre-Est","Pouytenga","291",229212
"344",344,23153.2042039503,0.0000000000000000000503155291259682,0.000000000000000000099138637405311,0.0000000000025061557325502,0.000045206410824713,204666.661604307,1392.13414653647,206057.79579605,7349.55449947377,1546.81576358026,"Burkina Faso","Centre-Est","Pouytenga","291",229212
"345",345,23153.2042039503,0.0000000000000000000416336281764044,0.0000000000000000000820329265938138,0.00000000000221167651640442,0.0000424674933944097,204666.661604581,1392.13414900149,206057.79579605,7349.55449947377,1546.81576358026,"Burkina Faso","Centre-Est","Pouytenga","291",229212
"346",346,23153.2042039503,0.0000000000000000000344498524523102,0.0000000000000000000678785527351531,0.00000000000195179930342039,0.0000398945185461137,204666.661604838,1392.13415131717,206057.79579605,7349.55449947377,1546.81576358026,"Burkina Faso","Centre-Est","Pouytenga","291",229212
"347",347,23153.2042039503,0.0000000000000000000285057267894605,0.000000000000000000056166232971704,0.0000000000017224582765424,0.0000374774323296334,204666.66160508,1392.13415349255,206057.79579605,7349.55449947377,1546.81576358026,"Burkina Faso","Centre-Est","Pouytenga","291",229212
"348",348,23153.2042039503,0.0000000000000000000235872228896824,0.0000000000000000000464748588751996,0.00000000000152006536181498,0.000035206789932621,204666.661605307,1392.13415553613,206057.79579605,7349.55449947377,1546.81576358026,"Burkina Faso","Centre-Est","Pouytenga","291",229212
"349",349,23153.2042039503,0.0000000000000000000195173161281309,0.0000000000000000000384558370878088,0.00000000000134145409244134,0.0000330737187747944,204666.66160552,1392.13415745589,206057.79579605,7349.55449947377,1546.81576358026,"Burkina Faso","Centre-Est","Pouytenga","291",229212
"350",350,23153.2042039503,0.0000000000000000000161496398849815,0.0000000000000000000318204999293424,0.00000000000118383006894744,0.0000310698838381651,204666.66160572,1392.13415925934,206057.79579605,7349.55449947377,1546.81576358026,"Burkina Faso","Centre-Est","Pouytenga","291",229212
"351",351,23153.2042039503,0.0000000000000000000133630792600483,0.0000000000000000000263299947211854,0.0000000000010447272403935,0.0000291874550978,204666.661605909,1392.13416095353,206057.79579605,7349.55449947377,1546.81576358026,"Burkina Faso","Centre-Est","Pouytenga","291",229212
"352",352,23153.2042039503,0.0000000000000000000110573511013131,0.0000000000000000000217868122956035,0.000000000000921969322646402,0.0000274190769258521,204666.661606086,1392.13416254507,206057.79579605,7349.55449947377,1546.81576358026,"Burkina Faso","Centre-Est","Pouytenga","291",229212
"353",353,23153.2042039503,0.00000000000000000000914945468201544,0.0000000000000000000180275644329855,0.000000000000813635750096024,0.0000257578393493061,204666.661606252,1392.13416404018,206057.79579605,7349.55449947377,1546.81576358026,"Burkina Faso","Centre-Est","Pouytenga","291",229212
"354",354,23153.2042039503,0.00000000000000000000757074149373483,0.0000000000000000000149169943361758,0.00000000000071803162812528,0.0000241972510491278,204666.661606408,1392.13416544471,206057.79579605,7349.55449947377,1546.81576358026,"Burkina Faso","Centre-Est","Pouytenga","291",229212
"355",355,23153.2042039503,0.00000000000000000000626443084391631,0.0000000000000000000123431383853953,0.000000000000633661216235803,0.0000227312139953119,204666.661606554,1392.13416676415,206057.79579605,7349.55449947377,1546.81576358026,"Burkina Faso","Centre-Est","Pouytenga","291",229212
"356",356,23153.2042039503,0.00000000000000000000518352954381895,0.000000000000000000010213371152886,0.000000000000559204526968927,0.0000213539996187127,204666.661606692,1392.13416800364,206057.79579605,7349.55449947377,1546.81576358026,"Burkina Faso","Centre-Est","Pouytenga","291",229212
"357",357,23153.2042039503,0.00000000000000000000428913640911703,0.0000000000000000000084510818769625,0.000000000000493496674508681,0.0000200602264265511,204666.661606821,1392.13416916804,206057.79579605,7349.55449947377,1546.81576358026,"Burkina Faso","Centre-Est","Pouytenga","291",229212
"358",358,23153.2042039503,0.00000000000000000000354906241977794,0.00000000000000000000699287886863722,0.000000000000435509649872655,0.0000188448389741272,204666.661606943,1392.13417026188,206057.79579605,7349.55449947377,1546.81576358026,"Burkina Faso","Centre-Est","Pouytenga","291",229212
"359",359,23153.2042039503,0.00000000000000000000293668210489037,0.00000000000000000000578628980643199,0.000000000000384336237560959,0.0000177030881105734,204666.661607057,1392.13417128946,206057.79579605,7349.55449947377,1546.81576358026,"Burkina Faso","Centre-Est","Pouytenga","291",229212
"360",360,23153.2042039503,0.00000000000000000000242996744787699,0.00000000000000000000478788970971797,0.000000000000339175822036874,0.0000166305124214545,204666.661607164,1392.13417225478,206057.79579605,7349.55449947377,1546.81576358026,"Burkina Faso","Centre-Est","Pouytenga","291",229212
"361",361,23153.2042039503,0.00000000000000000000201068700027245,0.00000000000000000000396175485399595,0.000000000000299321861979532,0.0000156229207957051,204666.661607265,1392.13417316161,206057.79579605,7349.55449947377,1546.81576358026,"Burkina Faso","Centre-Est","Pouytenga","291",229212
"362",362,23153.2042039503,0.00000000000000000000166375168112091,0.00000000000000000000327816671774553,0.000000000000264150836341471,0.0000146763760487806,204666.66160736,1392.1341740135,206057.79579605,7349.55449947377,1546.81576358026,"Burkina Faso","Centre-Est","Pouytenga","291",229212
"363",363,23153.2042039503,0.00000000000000000000137667725777807,0.0000000000000000000027125320679768,0.000000000000233112489270513,0.0000137871795380323,204666.661607449,1392.13417481378,206057.79579605,7349.55449947377,1546.81576358026,"Burkina Faso","Centre-Est","Pouytenga","291",229212
"364",364,23153.2042039503,0.00000000000000000000113913600580883,0.00000000000000000000224449641079406,0.000000000000205721221276348,0.0000129518567101886,204666.661607532,1392.13417556557,206057.79579605,7349.55449947377,1546.81576358026,"Burkina Faso","Centre-Est","Pouytenga","291",229212
"365",365,23153.2042039503,0.000000000000000000000942582304691524,0.00000000000000000000185721715838688,0.00000000000018154849195537,0.00001216714352447,204666.661607611,1392.13417627181,206057.79579605,7349.55449947377,1546.81576358026,"Burkina Faso","Centre-Est","Pouytenga","291",229212
