"","time","S","E","I","H","C","R","D","hosp","crits","TA","ID","POP"
"1",0,1055722,0,1,0,0,0,0,0,0,"Lilongwe City","1",1055723
"2",1,1055721.26252784,0.607742004738985,0.794515105034918,0.00767955253448979,0.0000536363978677091,0.327481195342989,0.000000670639608669712,0.00818912176979755,0.0000547963794341718,"Lilongwe City","1",1055723
"3",2,1055720.59775419,0.965718201512545,0.799142121118441,0.0137169168925427,0.00019094934404288,0.623472746866229,0.00000487200393938547,0.0155709813008396,0.000199376276613461,"Lilongwe City","1",1055723
"4",3,1055719.88312775,1.25294851192652,0.901707205775751,0.01957415408296,0.000396416220069181,0.942230681335188,0.0000152860048276293,0.0235064275310397,0.000422855880947669,"Lilongwe City","1",1055723
"5",4,1055719.05560056,1.54349011953851,1.06254280345576,0.0259269668860457,0.000668497050353165,1.31173673083889,0.0000343201907133647,0.0326955672276018,0.00072785946806654,"Lilongwe City","1",1055723
"6",5,1055718.07177077,1.87207541196468,1.27059006651809,0.0331691800387693,0.00101236914123316,1.75131774691532,0.0000644603034586258,0.0436203530077025,0.0011238638439229,"Lilongwe City","1",1055723
"7",6,1055716.89188623,2.2595790981884,1.52665696261256,0.0416113232447143,0.00143734900688936,2.27872058405057,0.000108458020420386,0.0567222117813021,0.0016249450015134,"Lilongwe City","1",1055723
"8",7,1055715.47289141,2.72307682841817,1.83715223911357,0.0515624312044782,0.00195616868573613,2.91319145899759,0.000169464044561239,0.0724792557296567,0.00224928463851913,"Lilongwe City","1",1055723
"9",8,1055713.76478837,3.28003077356788,2.21188469818645,0.063368004655386,0.00258502653659378,3.67709197801589,0.000251151008080782,0.0914466925842607,0.00301943353553335,"Lilongwe City","1",1055723
"10",9,1055711.70808223,3.95027454164758,2.66347155104889,0.0774323460165654,0.0033440078344431,4.59703747467571,0.000357845350325007,0.114285193745597,0.00396296025636276,"Lilongwe City","1",1055723
"11",10,1055709.23140019,4.75723441468861,3.20741579569662,0.0942365104114966,0.00425773550690482,5.70496067734828,0.00049467904731809,0.141787337239897,0.00511336432570143,"Lilongwe City","1",1055723
"12",11,1055706.24889978,5.72894289982479,3.86250611643122,0.114356384872766,0.00535621244834054,7.03927083500923,0.000667768120523085,0.174906391136413,0.00651122730350945,"Lilongwe City","1",1055723
"13",12,1055702.65724636,6.89908976645786,4.65141425252888,0.138483149570093,0.00667586325137955,8.64620618208552,0.000884425376680492,0.214789884031986,0.00820562248509998,"Lilongwe City","1",1055723
"14",13,1055698.33202542,8.3082155578982,5.60145797330477,0.167447292051128,0.0082607982878945,10.5814395486323,0.00115341397637893,0.26281945296604,0.0102558175706862,"Lilongwe City","1",1055723
"15",14,1055693.12341458,10.0051315281199,6.74554129739273,0.202247463922718,0.0101643517381637,12.9120155284862,0.00148525298171724,0.320658917377317,0.0127333411895073,"Lilongwe City","1",1055723
"16",15,1055686.85099687,12.0486046514125,8.12329343288399,0.244085058715075,0.0124509370426607,15.7186764674307,0.00189258349961828,0.390312000722548,0.0157244716567335,"Lilongwe City","1",1055723
"17",16,1055680.86069417,13.2001683429278,9.55832969454235,0.29369955286573,0.0151958537641947,19.0695218036399,0.00239058742174352,0.473462610718971,0.0193307681151985,"Lilongwe City","1",1055723
"18",17,1055673.91308466,14.778573001778,10.97985857912,0.349975135804173,0.0184658259118335,22.9570457056254,0.00299709323233776,0.569902190904136,0.0236497918714014,"Lilongwe City","1",1055723
"19",18,1055665.97199916,16.6796774326201,12.507632479511,0.412612090777798,0.0223126192495602,27.402034186897,0.00373202984311443,0.680132961845755,0.0287677790217193,"Lilongwe City","1",1055723
"20",19,1055656.94206824,18.8807522718255,14.2055468859146,0.482113497667621,0.0267869122835169,32.4581150467282,0.00461714471726439,0.805479080855616,0.0347730238887364,"Lilongwe City","1",1055723
"21",20,1055646.6929434,21.3949963546804,16.1166685873019,0.559377954411097,0.0319457346740462,38.1983918520606,0.00567611681505912,0.947750352306311,0.0417635127912941,"Lilongwe City","1",1055723
"22",21,1055635.06775936,24.2533010914686,18.2778158554199,0.64554405733822,0.0378560432839277,44.7107887336477,0.0069348572631773,1.10912479897399,0.0498510201498065,"Lilongwe City","1",1055723
"23",22,1055621.88496323,27.4971863986576,20.7258309056472,0.741938904758105,0.0445968423680202,52.0970618069104,0.00842190931030102,1.29212331512299,0.0591639204649249,"Lilongwe City","1",1055723
"24",23,1055606.93721202,31.1763822290129,23.500472158334,0.850070709712372,0.0522608264185726,60.4734331438877,0.0101689126499786,1.49962502510695,0.0698496342856506,"Lilongwe City","1",1055723
"25",24,1055589.98881559,35.3483493116782,26.6459946991481,0.971641019053305,0.0609559821130162,69.9720322698727,0.012211128723542,1.73490284882186,0.0820771387549694,"Lilongwe City","1",1055723
"26",25,1055570.77232562,40.0786684676041,30.2122300944763,1.10856674700858,0.0708073140533926,80.7428137356443,0.0145880225220445,2.00167094159448,0.0960396996714739,"Lilongwe City","1",1055723
"27",26,1055548.98444909,45.4418558552144,34.2555308472327,1.26300838469873,0.0819588003856224,92.9558531151639,0.0173439121043249,2.3041415369446,0.111957950557013,"Lilongwe City","1",1055723
"28",27,1055524.28130381,51.5224532084382,38.8397225218072,1.43740338548185,0.0945756411809069,106.804012733026,0.0205286970411506,2.64709095716729,0.130083401002112,"Lilongwe City","1",1055723
"29",28,1055496.27309505,58.4163015637436,44.0371207050209,1.63450374036368,0.108846796514405,122.505933488746,0.0241986610643469,3.03593370153471,0.150702363058408,"Lilongwe City","1",1055723
"30",29,1055464.5179932,66.2320254147215,49.9296800533478,1.85741915346925,0.124987930120396,140.30947686682,0.0284173851037908,3.47680768170296,0.17414047414155,"Lilongwe City","1",1055723
"31",30,1055428.51501097,75.0927759176534,56.6103131162178,2.10966722070756,0.143244860427204,160.495731118127,0.0332568000727595,3.97667342641204,0.200767969031625,"Lilongwe City","1",1055723
"32",31,1055387.69644781,85.138081111704,64.1842858223621,2.39522653650851,0.163897251867176,183.383263175139,0.0387982968176856,4.54341936812632,0.231005291023907,"Lilongwe City","1",1055723
"33",32,1055341.41884055,96.5260399094342,72.7709086423108,2.71860010962367,0.18726306419127,209.333213670983,0.0451340545534337,5.18598800194463,0.265329838990858,"Lilongwe City","1",1055723
"34",33,1055288.95291401,109.435782584668,82.5053870206455,3.0848858326942,0.213703510484895,238.754958534261,0.0523685088690151,5.91451607380493,0.304283464555442,"Lilongwe City","1",1055723
"35",34,1055229.47219475,124.070267727101,93.5409044056551,3.49985633621968,0.243628690527429,272.112528083007,0.0606200119097098,6.74049352443047,0.348480977008826,"Lilongwe City","1",1055723
"36",35,1055162.0391893,140.659601531296,106.051210002186,3.97005565052141,0.277504491855691,309.932416167386,0.0700228538811699,7.67695684181829,0.398620540897863,"Lilongwe City","1",1055723
"37",36,1055090.52994108,155.338344158888,119.518267383217,4.50061018591695,0.31585020718641,352.716258198257,0.0807287831391338,8.7363023352571,0.455483922692877,"Lilongwe City","1",1055723
"38",37,1055010.25349506,172.622741631727,133.826907860149,5.09107030743991,0.359179814927853,400.753696462713,0.0929088651538171,9.92561155945674,0.519880986684125,"Lilongwe City","1",1055723
"39",38,1054920.50069712,192.27803536129,149.489712722704,5.74434875661095,0.407986354971285,454.472467618243,0.106752069039927,11.255421706502,0.592631625944309,"Lilongwe City","1",1055723
"40",39,1054820.3056964,214.354492395944,166.834933255701,6.46658186467064,0.462794447779237,514.453036008903,0.122465626908667,12.7400809911273,0.674618902975272,"Lilongwe City","1",1055723
"41",40,1054708.51926432,239.037520388573,186.127412754739,7.26574307555927,0.524189861480505,581.385592827553,0.140276770285878,14.3966650574463,0.766821620223926,"Lilongwe City","1",1055723
"42",41,1054583.83056955,266.587268568372,207.62029504361,8.15113110623588,0.592835802364073,656.057464668752,0.160435260634644,16.2446573325583,0.870334987531452,"Lilongwe City","1",1055723
"43",42,1054444.76660675,297.315671300462,231.578060582481,9.13322798682515,0.669484276644947,739.353732710038,0.18321639297314,18.305961035747,0.986387179150496,"Lilongwe City","1",1055723
"44",43,1054289.6813285,331.579076298138,258.287995422134,10.2237162945634,0.754986152991297,832.263972940626,0.208924390480959,20.605064588374,1.11635526780257,"Lilongwe City","1",1055723
"45",44,1054116.73923637,369.777817880251,288.066851940951,11.4355723765813,0.850301367727065,935.892323903856,0.237896162335921,23.1692901818516,1.26178192967786,"Lilongwe City","1",1055723
"46",45,1053923.89553937,412.358717542866,321.265878450575,12.7831975311861,0.956510006927211,1051.46965165864,0.270505439479654,26.0290945374967,1.42439368001758,"Lilongwe City","1",1055723
"47",46,1053708.87296664,459.819294023743,358.275379887453,14.2825788641567,1.07482484470732,1180.36778831757,0.307167420974198,29.2184210957289,1.60612144804203,"Lilongwe City","1",1055723
"48",47,1053469.13735664,512.712588315554,399.529085723045,15.9514606624265,1.20660454385763,1324.11456051927,0.348343600557092,32.7750717804505,1.80912212590587,"Lilongwe City","1",1055723
"49",48,1053201.86882554,571.653017479925,445.509095104059,17.8095476021294,1.3533693569502,1484.41159746935,0.394547443434511,36.741147526329,2.03580408875322,"Lilongwe City","1",1055723
"50",49,1052903.93041436,637.322781474004,496.751139701814,19.8787257237598,1.51681839416866,1663.15376978979,0.446350559672632,41.1635291302925,2.28885514044371,"Lilongwe City","1",1055723
"51",50,1052571.83383167,710.478897036147,553.850205057301,22.183304199139,1.69884867363677,1862.4505238926,0.504389468504439,46.0944049755668,2.57127326386283,"Lilongwe City","1",1055723
"52",51,1052201.70262339,791.960605299214,617.466617593045,24.7502746344679,1.90157586274785,2084.64893029672,0.569372927954289,51.5918411099323,2.88640004004322,"Lilongwe City","1",1055723
"53",52,1051789.22825048,882.698077597001,688.333280808894,27.6096201343275,2.12735929641319,2332.36132093627,0.64209075218759,57.7204647870096,3.23796091747037,"Lilongwe City","1",1055723
"54",53,1051329.6255145,983.721258411046,767.262826929523,30.79462967455,2.3788276168589,2608.49352001374,0.723422850276801,64.5521626578098,3.63010648591275,"Lilongwe City","1",1055723
"55",54,1050817.58404187,1096.16931775161,855.155331807008,34.3422406991087,2.65890703732837,2916.27581163343,0.814349198144653,72.1668465967361,4.06745798824105,"Lilongwe City","1",1055723
"56",55,1050247.21296313,1221.30097184633,953.007319090052,38.2934285971103,2.97085401984752,3259.29850191407,0.915961402373946,80.653333060194,4.55515999970551,"Lilongwe City","1",1055723
"57",56,1049611.98181508,1360.50550762383,1061.92100430827,42.6936248199094,3.31829060048157,3641.5502823155,1.02947525630865,90.110291665921,5.0989374710358,"Lilongwe City","1",1055723
"58",57,1048904.6562651,1515.31466339434,1183.11400796866,47.5931740059169,3.70524327523121,4067.46040158943,1.15624466370954,100.647287888263,5.70515869759095,"Lilongwe City","1",1055723
"59",58,1048117.22924593,1687.41437730156,1317.9301647807,53.0478211384995,4.13618569397013,4541.94442815571,1.29777700034044,112.385914327446,6.38090458368828,"Lilongwe City","1",1055723
"60",59,1047240.84769519,1878.65709660508,1467.85050251342,59.1192334453131,4.61608480354744,5070.45363755892,1.45574988744687,125.461011505059,7.13404379819739,"Lilongwe City","1",1055723
"61",60,1046265.73185285,2091.07506909823,1634.50476057957,65.8755794886733,5.15045252948055,5659.03025525733,1.63203019924679,140.022033289151,7.97331733281635,"Lilongwe City","1",1055723
"62",61,1045181.09132759,2326.89274489057,1819.6835718507,73.3921299121484,5.74540136189449,6314.3661296814,1.82869471802539,156.234496783634,8.9084298143964,"Lilongwe City","1",1055723
"63",62,1043975.03667941,2588.53921369076,2025.35052458701,81.7518955907349,6.40770442807489,7043.86592948863,2.04805280793436,174.281543814009,9.95014879556218,"Lilongwe City","1",1055723
"64",63,1042634.48704698,2878.65996032748,2253.65416568598,91.0462991571427,7.14486041023821,7855.71499609526,2.2926713444344,194.36561712782,11.1104127920552,"Lilongwe City","1",1055723
"65",64,1041145.0734996,3200.12726424499,2506.94010781108,101.375879939965,7.96516451895752,8758.95268142356,2.56540246060187,216.710271628915,12.4024502479632,"Lilongwe City","1",1055723
"66",65,1039491.04201563,3556.04881200895,2787.76190871171,112.851009823302,8.87778334840552,9763.54905696413,2.86941351639217,241.56206838706,13.8409062277357,"Lilongwe City","1",1055723
"67",66,1037655.15754322,3949.77355101451,3098.89067899088,125.592608631962,9.892833489619,10880.4845652559,3.20821940218627,269.19254066645,15.4419769037484,"Lilongwe City","1",1055723
"68",67,1035618.60473363,4384.89369122572,3443.32368337155,139.732892571663,11.021469564858,12121.8378098645,3.58571977325829,299.90035993145,17.2235619938017,"Lilongwe City","1",1055723
"69",68,1033360.89812171,4865.24179050847,3824.28958612602,155.416062538561,12.27597265773,13500.8722284499,4.00623800933741,334.013473149661,19.2054205782182,"Lilongwe City","1",1055723
"70",69,1030859.80369076,5394.88264480418,4245.2485935041,172.798929048224,13.669839332302,15032.1217404284,4.47456212427982,371.891213558565,21.4093308789648,"Lilongwe City","1",1055723
"71",70,1028091.26876996,5978.09453123392,4709.89079460551,192.051481619242,15.217877811695,16731.4805535322,4.99599124130811,413.926511985688,23.859266824822,"Lilongwe City","1",1055723
"72",71,1025029.37243083,6619.34065362345,5222.12778299273,213.357319328626,16.9363038661162,18616.2891245412,5.57638481914892,460.548010885913,26.5815790841216,"Lilongwe City","1",1055723
"73",72,1021646.29898891,7323.23298946433,5786.07265379577,236.91395608793,18.8428343985217,20705.416362247,6.22221510182113,512.22208354053,29.6051793709503,"Lilongwe City","1",1055723
"74",73,1017912.34677457,8094.47642663161,6406.01427448114,262.932855872737,20.9567782523248,23019.3322671614,6.94062302973907,569.454613050793,32.9617279603109,"Lilongwe City","1",1055723
"75",74,1013795.98013794,8937.79272685332,7086.38192725337,291.639146596158,23.2991208797526,25580.1674632021,7.73947727811765,632.792443185421,36.685820473117,"Lilongwe City","1",1055723
"76",75,1009263.92788534,9857.83382402408,7831.6882761807,323.271056839535,25.8925967357983,28411.7589246562,8.62743622025148,702.8244849874,40.8151674458331,"Lilongwe City","1",1055723
"77",76,1004281.34737476,10859.0672107768,8646.45957251726,358.078840850258,28.7617469890172,31539.671241856,9.6140122469339,780.182213002317,45.3907632922903,"Lilongwe City","1",1055723
"78",77,998812.06908361,11945.6257750256,9535.15457263736,396.323037430883,31.9329576395523,34991.184935916,10.7096377410985,865.539339822256,50.4570385357123,"Lilongwe City","1",1055723
"79",78,992818.919808084,13121.1456540002,10502.0492286616,438.272207326671,35.4344669038037,38795.2529030232,11.9257320009175,959.610698584367,56.0619829478954,"Lilongwe City","1",1055723
"80",79,986264.145856132,14388.5747268573,11551.0974820642,484.199869394618,39.2963365304462,42982.4109611747,13.2747678469525,1063.14998375496,62.2572320732557,"Lilongwe City","1",1055723
"81",80,979109.960675341,15749.9283566218,12685.7849296437,534.380274202429,43.5503819029209,47584.6250460026,14.7703362861129,1176.94591482993,69.0981091782768,"Lilongwe City","1",1055723
"82",81,971319.204810673,17206.0377152068,13908.9376332756,589.083319422154,48.2300423066435,52635.0792712064,16.4272079104261,1301.81693288269,76.6436017179967,"Lilongwe City","1",1055723
"83",82,962856.123529135,18756.2868785373,15222.4956393719,648.568450712084,53.3701835873881,58167.8939302577,18.2613883990122,1438.6041590357,84.9562599941894,"Lilongwe City","1",1055723
"84",83,953687.281743134,20398.2960959794,16627.2989935793,713.077004598357,59.0068332181093,64217.7491652879,20.2901642035535,1588.16200848045,94.1020112427251,"Lilongwe City","1",1055723
"85",84,943782.620433375,22127.6144395738,18122.8196259887,782.823287729979,65.176812117289,70819.413261672,22.5321395435721,1751.34644095056,104.149855441337,"Lilongwe City","1",1055723
"86",85,933116.594401671,23937.4375446083,19706.8771973388,857.984622812814,71.9172690057868,78007.1817078448,25.0072567186624,1929.00100320608,115.171434799823,"Lilongwe City","1",1055723
"87",86,921669.424152021,25818.3130058243,21375.3746693595,938.689742001507,79.2651054654372,85814.1965275244,27.7367978046703,2121.93990314213,127.24046175246,"Lilongwe City","1",1055723
"88",87,909428.378304548,27757.913520439,23122.0272627029,1025.00641398629,87.2562820632679,94271.6748527316,30.7433635289962,2330.928844516,140.431988543585,"Lilongwe City","1",1055723
"89",88,896389.081862229,29740.8829142182,24938.1029813704,1116.92810908199,95.9249856670864,103408.028322755,34.0508246787028,2556.66316704833,154.821490495508,"Lilongwe City","1",1055723
"90",89,882556.765941493,31748.7601974587,26812.2291322114,1214.36015712928,105.302682461551,113247.897647964,37.684241282318,2799.74389807761,170.483779236209,"Lilongwe City","1",1055723
"91",90,867947.401315673,33760.0374946407,28730.2528029335,1317.10599019677,115.417038308196,123811.115613849,41.6697443997162,3060.65205396593,187.491718595512,"Lilongwe City","1",1055723
"92",91,852588.612803359,35750.3715284699,30675.1827026903,1424.85446849337,126.290747371362,135111.653369952,46.0343796645164,3339.7225564504,205.914782611846,"Lilongwe City","1",1055723
"93",92,836520.340702175,37692.9577497894,32627.245665433,1537.16834372591,137.940255822007,147156.541379273,50.8059037820155,3637.11755403845,225.817427245739,"Lilongwe City","1",1055723
"94",93,819795.14515717,39559.0733465698,34564.0802880807,1653.47521280588,150.374432434139,159944.839028499,56.0125344408522,3952.80099056309,247.25732840732,"Lilongwe City","1",1055723
"95",94,802478.084402835,41318.7981790294,36461.0725148156,1773.0619289491,163.593228313548,173466.70709312,61.6826529375206,4286.51576946874,270.283527325212,"Lilongwe City","1",1055723
"96",95,784646.133047738,42941.8969032407,38291.8285067925,1895.07331608065,177.586377597666,187702.637387716,67.8444608345431,4637.7648630508,294.934537380196,"Lilongwe City","1",1055723
"97",96,766387.090281194,44398.844517392,40028.8177237516,2018.51597899355,192.332161973022,202622.873755423,74.525581273625,5005.79722070092,321.236419028161,"Lilongwe City","1",1055723
"98",97,747798.049792151,45661.8639481496,41644.1554411609,2142.26773987912,207.796374821383,218187.11407315,81.7526306881495,5389.60068381746,349.201003152523,"Lilongwe City","1",1055723
"99",98,728983.4111261,46706.0451342066,43110.444954052,2265.09343043635,223.931499883402,234344.523101927,89.5507533951946,5787.90265409058,378.824264728174,"Lilongwe City","1",1055723
"100",99,710052.493025197,47510.40421503,44401.722127504,2385.66729273156,240.676174614231,251034.094044169,97.94312075424,6199.17944804564,410.084919889663,"Lilongwe City","1",1055723
"101",100,691117.093438677,48058.7104438713,45494.3806680654,2502.59896661902,257.955032334261,268185.310999028,106.950451405765,6621.67309974973,442.943438255638,"Lilongwe City","1",1055723
"102",101,672288.616116894,48340.2770046538,46368.1226174472,2614.46784652761,275.678909264306,285719.247030203,116.5904750105,7053.4190172869,477.34132241281,"Lilongwe City","1",1055723
"103",102,653675.413463693,48350.4089873383,47006.7326196277,2719.85949980931,293.74552941379,303549.96244866,126.877451457958,7492.28103671222,513.200961196187,"Lilongwe City","1",1055723
"104",103,635380.415955295,48090.5106982054,47398.6922491699,2817.4024994508,312.040623713859,321586.116235829,137.821738336294,7935.99170482183,550.426000690115,"Lilongwe City","1",1055723
"105",104,617498.805051036,47568.0158404065,47537.6499209129,2905.80785119307,330.4394849272,339732.85248405,149.429367474946,8382.19935469282,588.902166698917,"Lilongwe City","1",1055723
"106",105,600116.176677344,46795.990741654,47422.6109740088,2983.9062880746,348.8089131016,357893.804701045,161.701704772316,8828.51802005451,628.498621816446,"Lilongwe City","1",1055723
"107",106,583307.169692755,45792.4503619532,47057.942005997,3050.68132821945,367.009511470223,375973.111916655,174.635182949983,9272.57754482417,669.069799080789,"Lilongwe City","1",1055723
"108",107,567134.554947907,44579.5229550384,46453.0997175771,3105.29752931309,384.898254914987,393877.405471172,188.221124077669,9712.07286791908,710.457663465371,"Lilongwe City","1",1055723
"109",108,551648.79402687,43182.5061965833,45622.1293281434,3147.12262743426,402.331207467495,411517.67095589,202.445657611555,10144.8101146777,752.494287613669,"Lilongwe City","1",1055723
"110",109,536888.081438987,41628.7932146945,44583.0615549957,3175.74105073727,419.166333602191,428810.866669155,217.289737829041,10568.7465340984,795.004693288641,"Lilongwe City","1",1055723
"111",110,522878.761256424,39946.8430304618,43357.1403467943,3190.96008216297,435.266268038698,445681.299752959,232.7292631597,10982.0243382405,837.809827577603,"Lilongwe City","1",1055723
"112",111,509636.027010456,38165.2776844029,41967.9455420579,3192.80895946451,450.500882098646,462061.704632325,248.735289194652,11382.997093826,880.729497683815,"Lilongwe City","1",1055723
"113",112,497164.951263615,36311.9474846131,40440.5465002316,3181.52890740853,464.74978505346,477894.00171538,265.274343698957,11770.2480821639,923.58541714004,"Lilongwe City","1",1055723
"114",113,485461.594973145,34413.2579660003,38800.701868459,3157.55762049132,477.904290704566,493129.674474131,282.308807069571,12142.5991892875,966.203830453401,"Lilongwe City","1",1055723
"115",114,474514.226656426,32493.621200295,37074.0354553327,3121.5092003802,489.869186795241,507729.940930744,299.797370026692,12499.1146595602,1008.41807416973,"Lilongwe City","1",1055723
"116",115,464304.610439354,30575.0271021572,35285.3819624542,3074.14833304211,500.564072707672,521665.572536111,317.69555417358,12839.0960855347,1050.0708149645,"Lilongwe City","1",1055723
"117",116,454809.192483649,28676.8187025155,33458.2288206825,3016.36384361597,509.92421176016,534916.51568731,335.956250467779,13162.0725497661,1091.01583331462,"Lilongwe City","1",1055723
"118",117,446000.264747515,26815.5759776992,31614.2716788714,2949.14000241708,517.901032443494,547471.316263647,354.530297407231,13467.7858919302,1131.11952480284,"Lilongwe City","1",1055723
"119",118,437847.045758888,25005.118997361,29773.0931706379,2873.52757363559,524.462208354698,559326.38521475,373.367076373292,13756.1720767722,1170.26200979525,"Lilongwe City","1",1055723
"120",119,430316.621545024,23256.6005821833,27951.9837692973,2790.61649043662,529.591350554808,570485.171171926,392.415090578374,14027.3403205462,1208.3378271842,"Lilongwe City","1",1055723
"121",120,423374.764604532,21578.6765577567,26165.8460566063,2701.51073129825,533.287391768639,580957.29213203,411.622526008494,14281.5512634263,1245.2562888306,"Lilongwe City","1",1055723
"122",121,416986.651465227,19977.730785418,24427.1895668601,2607.30511409627,535.563668585162,590757.62159881,430.937801004631,14519.1940685329,1280.94151235565,"Lilongwe City","1",1055723
"123",122,411117.439574825,18458.1014662927,22746.2235334465,2509.06589044409,536.4468059609,599905.412672137,450.310056894156,14740.7645345726,1315.33215427205,"Lilongwe City","1",1055723
"124",123,405732.744142949,17022.3525533437,21130.9726385891,2407.81422043394,535.9754278585,608423.451398254,469.689618571343,14946.8439886955,1348.38091727234,"Lilongwe City","1",1055723
"125",124,400799.014519505,15671.5298423126,19587.448928671,2304.51303734966,534.198751864261,616337.26651835,489.028401947237,15138.0796358147,1380.05384959806,"Lilongwe City","1",1055723
"126",125,396283.829193439,14405.399944837,18119.8614397963,2200.05685436883,531.175112894214,623674.397182851,508.280271814389,15315.1663929249,1410.32948773175,"Lilongwe City","1",1055723
"127",126,392156.101095836,13222.6849272573,16730.8121730542,2095.26501758751,526.970506881477,630463.764941941,527.401337443487,15478.8313539909,1439.19791136734,"Lilongwe City","1",1055723
"128",127,388386.23596875,12121.2809333156,15421.5170339262,1990.87707300123,521.657067512435,636735.08171034,546.350213154629,15629.8191828201,1466.65967084722,"Lilongwe City","1",1055723
"129",128,384946.224580552,11098.4348966704,14192.0205901382,1887.55095552813,515.311661209052,642518.36910731,565.088208591873,15768.8802968826,1492.72471125572,"Lilongwe City","1",1055723
"130",129,381809.692815675,10150.9137404933,13041.3896522956,1785.86310635247,508.014535356963,647843.546673943,583.579475883554,15896.7607811222,1517.41127518514,"Lilongwe City","1",1055723
"131",130,378951.915692625,9275.14690546656,11967.8895978906,1686.31025557729,499.848082716604,652740.098358122,601.791107601989,16014.1942561222,1540.74483658435,"Lilongwe City","1",1055723
"132",131,376349.806867803,8467.35151637521,10969.1696139841,1589.31257409837,490.895606454832,657236.770621991,619.693199293806,16121.894551392,1562.75697394692,"Lilongwe City","1",1055723
"133",132,373981.879868305,7723.62013765272,10042.3977435596,1495.21785932085,481.240376257281,661361.385159461,637.258855444095,16220.5512094988,1583.48443673938,"Lilongwe City","1",1055723
"134",133,371828.197313801,7040.00687753601,9184.38470356771,1404.30637336013,470.964718795861,665140.675840123,654.46417281662,16310.8255982643,1602.96820705297,"Lilongwe City","1",1055723
"135",134,369870.311027236,6412.5937525107,8391.70341921396,1316.79606278101,460.149204084316,668600.158339213,671.288194961017,16393.3478324226,1621.25260727185,"Lilongwe City","1",1055723
"136",135,368091.190225504,5837.53746757386,7660.78457902713,1232.84826885314,448.871980321601,671764.054644076,687.712834644644,16468.7150507086,1638.3845007496,"Lilongwe City","1",1055723
"137",136,366475.143655632,5311.11278379451,6987.98842533871,1152.57352558555,437.208221239076,674655.250612155,703.722776255836,16537.4905047797,1654.41257034681,"Lilongwe City","1",1055723
"138",137,365007.741587023,4829.7393260239,6369.67073305947,1076.03718249573,425.229683031086,677295.276128422,719.305359944828,16600.20319818,1669.38667496429,"Lilongwe City","1",1055723
"139",138,363675.73743036,4389.99832014137,5802.238063348,1003.26485882902,413.004359509215,679704.306516206,734.450451607185,16657.3480424484,1683.35727981231,"Lilongwe City","1",1055723
"140",139,362466.986580591,3988.65065706726,5282.18110649691,934.247813190421,400.596226331398,681901.187314216,749.150302106836,16709.3865838986,1696.37495714273,"Lilongwe City","1",1055723
"141",140,361370.369528126,3622.64319245888,4806.1065064075,868.947877454777,388.065069405423,683903.468427534,763.399398614407,16756.7479506173,1708.48995751771,"Lilongwe City","1",1055723
"142",141,360375.719156737,3289.10753266826,4370.7644160702,807.301948357547,375.466388178485,685727.446246302,777.194311686609,16799.8299850302,1719.75184859794,"Lilongwe City","1",1055723
"143",142,359473.745861345,2985.3643857747,3973.05764191521,749.2263908093,362.851356813013,687388.220826154,790.533537188858,16839.000743549,1730.20920289753,"Lilongwe City","1",1055723
"144",143,358655.971287889,2708.91967411265,3610.05195080341,694.620769163945,350.266843976659,688899.752130291,803.417343763567,16874.5999584452,1739.90935374541,"Lilongwe City","1",1055723
"145",144,357914.665765538,2457.45549352093,3278.98593271179,643.371215672921,337.755479463424,690274.91849442,815.847618673312,16906.9405462672,1748.89819526679,"Lilongwe City","1",1055723
"146",145,357242.785043015,2228.82595946018,2977.26946181238,595.353667788079,325.355754851861,691525.582400002,827.827713070865,16936.3102924105,1757.2200154104,"Lilongwe City","1",1055723
"147",146,356633.914136389,2021.05017182846,2702.48102753,550.436547394372,313.102159945253,692662.653660343,839.362296569178,16962.9734599515,1764.91738084359,"Lilongwe City","1",1055723
"148",147,356082.215207097,1832.30129777229,2452.36716216227,508.483104230106,301.025344728605,693696.150669483,850.457214527272,16987.1723436433,1772.03105206173,"Lilongwe City","1",1055723
"149",148,355582.378079787,1660.89881183347,2224.83564758846,469.3534891252,289.152299191823,694635.262320027,861.119352447879,17009.1288342632,1778.5999286648,"Lilongwe City","1",1055723
"150",149,355129.575280576,1505.29977421591,2017.94871872452,432.906507279414,277.506543850315,695488.406666672,871.356508682843,17029.0458961073,1784.66101970105,"Lilongwe City","1",1055723
"151",150,354719.420083545,1364.08861466216,1829.91716770929,399.001110310781,266.108334633367,696263.287417734,881.177271405435,17047.1089854969,1790.24943575875,"Lilongwe City","1",1055723
"152",151,354347.927289698,1235.9690937312,1659.09125985436,367.497668547532,254.974872877988,696966.948911613,890.590903678619,17063.4874272279,1795.39840016667,"Lilongwe City","1",1055723
"153",152,354011.479261538,1119.75583168379,1503.95322913278,338.258959415426,244.12050695191,697605.824969989,899.60724128894,17078.3356346031,1800.139273904,"Lilongwe City","1",1055723
"154",153,353706.79155587,1014.36526256089,1363.10911919341,311.151062788459,233.556952388019,698185.78945906,908.236588139525,17091.7943693112,1804.50159479973,"Lilongwe City","1",1055723
"155",154,353430.88379654,918.808375397372,1235.28032284892,286.04400282256,223.293494106601,698712.200380739,916.489627545546,17103.9918370034,1808.51312632582,"Lilongwe City","1",1055723
"156",155,353181.051698079,832.183151537118,1119.29538056874,262.812281123386,213.337192399318,699189.942959862,924.377336430904,17115.0447558515,1812.19991517024,"Lilongwe City","1",1055723
"157",156,352954.843710274,753.667685375832,1014.08311610772,241.3352355009,203.693066434392,699623.46627303,931.910913277261,17125.0592628576,1815.58635011811,"Lilongwe City","1",1055723
"158",157,352750.034976192,682.512865713205,918.66411429224,221.497368129803,194.364306462548,700016.824670563,939.101698647516,17134.1319370292,1818.69523678994,"Lilongwe City","1",1055723
"159",158,352564.608691331,618.037183294287,832.144021713515,203.188483447833,185.352436057228,700373.708064969,945.96111918681,17142.3505452743,1821.54786302236,"Lilongwe City","1",1055723
"160",159,352396.737269137,559.620823265348,753.707198994648,186.303781241727,176.657481836071,700697.472814594,952.500630930508,17149.7948019076,1824.16407053142,"Lilongwe City","1",1055723
"161",160,352244.764079791,506.699923624436,682.610362082094,170.743907651319,168.2781407873,700991.171920556,958.731665507013,17156.5371103642,1826.56232918792,"Lilongwe City","1",1055723
"162",161,352107.187985739,458.762275309224,618.176305371558,156.414922473212,160.211928119916,701257.580996744,964.665586242878,17162.6431993741,1828.75980894411,"Lilongwe City","1",1055723
"163",162,351982.648416191,415.342502435744,559.788346361852,143.228218534468,152.455324515177,701499.223545492,970.313646468997,17168.1727410414,1830.77245496893,"Lilongwe City","1",1055723
"164",163,351869.91297871,376.017867411379,506.885756690904,131.100406585727,145.003901837382,701718.392132641,975.686956123678,17173.1798675837,1832.6150555933,"Lilongwe City","1",1055723
"165",164,351767.86539369,340.404771122799,458.958573062258,119.953178226271,137.85244539123,701917.169187394,980.796451113797,17177.7136783499,1834.30131157249,"Lilongwe City","1",1055723
"166",165,351675.494358597,308.15507592393,415.543172984088,109.71313578526,130.995069948278,702097.446320733,985.652866028108,17181.8187097712,1835.84390491586,"Lilongwe City","1",1055723
"167",166,351591.883973999,278.952844630442,376.218470678445,100.311604391138,124.425321464547,702260.941072551,990.26671228476,17185.5353418442,1837.25456280691,"Lilongwe City","1",1055723
"168",167,351516.204680574,252.511530637382,340.601958691895,91.6844362166504,118.136272568103,702409.212862172,994.648259140226,17188.90018488,1838.54412024273,"Lilongwe City","1",1055723
"169",168,351447.705197061,228.571269847145,308.346343240636,83.7718022755998,112.120608771214,702543.677260546,998.8075182581,17191.9464248092,1839.72257955534,"Lilongwe City","1",1055723
"170",169,351385.705234311,206.896428687764,279.136454818202,76.5179832160746,106.370706251512,702665.618961486,1002.75423122886,17194.7041365465,1840.79916660622,"Lilongwe City","1",1055723
"171",170,351329.588831475,187.273428891907,252.686317131655,69.8711584362494,100.8787024933,702776.203701856,1006.49785971611,17197.2005715276,1841.78238438392,"Lilongwe City","1",1055723
"172",171,351278.798331365,169.508695877011,228.736550116718,63.7831939360574,95.6365600352206,702876.489090669,1010.04757800101,17199.4604184508,1842.68006385612,"Lilongwe City","1",1055723
"173",172,351232.828666018,153.426746120742,207.051844220397,58.2094260735317,90.6361260323435,702967.434924124,1013.41226741078,17201.506051304,1843.49941389484,"Lilongwe City","1",1055723
"174",173,351191.222622855,138.868601031875,187.418846669682,53.1084625971996,85.8691807253119,703049.911772645,1016.60051347545,17203.3577353952,1844.2470648278,"Lilongwe City","1",1055723
"175",174,351153.566349988,125.690241464336,169.644176266575,48.4419841511793,81.3274827005452,703124.709161138,1019.62060429041,17205.0338234087,1844.92911086634,"Lilongwe City","1",1055723
"176",175,351119.485153693,113.761174799206,153.552542400436,44.174548097996,77.0028100953995,703192.543240607,1022.48053030625,17206.5509390268,1845.55115094701,"Lilongwe City","1",1055723
"177",176,351088.639834236,102.96320994441,138.985066347144,40.2734033288229,72.8869952556593,703254.063505108,1025.18798578028,17207.9241373801,1846.11832589985,"Lilongwe City","1",1055723
"178",177,351060.723336168,93.189293265239,125.797781197106,36.7083120732981,68.9719553540343,703309.858950655,1027.75037128668,17209.167051962,1846.63535340844,"Lilongwe City","1",1055723
"179",178,351035.457712056,84.3424577121097,113.860259677251,33.4513798042654,65.2497188803872,703360.463674602,1030.17479726777,17210.2920279972,1847.10656064281,"Lilongwe City","1",1055723
"180",179,351012.591360778,76.3349009876963,103.054325000085,30.4768940366466,61.7124483470896,703406.361982369,1032.46808848156,17211.3102439217,1847.53591465739,"Lilongwe City","1",1055723
"181",180,350991.896539432,69.0871130043979,93.2729262058485,27.7611708106393,58.3524595862211,703447.993001759,1034.63678920167,17212.2318209561,1847.92705068243,"Lilongwe City","1",1055723
"182",181,350973.167110151,62.5270848561798,84.419116006384,25.2824095473672,55.1622379368133,703485.754872444,1036.68716905842,17213.0659224444,1848.28329841439,"Lilongwe City","1",1055723
"183",182,350956.216483905,56.5896277917366,76.4050731433929,23.0205570698362,52.1344515998176,703520.008577076,1038.62522941383,17213.820844607,1848.60770639743,"Lilongwe City","1",1055723
"184",183,350940.875773031,51.2157212136696,69.1512612591423,20.9571788898686,49.2619624751803,703551.081392958,1040.45671017209,17214.5040981488,1848.90306464036,"Lilongwe City","1",1055723
"185",184,350926.992120818,46.3519156067379,62.5856734766324,19.0753382691368,46.5378347242442,703579.270020166,1042.18709693928,17215.1224821079,1849.17192556299,"Lilongwe City","1",1055723
"186",185,350914.427171416,41.9498325433654,56.6430912328397,17.3594839103305,43.9553412711773,703604.84345117,1043.82162845592,17215.6821515554,1849.41662335331,"Lilongwe City","1",1055723
"187",186,350903.055698164,37.9656792311359,51.2644555484276,15.7953441793988,41.5079685047349,703628.045550141,1045.36530423047,17216.1886783234,1849.63929187271,"Lilongwe City","1",1055723
"188",187,350892.764367155,34.3597957248135,46.3963141685526,14.3698280756337,39.1894193724424,703649.097383191,1046.82289231248,17216.6471057783,1849.84188119507,"Lilongwe City","1",1055723
"189",188,350883.450598454,31.0962901663252,41.9902587859493,13.0709340116412,36.9936150236821,703668.199366406,1048.19893715221,17217.0619992995,1850.02617284433,"Lilongwe City","1",1055723
"190",189,350875.021547483,28.1426792828061,38.00245405813,11.8876642295584,34.9146952140954,703685.533192236,1049.49776749603,17217.4374914519,1850.19379385536,"Lilongwe City","1",1055723
"191",190,350867.393191448,25.4695423902378,34.3932380739244,10.8099447848624,32.9470176219986,703701.263561404,1050.72350427619,17217.7773225171,1850.34622973694,"Lilongwe City","1",1055723
"192",191,350860.489480215,23.0502565334657,31.1266935018804,9.82855230338203,31.0851561723247,703715.539792798,1051.88006847662,17218.0848781838,1850.48483640097,"Lilongwe City","1",1055723
"193",192,350854.241575755,20.8607311838179,28.1702911100952,8.93504530250968,29.3238985558178,703728.497269156,1052.97118893654,17218.3632233177,1850.61085117926,"Lilongwe City","1",1055723
"194",193,350848.587196675,18.8791486760087,25.4946130858969,8.12170188413658,27.6582431061896,703740.258686733,1054.00040983959,17218.6151310742,1850.72540265436,"Lilongwe City","1",1055723
"195",194,350843.469969945,17.0857671718104,23.0730192943852,7.38146026454565,26.0833949847077,703750.935289932,1054.9710984077,17218.8431117023,1850.82952015202,"Lilongwe City","1",1055723
"196",195,350838.838870265,15.4627223636841,20.8813863049622,6.70786453748576,24.5947618742359,703760.627942343,1055.88645231161,17219.04943746,1850.92414225283,"Lilongwe City","1",1055723
"197",196,350834.64771852,13.993835701657,18.8978880842413,6.09501431856041,23.1879492388765,703769.428087208,1056.74950692817,17219.2361649094,1851.01012460471,"Lilongwe City","1",1055723
"198",197,350830.854727231,12.6644694393889,17.1027681670357,5.53751997728801,21.8587553900054,703777.418617562,1057.5631422328,17219.4051551277,1851.08824691042,"Lilongwe City","1",1055723
"199",198,350827.422072116,11.4613763065842,15.4781384855219,5.03045889101002,20.6031660571042,703784.674698301,1058.33008984254,17219.5580927612,1851.15921968069,"Lilongwe City","1",1055723
"200",199,350824.315524784,10.3725634788633,14.0078139293337,4.56933676320869,19.4173489210091,703791.264472526,1059.05293959733,17219.6965023623,1851.2236901507,"Lilongwe City","1",1055723
"201",200,350821.504104332,9.38717618705536,12.6771426668801,4.15005111787124,18.2976478478728,703797.249731721,1059.73414612681,17219.8217638902,1851.28224787251,"Lilongwe City","1",1055723
"202",201,350818.959783933,8.49539621142723,11.4728666549832,3.76885983618042,17.2405773945483,703802.686481175,1060.37603479479,17219.9351257656,1851.33542950234,"Lilongwe City","1",1055723
"203",202,350816.657182392,7.68832989992973,10.3829802174984,3.42234730440133,16.2428164030153,703807.625535423,1060.98080836053,17220.0377185965,1851.38372391683,"Lilongwe City","1",1055723
"204",203,350814.573331884,6.957928888083,9.39661844200521,3.10739867136859,15.3012024602135,703812.112967229,1061.55055242492,17220.1305655156,1851.42757609286,"Lilongwe City","1",1055723
"205",204,350812.687454398,6.2969132501099,8.50395024831277,2.82117477707071,14.4127261461765,703816.190540247,1062.08724093323,17220.2145921309,1851.46739087367,"Lilongwe City","1",1055723
"206",205,350810.980742627,5.69869200868439,7.69607774229803,2.56108715411847,13.5745250177286,703819.896133636,1062.59274181403,17220.2906362795,1851.5035367059,"Lilongwe City","1",1055723
"207",206,350809.436175813,5.1573000417914,6.96494785952315,2.32477675017927,12.7838778549745,703823.264099543,1063.06882213806,17220.3594562259,1851.53634880933,"Lilongwe City","1",1055723
"208",207,350808.038349651,4.66734004124986,6.3032705006367,2.11009411430161,12.0381989666878,703826.325593613,1063.51715311325,17220.4217382353,1851.56613212187,"Lilongwe City","1",1055723
"209",208,350806.773323586,4.22392611332561,5.70444930916972,1.91508112361824,11.3350325929051,703829.108872395,1063.93931487964,17220.4781033732,1851.59316399578,"Lilongwe City","1",1055723
"210",209,350805.628481531,3.82263614610731,5.16251470427658,1.73795434007327,10.6720474125342,703831.639564761,1064.33680110509,17220.5291137071,1851.61769665431,"Lilongwe City","1",1055723
"211",210,350804.592405286,3.45946947604595,4.67206205346125,1.57708978284598,10.0470311780193,703833.940918839,1064.71102338437,17220.5752779437,1851.6399594354,"Lilongwe City","1",1055723
"212",211,350803.654761524,3.13080427743398,4.22820127274333,1.43100885953677,9.45788547161358,703836.034023136,1065.06331545845,17220.6170564618,1851.66016084578,"Lilongwe City","1",1055723
"213",212,350802.806199936,2.83336259129496,3.82650796428064,1.29836577786598,8.90262068975209,703837.938005862,1065.39493717885,17220.6548658489,1851.67849040241,"Lilongwe City","1",1055723
"214",213,350802.038255649,2.5641786656118,3.46297474726144,1.17793548235901,8.37935092419903,703839.670226045,1065.70707848732,17220.6890832471,1851.69512039714,"Lilongwe City","1",1055723
"215",214,350801.343269193,2.3205679237583,3.13397640686572,1.06860331750834,7.88628935590811,703841.24643086,1066.00086294314,17220.7200499178,1851.7102073916,"Lilongwe City","1",1055723
"216",215,350800.714310946,2.1001006238953,2.83623402683194,0.969355371860773,7.42174366754673,703842.680904179,1066.27735118488,17220.7480746074,1851.72389361739,"Lilongwe City","1",1055723
"217",216,350800.14510779,1.90057858166435,2.56677787903805,0.879269194517076,6.98411141058599,703843.986610755,1066.53754438918,17220.7734368139,1851.73630832575,"Lilongwe City","1",1055723
"218",217,350799.62998252,1.72001230244643,2.32292039863681,0.797505779442891,6.5718757557896,703845.17531585,1066.78238739376,17220.7963894865,1851.74756893977,"Lilongwe City","1",1055723
"219",218,350799.163797828,1.55660059199178,2.10223044693354,0.723302152024184,6.18360136443257,703846.257695916,1067.01277170047,17220.8171615204,1851.75778211987,"Lilongwe City","1",1055723
"220",219,350798.741903746,1.40871369573593,1.90250688910685,0.655964514345656,5.81793034271525,703847.243442427,1067.22953838597,17220.8359600984,1851.76704475276,"Lilongwe City","1",1055723
"221",220,350798.360092382,1.27487696072532,1.72175765696591,0.594862162056284,5.47357847513038,703848.14135158,1067.43348078294,17220.8529727071,1851.77544482235,"Lilongwe City","1",1055723
"222",221,350798.01455573,1.15375539012388,1.55818044209543,0.539421758253807,5.14933151511708,703848.959408067,1067.6253470975,17220.8683690166,1851.78306222771,"Lilongwe City","1",1055723
"223",222,350797.701847683,1.04414107968479,1.41014397787469,0.489122231113298,4.8440416823741,703849.70486049,1067.80584285671,17220.8823025729,1851.78996951364,"Lilongwe City","1",1055723
"224",223,350797.41884972,0.944941064069944,1.27617192742865,0.443490073287042,4.55662429051692,703850.384289679,1067.9756332455,17220.8949123264,1851.79623254063,"Lilongwe City","1",1055723
"225",224,350797.162738497,0.855165601702501,1.15492790392336,0.402094854861803,4.28605437648327,703851.003673342,1068.13534542421,17220.906324076,1851.80191112257,"Lilongwe City","1",1055723
"226",225,350796.930959305,0.773919208663505,1.0452025753783,0.364545559095385,4.03136376424832,703851.56843906,1068.28557052739,17220.9166516513,1851.80705954796,"Lilongwe City","1",1055723
"227",226,350796.721200712,0.700391756021809,0.94590167742871,0.330487043093019,3.79163813921767,703852.083515027,1068.42686564562,17220.9259980426,1851.81172708204,"Lilongwe City","1",1055723
"228",227,350796.531370632,0.633849829214939,0.856034941785203,0.299596662180082,3.56601414790806,703852.553378009,1068.55975577843,17220.934456467,1851.81595844437,"Lilongwe City","1",1055723
"229",228,350796.359575731,0.573629765679658,0.774706093325077,0.271581370832243,3.35367673753697,703852.982094691,1068.68473560967,17220.9421112862,1851.81979421933,"Lilongwe City","1",1055723
"230",229,350796.204102336,0.519130979992338,0.701103796600404,0.246175007326998,3.15385657256699,703853.373360085,1068.80227122285,17220.9490388567,1851.82327123952,"Lilongwe City","1",1055723
"231",230,350796.063399821,0.469809864185775,0.634494072684912,0.22313589539915,2.96582765031952,703853.730531022,1068.9128016748,17220.9553082702,1851.82642292327,"Lilongwe City","1",1055723
"232",231,350795.936065081,0.425174540826511,0.574212751650362,0.202244622161601,2.78890498248624,703854.056657504,1069.01674051722,17220.9609820454,1851.82927958802,"Lilongwe City","1",1055723
"233",232,350795.820828065,0.384779897870898,0.519658519254467,0.183301952273414,2.6224423321533,703854.354511958,1069.11447727481,17220.9661167726,1851.83186874391,"Lilongwe City","1",1055723
"234",233,350795.716539401,0.348223041243144,0.470287272314272,0.166127009465719,2.46583014010372,703854.626614344,1069.20637879146,17220.970763665,1851.83421534861,"Lilongwe City","1",1055723
"235",234,350795.622158935,0.315139318279905,0.425606651389224,0.150555601700936,2.31849353322,703854.875255443,1069.29279051759,17220.9749690692,1851.83634204233,"Lilongwe City","1",1055723
"236",235,350795.536745306,0.285198782846467,0.385170987084966,0.136438696429885,2.17989043001663,703855.102518068,1069.37403772907,17220.9787749301,1851.83826936178,"Lilongwe City","1",1055723
"237",236,350795.459446596,0.258102823998614,0.348576966274297,0.123641030635389,2.04950974219956,703855.310296161,1069.45042667937,17220.9822192073,1851.84001593438,"Lilongwe City","1",1055723
"238",237,350795.389491842,0.233581165804068,0.315459642624491,0.11203984829549,1.92686966860761,703855.500312145,1069.52224568782,17220.985336253,1851.84159865475,"Lilongwe City","1",1055723
"239",238,350795.326183371,0.211389257992196,0.285488729230249,0.10152376179383,1.81151608767863,703855.674132631,1069.58976616111,17220.9881571539,1851.84303284382,"Lilongwe City","1",1055723
"240",239,350795.26888983,0.191305804778948,0.258365326465662,0.0919917045605861,1.70302101923854,703855.833182748,1069.65324356694,17220.9907100419,1851.84433239488,"Lilongwe City","1",1055723
"241",240,350795.217039572,0.173130410722278,0.233818827824918,0.0833519324046898,1.60098109582502,703855.978759763,1069.71291839833,17220.9930203882,1851.84550991268,"Lilongwe City","1",1055723
"242",241,350795.170115407,0.156681784646131,0.211604391456513,0.0755212316506126,1.50501627973488,703856.112043926,1069.76901697901,17220.9951112376,1851.8465768237,"Lilongwe City","1",1055723
"243",242,350795.127649373,0.141795899509286,0.191500471488404,0.0684241248676016,1.41476854722176,703856.234109295,1069.82175228811,17220.9970034417,1851.84754348663,"Lilongwe City","1",1055723
"244",243,350795.089217917,0.128324273009353,0.173306567430062,0.0619921342514337,1.32990061892381,703856.345933736,1069.87132475327,17220.9987158731,1851.84841929467,"Lilongwe City","1",1055723
"245",244,350795.054437727,0.11613254218915,0.156841214725204,0.0561631454078165,1.25009480017037,703856.448407599,1069.91792297219,17221.0002656112,1851.84921276393,"Lilongwe City","1",1055723
"246",245,350795.022961864,0.105099106447417,0.141940157838059,0.0508808133060821,1.17505186260962,703856.542341788,1069.96172440688,17221.001668115,1851.84993161581,"Lilongwe City","1",1055723
"247",246,350794.9944764,0.0951139118622669,0.128454789551095,0.0460940397057607,1.10449001916179,703856.628474821,1070.00289601811,17221.0029373725,1851.85058284936,"Lilongwe City","1",1055723
"248",247,350794.968697269,0.0860773782693,0.116250636618239,0.0417564890936738,1.03814393366827,703856.707479416,1070.04159487675,17221.0040860411,1851.85117280835,"Lilongwe City","1",1055723
"249",248,350794.945367348,0.0778993850526334,0.105205963773855,0.0378261352185703,0.97576375961042,703856.779968652,1070.07796875588,17221.0051255777,1851.85170724407,"Lilongwe City","1",1055723
"250",249,350794.924253943,0.0704983636115312,0.0952106130016584,0.0342648673635902,0.917114265460154,703856.84650128,1070.11215666781,17221.0060663507,1851.85219136972,"Lilongwe City","1",1055723
"251",250,350794.90514647,0.0638004911684519,0.0861648979337377,0.0310381279454167,0.861973998878091,703856.907586637,1070.14428937635,17221.0069177432,1851.85262991045,"Lilongwe City","1",1055723
"252",251,350794.887854351,0.0577389667878279,0.0779785917691624,0.0281145830193905,0.810134495883003,703856.963689131,1070.17448988027,17221.007688247,1851.85302714891,"Lilongwe City","1",1055723
"253",252,350794.872205111,0.0522533340740979,0.0705700426550611,0.0254658228389748,0.7613995339595,703857.015232286,1070.20287386904,17221.0083855473,1851.85338696655,"Lilongwe City","1",1055723
"254",253,350794.858042668,0.0472888762621379,0.0638653625177241,0.0230660902791732,0.715584426970763,703857.062602423,1070.22955015208,17221.0090165988,1851.85371288103,"Lilongwe City","1",1055723
"255",254,350794.845225776,0.0427960829164179,0.0577976831825799,0.0208920361477652,0.672515363865835,703857.106151997,1070.2546210606,17221.0095876951,1851.85400807998,"Lilongwe City","1",1055723
"256",255,350794.833626617,0.038730150813022,0.0523064922397268,0.0189224946338135,0.632028778657573,703857.146202636,1070.27818282973,17221.0101045316,1851.85427545192,"Lilongwe City","1",1055723
"257",256,350794.823129459,0.0350505099571218,0.0473370030085982,0.01713826957762,0.593970726950058,703857.183048055,1070.30032597598,17221.010572265,1851.85451761562,"Lilongwe City","1",1055723
"258",257,350794.813629596,0.0317204574461135,0.0428396459904886,0.0155219652455945,0.558196365486535,703857.216956357,1070.32113561157,17221.0109955609,1851.85473694343,"Lilongwe City","1",1055723
"259",258,350794.805032289,0.0287067847915638,0.0387695692182274,0.0140578167694703,0.524569419539283,703857.248172354,1070.34069176586,17221.0113786406,1851.85493558457,"Lilongwe City","1",1055723
"260",259,350794.797251789,0.0259794319620223,0.035086179687833,0.0127315331835895,0.492961670890579,703857.276919701,1070.35906969383,17221.0117253249,1851.85511548669,"Lilongwe City","1",1055723
"261",260,350794.790210492,0.0235111968978451,0.0317527390914041,0.0115301620407365,0.463252492335429,703857.303402761,1070.37634015595,17221.0120390718,1851.85527841447,"Lilongwe City","1",1055723
"262",261,350794.783838161,0.0212774603801766,0.0287359944758242,0.0104419631618535,0.435328400020184,703857.327808333,1070.392569687,17221.0123230108,1851.85542596691,"Lilongwe City","1",1055723
"263",262,350794.778071241,0.0192559422265302,0.0260058591322802,0.00945629780371617,0.409082644532274,703857.350307173,1070.40782084131,17221.0125799738,1851.85555959259,"Lilongwe City","1",1055723
"264",263,350794.772852222,0.017426482634369,0.0235351079427684,0.00856352603157908,0.384414817049847,703857.371055415,1070.42215242855,17221.0128125234,1851.8556806037,"Lilongwe City","1",1055723
"265",264,350794.768129049,0.015770835860841,0.0212990960833448,0.00775491069651172,0.36123046808379,703857.390195898,1070.43561974178,17221.0130229791,1851.85579018921,"Lilongwe City","1",1055723
"266",265,350794.763854612,0.0142724881632866,0.0192755217620302,0.00702253425837911,0.339440761789149,703857.407859318,1070.4482747639,17221.0132134399,1851.85588942624,"Lilongwe City","1",1055723
"267",266,350794.75998628,0.0129164943534706,0.0174442026899539,0.00635922225647829,0.31896214644532,703857.42416529,1070.46016636423,17221.0133858055,1851.85597929059,"Lilongwe City","1",1055723
"268",267,350794.756485467,0.0116893302231742,0.0157868725306057,0.00575847378795158,0.2997160434842,703857.439223328,1070.47134048374,17221.013541795,1851.85606066619,"Lilongwe City","1",1055723
"269",268,350794.753317259,0.0105787561257881,0.0142870008519994,0.00521439844243576,0.281628554550134,703857.453133721,1070.48184030949,17221.0136829644,1851.85613435379,"Lilongwe City","1",1055723
"270",269,350794.750450054,0.00957369477716968,0.0129296285399329,0.0047216591563789,0.264630185628539,703857.465988339,1070.49170643856,17221.0138107217,1851.8562010787,"Lilongwe City","1",1055723
"271",270,350794.747855258,0.00866412265886182,0.0117012180436839,0.00427542075675275,0.24865558891161,703857.47787136,1070.50097703139,17221.0139263409,1851.85626149789,"Lilongwe City","1",1055723
"272",271,350794.745506993,0.00784096915512013,0.0105895186685465,0.00387130280678912,0.233643317412585,703857.488859941,1070.50968795739,17221.0140309751,1851.85631620641,"Lilongwe City","1",1055723
"273",272,350794.74338183,0.00709602090599302,0.00958343860033173,0.00350533477149749,0.219535582652009,703857.499024854,1070.51787293853,17221.0141256684,1851.85636574349,"Lilongwe City","1",1055723
"274",273,350794.741458571,0.00642184734961267,0.00867294239642746,0.00317392055153668,0.206278052936111,703857.508430997,1070.5255636688,17221.0142113652,1851.8564105974,"Lilongwe City","1",1055723
"275",274,350794.739718035,0.00581172529082618,0.00784894980473562,0.00287380297036013,0.193819647152727,703857.517137903,1070.53278993623,17221.0142889202,1851.85645121031,"Lilongwe City","1",1055723
"276",275,350794.738142863,0.00525956911899395,0.00710324257660447,0.00260203093567688,0.182112336911844,703857.525200217,1070.53957973982,17221.0143591069,1851.85648798274,"Lilongwe City","1",1055723
"277",276,350794.736717344,0.00475987173591035,0.00642838297620842,0.00235593113971265,0.171110967102265,703857.532668108,1070.54595939559,17221.0144226253,1851.85652127745,"Lilongwe City","1",1055723
"278",277,350794.735427257,0.00430764883788426,0.00581763902909368,0.00213308169036888,0.16077308357138,703857.539587651,1070.55195363823,17221.0144801091,1851.85655142301,"Lilongwe City","1",1055723
"279",278,350794.734259737,0.00389838984143598,0.00526491953307386,0.00193128899059415,0.151058775999845,703857.546001175,1070.55758571379,17221.0145321316,1851.85657871695,"Lilongwe City","1",1055723
"280",279,350794.73320314,0.00352801341494367,0.00476471265152847,0.00174856633469882,0.141930526805663,703857.551947572,1070.5628774687,17221.0145792116,1851.85660342871,"Lilongwe City","1",1055723
"281",280,350794.732246928,0.00319282560086303,0.00431202910967529,0.0015831138980825,0.133353065085076,703857.557462603,1070.56784943582,17221.0146218186,1851.85662580232,"Lilongwe City","1",1055723
"282",281,350794.731381563,0.00288948317330299,0.0039023538686661,0.00143330142847603,0.12529323442248,703857.562579152,1070.57252091219,17221.0146603776,1851.8566460588,"Lilongwe City","1",1055723
"283",282,350794.730598414,0.00261496050572781,0.00353160092884745,0.00129765232435705,0.117719867045875,703857.567327472,1070.57691003307,17221.0146952733,1851.85666439827,"Lilongwe City","1",1055723
"284",283,350794.72988967,0.00236651957247991,0.00319607228486548,0.00117482917951574,0.110603665229541,703857.571735402,1070.58103384163,17221.0147268536,1851.856681002,"Lilongwe City","1",1055723
"285",284,350794.729248262,0.00214168242593833,0.00289242134584397,0.00106362068468905,0.103917089725187,703857.575828569,1070.5849083545,17221.0147554335,1851.85669603411,"Lilongwe City","1",1055723
"286",285,350794.728667793,0.00193820648407946,0.0026176195779831,0.000962929765135502,0.0976342548287482,703857.579630573,1070.58854862333,17221.0147812981,1851.85670964322,"Lilongwe City","1",1055723
"287",286,350794.728142473,0.00175406246506089,0.00236892629427491,0.000871762903659498,0.0917308303146993,703857.583163152,1070.59196879238,17221.0148047053,1851.85672196392,"Lilongwe City","1",1055723
"288",287,350794.727667064,0.00158741399569767,0.00214386134441256,0.000789220365026242,0.0861839483227122,703857.586446338,1070.59518215308,17221.0148258887,1851.85673311805,"Lilongwe City","1",1055723
"289",288,350794.727236823,0.00143659828457204,0.00194017915595183,0.000714486907276603,0.080972111514899,703857.589498604,1070.59820119786,17221.0148450594,1851.85674321601,"Lilongwe City","1",1055723
"290",289,350794.726847456,0.00130011100319922,0.00175584804162647,0.000646824438300404,0.0760751167298508,703857.592336978,1070.60103766489,17221.0148624089,1851.85675235774,"Lilongwe City","1",1055723
"291",290,350794.726495083,0.00117659102198969,0.00158902970538721,0.000585564665927464,0.0714739769863877,703857.594977171,1070.60370258374,17221.01487811,1851.8567606337,"Lilongwe City","1",1055723
"292",291,350794.726176187,0.00106480631924082,0.00143806034205678,0.000530102308658166,0.0671508467496113,703857.597433678,1070.60620631912,17221.0148923194,1851.85676812584,"Lilongwe City","1",1055723
"293",292,350794.725887589,0.000963641972255357,0.00130143416801617,0.000479889238898303,0.0630889541534708,703857.599719881,1070.60855861052,17221.0149051788,1851.85677490831,"Lilongwe City","1",1055723
"294",293,350794.72562641,0.000872088992505617,0.00117778845010646,0.000434429092070222,0.0592725366912517,703857.601848137,1070.61076860981,17221.0149168164,1851.85678104831,"Lilongwe City","1",1055723
"295",294,350794.725390044,0.000789234197007085,0.00106588999220776,0.000393272382603519,0.0556867807000206,703857.603829862,1070.61284491663,17221.0149273484,1851.85678660664,"Lilongwe City","1",1055723
"296",295,350794.725176136,0.000714251203661499,0.000964622708405084,0.000356012086804756,0.0523177644604021,703857.605675602,1070.6147956116,17221.0149368798,1851.85679163837,"Lilongwe City","1",1055723
"297",296,350794.724982549,0.000646392159457467,0.000872976525637572,0.000322279635984388,0.049152404680688,703857.60739511,1070.61662828761,17221.0149455056,1851.85679619335,"Lilongwe City","1",1055723
"298",297,350794.724807356,0.000584980204986472,0.000790037413212861,0.000291741286640636,0.0461784061761535,703857.6089974,1070.6183500792,17221.0149533119,1851.85680031673,"Lilongwe City","1",1055723
"299",298,350794.724648806,0.000529402823636861,0.000714978131148766,0.000264094836374201,0.0433842145518644,703857.610490813,1070.61996769011,17221.0149603766,1851.85680404938,"Lilongwe City","1",1055723
"300",299,350794.72450532,0.000479105718790117,0.000647049997479736,0.00023906664672369,0.0407589717115448,703857.611883066,1070.62148741932,17221.01496677,1851.8568074283,"Lilongwe City","1",1055723
"301",300,350794.724375467,0.000433587193758383,0.000585575544580031,0.000216408944725891,0.0382924740251813,703857.613181302,1070.62291518538,17221.0149725561,1851.85681048699,"Lilongwe City","1",1055723
"302",301,350794.72425795,0.000392393247154878,0.000529941628017286,0.000195897383022622,0.0359751329975836,703857.614392135,1070.62425654941,17221.0149777924,1851.85681325578,"Lilongwe City","1",1055723
"303",302,350794.724151598,0.000355113047395458,0.000479593307410674,0.000177328827947886,0.0337979382896842,703857.615521691,1070.62551673656,17221.0149825312,1851.85681576213,"Lilongwe City","1",1055723
"304",303,350794.724055351,0.000321374727718881,0.000434028451960222,0.000160519352844828,0.0317524229381953,703857.616575647,1070.62670065636,17221.0149868198,1851.85681803091,"Lilongwe City","1",1055723
"305",304,350794.723968248,0.00029084177611225,0.000392792610580707,0.000145302427929197,0.0298306307005506,703857.617559263,1070.6278129217,17221.014990701,1851.85682008462,"Lilongwe City","1",1055723
"306",305,350794.72388942,0.000263209667673615,0.000355474397680282,0.000131527260003008,0.028025085007954,703857.618477417,1070.62885786692,17221.0149942134,1851.85682194363,"Lilongwe City","1",1055723
"307",306,350794.723818081,0.000238202779999731,0.000321701640846933,0.00011905733518558,0.026328760711428,703857.619334632,1070.62983956424,17221.0149973921,1851.85682362641,"Lilongwe City","1",1055723
"308",307,350794.72375352,0.000215571713012212,0.000291137576898463,0.000107769072873574,0.0247350569429172,703857.620135105,1070.63076183959,17221.0150002689,1851.85682514963,"Lilongwe City","1",1055723
"309",308,350794.723695092,0.000195090689465723,0.000263477202896641,0.0000975505261346479,0.0232377694024529,703857.620882731,1070.63162828871,17221.0150028723,1851.85682652844,"Lilongwe City","1",1055723
"310",309,350794.723642216,0.000176555847410099,0.000238445195016566,0.0000883005838459401,0.0218310771844036,703857.62158112,1070.63244228485,17221.0150052283,1851.85682777649,"Lilongwe City","1",1055723
"311",310,350794.723594365,0.000159782277955026,0.000215791877653689,0.0000799275077288666,0.0205095039931797,703857.622233627,1070.63320700125,17221.0150073605,1851.85682890616,"Lilongwe City","1",1055723
"312",311,350794.723551061,0.000144602394725809,0.00019529089419658,0.0000723481086929308,0.0192678990322395,703857.622843376,1070.63392542234,17221.01500929,1851.85682992871,"Lilongwe City","1",1055723
"313",312,350794.72351187,0.000130864706998191,0.000176737633721402,0.0000654871586591969,0.0181014255161752,703857.623413264,1070.63460035037,17221.0150110363,1851.85683085428,"Lilongwe City","1",1055723
"314",313,350794.723476402,0.000118431760501502,0.000159946475428204,0.0000592763800942162,0.0170055311873137,703857.623945989,1070.63523442253,17221.0150126167,1851.8568316921,"Lilongwe City","1",1055723
"315",314,350794.723444302,0.000107179607443239,0.000144750028192237,0.0000536541791465479,0.0159759476513587,703857.624444054,1070.6358301114,17221.015014047,1851.85683245049,"Lilongwe City","1",1055723
"316",315,350794.723415253,0.0000969966914177516,0.000130997623465206,0.0000485650964328887,0.015008677487746,703857.624909778,1070.6363897324,17221.0150153414,1851.85683313694,"Lilongwe City","1",1055723
"317",316,350794.723388963,0.0000877812831277969,0.000118551872139119,0.0000439585436346901,0.0140999493821759,703857.625345325,1070.63691546985,17221.0150165128,1851.85683375827,"Lilongwe City","1",1055723
"318",317,350794.723365172,0.0000794413991610339,0.000107288550728264,0.0000397887635069822,0.0132462211855647,703857.625752713,1070.6374093752,17221.0150175729,1851.85683432066,"Lilongwe City","1",1055723
"319",318,350794.72334364,0.0000718938761896403,0.0000970953419019676,0.0000360143713512932,0.0124441662273439,703857.626133814,1070.637873375,17221.0150185323,1851.85683482971,"Lilongwe City","1",1055723
"320",319,350794.723324155,0.0000650634445569788,0.0000878705903649628,0.0000325978987409747,0.0116906588659823,703857.626490375,1070.63830927924,17221.0150194005,1851.85683529046,"Lilongwe City","1",1055723
"321",320,350794.72330652,0.0000588819511278927,0.0000795222550768329,0.0000295054097133137,0.0109827618430291,703857.626824019,1070.63871878874,17221.0150201863,1851.85683570751,"Lilongwe City","1",1055723
"322",321,350794.723290561,0.0000532877377563085,0.0000719670628973001,0.0000267061921988285,0.0103177156961837,703857.62713626,1070.63910350126,17221.0150208974,1851.85683608499,"Lilongwe City","1",1055723
"323",322,350794.723276119,0.0000482250157147902,0.0000651296685116751,0.0000241724494389053,0.00969292795354328,703857.627428508,1070.63946491782,17221.0150215409,1851.85683642666,"Lilongwe City","1",1055723
"324",323,350794.723263048,0.0000436432885095705,0.00005894187686777,0.0000218790147043288,0.00910596277768273,703857.627702076,1070.63980444864,17221.0150221233,1851.85683673591,"Lilongwe City","1",1055723
"325",324,350794.723251219,0.0000394968587210065,0.0000533419702935849,0.0000198031058878808,0.0085545315944397,703857.627958188,1070.64012341863,17221.0150226504,1851.85683701582,"Lilongwe City","1",1055723
"326",325,350794.723240514,0.0000357443703837812,0.0000482740950089352,0.0000179240996170832,0.00803648420488177,703857.628197986,1070.64042307254,17221.0150231274,1851.85683726917,"Lilongwe City","1",1055723
"327",326,350794.723230827,0.0000323483952340526,0.0000436877053277857,0.000016223326732011,0.00754980042776978,703857.628422534,1070.64070457977,17221.0150235591,1851.85683749849,"Lilongwe City","1",1055723
"328",327,350794.723222059,0.0000292750623908469,0.0000395370560238947,0.0000146838873699735,0.00709258224733277,703857.628632824,1070.64096903899,17221.0150239497,1851.85683770604,"Lilongwe City","1",1055723
"329",328,350794.723214125,0.0000264937190121054,0.0000357807478894182,0.0000132904833274828,0.00666304643322571,703857.628829782,1070.64121748235,17221.0150243033,1851.8568378939,"Lilongwe City","1",1055723
"330",329,350794.723206944,0.0000239766230171336,0.0000323813169401312,0.0000120292663236078,0.00625951760592467,703857.629014272,1070.64145087954,17221.0150246233,1851.85683806393,"Lilongwe City","1",1055723
"331",330,350794.723200445,0.0000216986693327241,0.0000293048567799778,0.0000108877007222191,0.00588042172035402,703857.6291871,1070.64167014158,17221.0150249128,1851.85683821782,"Lilongwe City","1",1055723
"332",331,350794.723194564,0.0000196371383726785,0.0000265206819293015,0.00000985443915837198,0.00552427994261161,703857.629349019,1070.64187612434,17221.0150251749,1851.85683835711,"Lilongwe City","1",1055723
"333",332,350794.723189242,0.0000177714674175484,0.0000240010244931249,0.00000891920991685496,0.00518970289614825,703857.629500731,1070.64206963187,17221.015025412,1851.85683848319,"Lilongwe City","1",1055723
"334",333,350794.723184425,0.0000160830485648511,0.0000217207530953043,0.00000807271508571052,0.00487538525515379,703857.629642893,1070.64225141957,17221.0150256266,1851.85683859729,"Lilongwe City","1",1055723
"335",334,350794.723180066,0.0000145550423970447,0.0000196571232141227,0.0000073065382718445,0.0045801006642519,703857.629776117,1070.64242219711,17221.0150258209,1851.85683870057,"Lilongwe City","1",1055723
"336",335,350794.723176121,0.0000131722075486179,0.0000177895536740264,0.0000066130610131324,0.00430269696485224,703857.629900975,1070.64258263121,17221.0150259966,1851.85683879405,"Lilongwe City","1",1055723
"337",336,350794.723172551,0.0000119207517621622,0.0000160994172188863,0.00000598538722968571,0.00404209170968492,703857.630018003,1070.64273334821,17221.0150261557,1851.85683887865,"Lilongwe City","1",1055723
"338",337,350794.72316932,0.0000107881940378207,0.0000145698551114637,0.00000541727475882215,0.00379726794815981,703857.630127699,1070.64287493655,17221.0150262997,1851.85683895522,"Lilongwe City","1",1055723
"339",338,350794.723166396,0.00000976323721992565,0.0000131856129391764,0.00000490307331267018,0.00356727026623071,703857.630230532,1070.64300794904,17221.01502643,1851.85683902453,"Lilongwe City","1",1055723
"340",339,350794.72316375,0.00000883565834455939,0.0000119328843812388,0.00000443766844439127,0.00335120106542081,703857.630326937,1070.64313290502,17221.0150265479,1851.85683908725,"Lilongwe City","1",1055723
"341",340,350794.723161355,0.00000799620690287592,0.0000107991731981295,0.00000401643076408601,0.00314821706659641,703857.630417323,1070.64325029239,17221.0150266546,1851.85683914403,"Lilongwe City","1",1055723
"342",341,350794.723159188,0.0000072365092199899,0.00000977317312767945,0.00000363516988302928,0.00295752602493849,703857.630502071,1070.64336056951,17221.0150267512,1851.85683919541,"Lilongwe City","1",1055723
"343",342,350794.723157227,0.00000654898782624376,0.00000884465121336676,0.00000329009285908192,0.00277838364337108,703857.630581539,1070.64346416699,17221.0150268386,1851.85683924191,"Lilongwe City","1",1055723
"344",343,350794.723155452,0.00000592678667803333,0.00000800434466276703,0.00000297776653715288,0.00261009067248052,703857.630656059,1070.64356148936,17221.0150269176,1851.856839284,"Lilongwe City","1",1055723
"345",344,350794.723153845,0.00000536369902730676,0.00000724387352304663,0.00000269508335425872,0.00245199018567695,703857.630725945,1070.64365291667,17221.0150269892,1851.8568393221,"Lilongwe City","1",1055723
"346",345,350794.723152392,0.00000485410817647213,0.00000655565350582233,0.0000024392305256065,0.00230346501901951,703857.630791488,1070.64373880595,17221.015027054,1851.85683935658,"Lilongwe City","1",1055723
"347",346,350794.723151076,0.00000439293287672835,0.00000593281842496484,0.00000220766212788178,0.0021639353657724,703857.630852962,1070.64381949261,17221.0150271126,1851.85683938778,"Lilongwe City","1",1055723
"348",347,350794.723149885,0.00000397557255952801,0.00000536915723472196,0.00000199807370351171,0.00203285651635581,703857.630910623,1070.64389529176,17221.0150271657,1851.85683941603,"Lilongwe City","1",1055723
"349",348,350794.723148808,0.00000359786378250401,0.00000485904893152568,0.00000180837941207699,0.00190971673490945,703857.630964711,1070.6439664994,17221.0150272137,1851.85683944159,"Lilongwe City","1",1055723
"350",349,350794.723147833,0.00000325604078223117,0.00000439740368262755,0.00000163669134671184,0.00179403526422474,703857.631015448,1070.64403339365,17221.0150272571,1851.85683946472,"Lilongwe City","1",1055723
"351",350,350794.72314695,0.00000294669355398967,0.00000397961794932519,0.00000148130066612222,0.00168536045129833,703857.631063046,1070.64409623575,17221.0150272965,1851.85683948566,"Lilongwe City","1",1055723
"352",351,350794.723146152,0.00000266673574008883,0.00000360152600580503,0.00000134066065104732,0.00158326798621686,703857.631107701,1070.64415527113,17221.015027332,1851.85683950461,"Lilongwe City","1",1055723
"353",352,350794.723145429,0.0000024133766111656,0.00000325935465660948,0.00000121337139128816,0.00148735924753115,703857.631149596,1070.64421073038,17221.0150273643,1851.85683952176,"Lilongwe City","1",1055723
"354",353,350794.723144775,0.00000218408867185423,0.00000294969173029237,0.00000109816575507705,0.00139725974703561,703857.631188904,1070.64426283009,17221.0150273934,1851.85683953729,"Lilongwe City","1",1055723
"355",354,350794.723144183,0.00000197658383574953,0.00000266945025847249,0.000000993896835904999,0.00131261767052647,703857.631225786,1070.64431177376,17221.0150274198,1851.85683955134,"Lilongwe City","1",1055723
"356",355,350794.723143647,0.00000178879380287007,0.00000241583270878857,0.000000899526505871107,0.00123310249126412,703857.631260394,1070.64435775255,17221.0150274436,1851.85683956405,"Lilongwe City","1",1055723
"357",356,350794.723143162,0.00000161884541632276,0.00000218630977432403,0.000000814115222148424,0.00115840370894291,703857.631292869,1070.64440094607,17221.0150274652,1851.85683957556,"Lilongwe City","1",1055723
"358",357,350794.723142723,0.00000146504269368362,0.00000197859418934439,0.00000073681270052754,0.00108822963910235,703857.631323344,1070.644441523,17221.0150274848,1851.85683958597,"Lilongwe City","1",1055723
"359",358,350794.723142326,0.00000132585240991583,0.00000179061312411513,0.000000666849266216563,0.00102230624479134,703857.631351942,1070.64447964185,17221.0150275025,1851.8568395954,"Lilongwe City","1",1055723
"360",359,350794.723141967,0.00000119988668338722,0.0000016204910873482,0.000000603528273771283,0.00096037608139265,703857.631378782,1070.6445154515,17221.0150275185,1851.85683960393,"Lilongwe City","1",1055723
"361",360,350794.723141642,0.000001085888393249,0.00000146653227078793,0.000000546219168834186,0.000902197293549098,703857.631403971,1070.64454909185,17221.015027533,1851.85683961165,"Lilongwe City","1",1055723
"362",361,350794.723141348,0.000000982720662386971,0.00000132720088465242,0.000000494351258592654,0.000847542671326983,703857.631427612,1070.64458069428,17221.0150275461,1851.85683961864,"Lilongwe City","1",1055723
"363",362,350794.723141081,0.000000889354899606606,0.00000120110668148735,0.000000447408020581169,0.000796198763683761,703857.6314498,1070.64461038225,17221.015027558,1851.85683962496,"Lilongwe City","1",1055723
"364",363,350794.72314084,0.000000804859538798362,0.00000108699244174133,0.000000404921939908973,0.000747965045525643,703857.631470627,1070.64463827173,17221.0150275687,1851.85683963069,"Lilongwe City","1",1055723
"365",364,350794.723140622,0.000000728391730826195,0.000000983720105916032,0.000000366469880185009,0.000702653135169756,703857.631490175,1070.64466447166,17221.0150275784,1851.85683963587,"Lilongwe City","1",1055723
"366",365,350794.723140425,0.000000659189053983858,0.000000890259265490889,0.000000331668875636285,0.000660086059161937,703857.631508524,1070.64468908439,17221.0150275872,1851.85683964056,"Lilongwe City","1",1055723
