"","time","S","E","I","H","C","R","D","inci","hosp","crits","lvl2","lvl3","lvl4","ID","POP","start"
"1",1,41451.35073,0,1,0,0,0,0,0,0,0,"Malawi","Chikwawa","TA Maseya","185",41452.35073,39
"2",2,41450.7284257735,0.512459164848354,0.777051526457911,0.00918891921852711,0.000104014261160629,0.32349927477972,1.32691046929514e-06,0.622304226476143,0.00980094432735885,0.000106267117991617,"Malawi","Chikwawa","TA Maseya","185",41452.35073,39
"3",3,41450.1885811275,0.796406242017192,0.744248940053494,0.016098197379838,0.000366611621508966,0.605019300067603,9.58130845274538e-06,1.16214887244809,0.018303315465802,0.000382878970887134,"Malawi","Chikwawa","TA Maseya","185",41452.35073,39
"4",4,41449.6379666223,1.00023232638117,0.796573786562027,0.0223644882819821,0.000750025472951193,0.892812959873423,2.97911410089278e-05,1.71276337771256,0.0269754223250218,0.000800605506101846,"Malawi","Chikwawa","TA Maseya","185",41452.35073,39
"5",5,41449.032411098,1.1854215523446,0.893090042114148,0.0287128632154209,0.00124207259030555,1.20978624210955,6.6129624378078e-05,2.3183189019984,0.0365129761058793,0.00135434887379133,"Malawi","Chikwawa","TA Maseya","185",41452.35073,39
"6",6,41448.3464655677,1.37877148894783,1.01883744219388,0.0355088760378715,0.00184215539719934,1.56918190919151,0.00012256054138284,3.00426443230967,0.0473168480035345,0.00205024129240719,"Malawi","Chikwawa","TA Maseya","185",41452.35073,39
"7",7,41447.5610485529,1.5934379631588,1.16953432756768,0.04298204720848,0.00255571902738532,1.98096824310899,0.000203146979678454,3.78968144705101,0.0596876486760647,0.0029006262923844,"Malawi","Chikwawa","TA Maseya","185",41452.35073,39
"8",8,41446.6582994894,1.83744736502402,1.34545939146906,0.051317372682015,0.00339213668857083,2.45450201609909,0.000312228639253659,4.69243051060201,0.073906792058479,0.00392224511641857,"Malawi","Chikwawa","TA Maseya","185",41452.35073,39
"9",9,41446.0564649138,1.75193786981777,1.48561275799008,0.06045136958443,0.00436265255459808,2.99144589662875,0.000454539650294164,5.29426508622592,0.0900218455755029,0.00513437964532197,"Malawi","Chikwawa","TA Maseya","185",41452.35073,39
"10",10,41445.4096933867,1.73037430104826,1.56587985634863,0.0696371875490338,0.00546827998098336,3.56904190114142,0.000635087209056216,5.94103661327738,0.10734075683647,0.00654654455896621,"Malawi","Chikwawa","TA Maseya","185",41452.35073,39
"11",11,41444.7354294862,1.73822083848664,1.61922239402033,0.0784329887693491,0.00669648374647658,4.17186916786637,0.000858640916838593,6.61530051380601,0.125396132309329,0.00815430256668181,"Malawi","Chikwawa","TA Maseya","185",41452.35073,39
"12",12,41444.0414800992,1.75977195415206,1.66063638517157,0.0866897581612821,0.00802972122554209,4.79299268552381,0.00112939651379359,7.30924990074806,0.143978950625769,0.00994723465984769,"Malawi","Chikwawa","TA Maseya","185",41452.35073,39
"13",13,41443.3312608194,1.78789218912366,1.69694655667082,0.0943856270978403,0.00944991644217851,5.42934400552221,0.00145088570075619,8.01946918055748,0.162997771984748,0.0119132610592935,"Malawi","Chikwawa","TA Maseya","185",41452.35073,39
"14",14,41442.6061885523,1.81934206049402,1.73126312375891,0.10155119553252,0.010940270959003,6.07961880193918,0.00182599506197951,8.74454144774562,0.182414674776398,0.0140404842318069,"Malawi","Chikwawa","TA Maseya","185",41452.35073,39
"15",15,41441.8667681296,1.85265520936545,1.76500595835304,0.108236242925474,0.0124858887317376,6.7433215440723,0.00225702694126427,9.48396187038927,0.202216160501523,0.016317917101408,"Malawi","Chikwawa","TA Maseya","185",41452.35073,39
"16",16,41441.1130875879,1.88717072032894,1.7988272954709,0.11449510713454,0.0140738879496548,7.42032962867009,0.00274577259386011,10.237642412148,0.222399892085761,0.0187357190886494,"Malawi","Chikwawa","TA Maseya","185",41452.35073,39
"17",17,41440.3450422017,1.92259531553854,1.83302919792338,0.12038055641771,0.015693300491039,8.1106958433144,0.00329358461299297,11.0056877982981,0.242968695021649,0.0212852185333772,"Malawi","Chikwawa","TA Maseya","185",41452.35073,39
"18",18,41439.5624378435,1.95880126035691,1.86775626701141,0.125941375831442,0.0173348970913583,8.81455691247558,0.00390144369838755,11.7882921564651,0.26392778973758,0.0239588512239211,"Malawi","Chikwawa","TA Maseya","185",41452.35073,39
"19",19,41438.7650362578,1.99573772701013,1.90308016821468,0.131221698411519,0.0189909910905937,9.53209313876687,0.00457001866715907,12.5856937421609,0.285283579302089,0.0267500660321925,"Malawi","Chikwawa","TA Maseya","185",41452.35073,39
"20",20,41437.9525772483,2.03338754560702,1.93904086647204,0.136261124792696,0.0206552138517302,10.2635082752198,0.00529972573800768,13.3981527516812,0.307043055306563,0.0296532009861426,"Malawi","Chikwawa","TA Maseya","185",41452.35073,39
"21",21,41437.1247865774,2.07175125322541,1.9756618576372,0.141094870954665,0.0223223913274359,11.0090222849493,0.00609076449749546,14.2259434225915,0.32921358640883,0.0326634209007515,"Malawi","Chikwawa","TA Maseya","185",41452.35073,39
"22",22,41436.2813820226,2.11083537595898,2.0129613367717,0.14575426255425,0.0239883498765236,11.7688654871325,0.00694316513303766,15.069347977427,0.351802756159721,0.0357766033876683,"Malawi","Chikwawa","TA Maseya","185",41452.35073,39
"23",23,41435.4220743397,2.15065011970552,2.05095441749737,0.150267069944842,0.0256498020812207,12.543277432314,0.00785681879297487,15.928655660336,0.374818337278109,0.0389892762184566,"Malawi","Chikwawa","TA Maseya","185",41452.35073,39
"24",24,41434.546568131,2.1912075091193,2.08965491278385,0.154657928665511,0.0273042157091557,13.3325057932789,0.00883150939135903,16.8041618689481,0.398268268447684,0.0422985402854241,"Malawi","Chikwawa","TA Maseya","185",41452.35073,39
"25",25,41433.654562566,2.23252035720372,2.12907630069906,0.158948836353554,0.0289496738749612,14.1368053226601,0.00986694317837894,17.6961674339698,0.42216063500483,0.0457019799685228,"Malawi","Chikwawa","TA Maseya","185",41452.35073,39
"26",26,41432.7457510503,2.27460215406631,2.16923186166678,0.163159290448311,0.0305848268177069,14.9564380527061,0.0109627639774115,18.6049789496827,0.446503677905905,0.0491976407825727,"Malawi","Chikwawa","TA Maseya","185",41452.35073,39
"27",27,41431.8198213707,2.31746674137472,2.21013498976377,0.167306630815498,0.0322087954374245,15.791672897314,0.0121185745689082,19.5309086292743,0.471305789886221,0.0527839692198031,"Malawi","Chikwawa","TA Maseya","185",41452.35073,39
"28",28,41430.8764559933,2.36112815129184,2.25179932757979,0.17140639618422,0.0338210786531935,16.6427850990249,0.0133339539846824,20.4742740067187,0.496575507452022,0.0564597494705483,"Malawi","Chikwawa","TA Maseya","185",41452.35073,39
"29",29,41429.9153246602,2.40560709697269,2.29423871010286,0.175472235787832,0.035421558687121,17.5100572719467,0.0146084663494935,21.4354053398467,0.522321539408866,0.0602241237186566,"Malawi","Chikwawa","TA Maseya","185",41452.35073,39
"30",30,41428.2243011963,3.04420267111414,2.44186634662308,0.179919036423413,0.0370126088999638,18.4074864441946,0.0159416964998537,23.126428803755,0.548968381887112,0.0640787604514806,"Malawi","Chikwawa","TA Maseya","185",41452.35073,39
"31",31,41426.3714297796,3.61593529956406,2.73156560109945,0.186257455659108,0.0386185532111208,19.3895896648941,0.0173336459956023,24.9793002204234,0.578166796661573,0.0680479862367476,"Malawi","Chikwawa","TA Maseya","185",41452.35073,39
"32",32,41424.2757227382,4.20845247359937,3.11332533702113,0.195459923481678,0.0402898115608851,20.4986939792342,0.0187857368742155,27.0750072617715,0.611193502781857,0.0721846353802384,"Malawi","Chikwawa","TA Maseya","185",41452.35073,39
"33",33,41421.8776895995,4.86422828799785,3.57230573668317,0.208070211100463,0.0420888719406055,21.7660457931238,0.0203014997029253,29.4730404005488,0.648986681935154,0.0765571901454775,"Malawi","Chikwawa","TA Maseya","185",41452.35073,39
"34",34,41419.1224248463,5.60865011382511,4.10861206474129,0.224502190962542,0.0440841750351105,23.2205697246357,0.0218868845420649,32.2283051537418,0.692412558916477,0.0812441933563422,"Malawi","Chikwawa","TA Maseya","185",41452.35073,39
"35",35,41415.9521959093,6.461475586495,4.72928094713662,0.245164090447419,0.0463485262143565,24.8927144981363,0.023550442331558,35.3985340907612,0.742382283140684,0.0863329683505529,"Malawi","Chikwawa","TA Maseya","185",41452.35073,39
"36",36,41412.3027554624,7.44163427203838,5.44518906098366,0.27051355503083,0.0489593703451276,26.8163747919737,0.0253034872967993,39.0479745376685,0.799910162581219,0.0919201695275317,"Malawi","Chikwawa","TA Maseya","185",41452.35073,39
"37",37,41408.1010600152,8.56936588544135,6.26996994630643,0.301085692690739,0.0519998733793369,29.0300883014939,0.0271602855153102,43.2496699848271,0.866149781233617,0.0981131840891852,"Malawi","Chikwawa","TA Maseya","185",41452.35073,39
"38",38,41403.263421669,9.86733267691587,7.21975331756027,0.337511526815477,0.0555604112074445,31.5780121062727,0.0291382922939117,48.0873083310656,0.942423347929288,0.105032023917337,"Malawi","Chikwawa","TA Maseya","185",41452.35073,39
"39",39,41397.6937111552,11.3613374166346,8.31327242940915,0.380533625929067,0.0597403201111441,34.5108766036916,0.0312584490842494,53.6570188448599,1.03025031077986,0.112811580135912,"Malawi","Chikwawa","TA Maseya","185",41452.35073,39
"40",40,41391.2814183953,13.0809362991597,9.57213943418906,0.43102212832926,0.0646498688639218,37.8870183251015,0.0335455491081787,60.0693116047517,1.13137831493665,0.121604215978054,"Malawi","Chikwawa","TA Maseya","185",41452.35073,39
"41",41,41383.8994878025,15.0600462322114,11.0212267070104,0.48999237575822,0.0704124609820948,41.7735357425304,0.0360286790703409,67.4512421975629,1.247817838892,0.131582718986176,"Malawi","Chikwawa","TA Maseya","185",41452.35073,39
"42",42,41375.4018624049,17.3376031924508,12.6891267127086,0.558624970157135,0.0771670983708901,46.2476038756982,0.0387417457294832,75.948867595115,1.38188158909148,0.14294365868203,"Malawi","Chikwawa","TA Maseya","185",41452.35073,39
"43",43,41365.6206479932,19.9583042434822,14.6086968201141,0.638289071044049,0.0850711846400709,51.3979965799428,0.0417241075971549,85.7300820068204,1.53623011939544,0.155911262393825,"Malawi","Chikwawa","TA Maseya","185",41452.35073,39
"44",44,41354.3629589041,22.9734261892299,16.8176659367658,0.730568517375832,0.0943036033048417,57.3267855515555,0.0450212977309906,96.9877710959629,1.71392274892199,0.170741720630945,"Malawi","Chikwawa","TA Maseya","185",41452.35073,39
"45",45,41341.4072339717,26.4417770778202,19.3593404858056,0.83729254182471,0.105068283635736,64.1513317531142,0.0486858860932668,109.943496028294,1.91847724553316,0.187728217064549,"Malawi","Chikwawa","TA Maseya","185",41452.35073,39
"46",46,41326.4990938541,30.4307468723333,22.2834069384831,0.960570454223683,0.117598201015243,72.0065352079473,0.0527784718912541,124.851636145894,2.15393725194626,0.20720661370076,"Malawi","Chikwawa","TA Maseya","185",41452.35073,39
"47",47,41309.346630861,35.0175041163948,25.6468293510818,1.10283136984593,0.132159908528985,81.047405562698,0.0573688304622807,142.004099139012,2.42494932740369,0.229561929677714,"Malawi","Chikwawa","TA Maseya","185",41452.35073,39
"48",48,41289.6150311314,40.2903445924433,29.5148731098302,1.26686979764562,0.149058722748498,91.4520153974995,0.0625372485210368,161.735698868688,2.73685145885352,0.255235794059621,"Malawi","Chikwawa","TA Maseya","185",41452.35073,39
"49",49,41266.9205309303,46.3501775237016,33.9622611238684,1.45589705519088,0.168644592046173,103.42484272103,0.0683760538706735,184.430199069707,3.09577323125617,0.284734911327769,"Malawi","Chikwawa","TA Maseya","185",41452.35073,39
"50",50,41240.8235755523,53.3121993685649,39.0744592934431,1.67359989573032,0.191318772692512,117.20058573824,0.0749913790362208,210.527154447708,3.50875014964914,0.318640731812121,"Malawi","Chikwawa","TA Maseya","185",41452.35073,39
"51",51,41210.8211265848,61.3077471188837,44.9491083792648,1.9242068415725,0.217541410376502,133.048494478211,0.0825051869293732,240.529603415238,3.98385344435094,0.357620472428469,"Malawi","Chikwawa","TA Maseya","185",41452.35073,39
"52",52,41176.338068173,70.4862975816411,51.6976369757987,2.21256258652303,0.247840151147653,151.277266938398,0.0910575935177273,275.012661827027,4.53033677817115,0.402439671097731,"Malawi","Chikwawa","TA Maseya","185",41452.35073,39
"53",53,41136.7176177524,81.0176600597188,59.447023892858,2.54421175626593,0.282819891647178,172.240587118812,0.100809528348301,314.63311224765,5.15880217671476,0.453976454070574,"Malawi","Chikwawa","TA Maseya","185",41452.35073,39
"54",54,41091.2106854069,93.0943589609991,68.3417028678775,2.92549281546288,0.323173795742677,196.343370375716,0.111945777345555,360.140044593144,5.88138713699862,0.513237718689332,"Malawi","Chikwawa","TA Maseya","185",41452.35073,39
"55",55,41038.9642042447,106.934089647633,78.5456690317304,3.36364175310326,0.369695737582387,224.048751128976,0.124678456353269,412.386525755378,6.71197394144134,0.581377473895565,"Malawi","Chikwawa","TA Maseya","185",41452.35073,39
"56",56,40979.0083990015,122.782264281552,90.2447252901906,3.86690660342545,0.423294292025377,255.885889560801,0.139250970583598,472.342330998578,7.66642347057454,0.659717553097124,"Malawi","Chikwawa","TA Maseya","185",41452.35073,39
"57",57,40910.2429954069,140.914660112671,103.648777945746,4.4446737942615,0.485008384725434,292.458671835361,0.155942520386196,541.107734593151,8.76283574370361,0.74977091424273,"Malawi","Chikwawa","TA Maseya","185",41452.35073,39
"58",58,40831.4225855793,161.639895177843,118.994259584705,5.10760418660695,0.556024773421381,334.455287482408,0.17507321576496,619.92814442075,10.0218366497786,0.853267804647656,"Malawi","Chikwawa","TA Maseya","185",41452.35073,39
"59",59,40741.1413207449,185.301611656343,136.54659275429,5.86777833966769,0.637697487920279,382.658719139569,0.197009877400819,710.209409255189,11.4668918973048,0.972185050076869,"Malawi","Chikwawa","TA Maseya","185",41452.35073,39
"60",60,40637.8172576878,212.280399851901,156.602390051312,6.73885043539893,0.731569027329028,437.958090411215,0.222172535064616,813.53347231222,13.1246465635535,1.1087782851203,"Malawi","Chikwawa","TA Maseya","185",41452.35073,39
"61",61,40519.6765333821,242.994972362944,179.491515443496,7.73620968389935,0.839394042432695,501.361063194179,0.251041890994585,931.674196617945,15.025295873046,1.26561830705228,"Malawi","Chikwawa","TA Maseya","185",41452.35073,39
"62",62,40384.738934968,277.902089658723,205.578692486513,8.87713592345055,0.96316439078719,574.006545081476,0.284167491142254,1066.61179503209,17.2029649982997,1.44563000423938,"Malawi","Chikwawa","TA Maseya","185",41452.35073,39
"63",63,40230.8046148285,317.495300374411,235.264331772116,10.1809562130795,1.10513634085095,657.178213469404,0.322177001716802,1220.54611517158,19.6961130379913,1.65213531018651,"Malawi","Chikwawa","TA Maseya","185",41452.35073,39
"64",64,40055.4439594396,362.301492593649,268.984338917668,11.6691844033811,1.26785927044971,752.318108864189,0.365786511092642,1395.90677056043,22.5479386059894,1.8888993927996,"Malawi","Chikwawa","TA Maseya","185",41452.35073,39
"65",65,39855.9920934458,412.874859945544,307.208528345858,13.3656325608477,1.45420455590572,861.039599523433,0.415811622639289,1595.35863655423,25.8067661058456,2.16017837715745,"Malawi","Chikwawa","TA Maseya","185",41452.35073,39
"66",66,39629.5494322227,469.787239387756,350.437025640682,15.2964864010298,1.6673959622469,985.139970272551,0.473180113072228,1821.80129777734,29.5264199673973,2.47077122733831,"Malawi","Chikwawa","TA Maseya","185",41452.35073,39
"67",67,39372.9912920641,533.614385342693,399.193864786355,17.4903177103458,1.91103838571807,1126.61088629802,0.538945412816558,2078.35943793595,33.7665344202868,2.82607137617938,"Malawi","Chikwawa","TA Maseya","185",41452.35073,39
"68",68,39082.98910298,604.916751322809,454.017596842594,19.978009300976,2.18914417314965,1287.64582432343,0.614301057058153,2368.36162702002,38.5927713365898,3.23211757994769,"Malawi","Chikwawa","TA Maseya","185",41452.35073,39
"69",69,38756.0461557597,684.214230340104,515.447680619456,22.7925682121059,2.50615533521763,1470.64334362513,0.700596108292129,2695.30457424031,44.0769121710162,3.69564231633107,"Malawi","Chikwawa","TA Maseya","185",41452.35073,39
"70",70,38388.5507311945,771.954314266285,584.006107305758,25.968795432519,2.8669588652522,1678.20447179951,0.79935113624121,3062.79999880557,50.2967721653054,4.22411423429214,"Malawi","Chikwawa","TA Maseya","185",41452.35073,39
"71",71,37976.8523771221,868.471445850079,660.173023484624,29.5427557463868,3.27689266086822,1913.12196007773,0.912275058259657,3474.49835287795,57.3358689686374,4.82577266769505,"Malawi","Chikwawa","TA Maseya","185",41452.35073,39
"72",72,37517.3629944126,973.938925516747,744.355929649019,33.5510112839597,3.74173685452177,2178.35885049121,1.04128179194648,3933.98773558741,65.2827690921796,5.50964723902301,"Malawi","Chikwawa","TA Maseya","185",41452.35073,39
"73",73,37006.6793632942,1088.31736747896,836.852646430565,38.0296251064829,4.26768743484434,2477.01553480989,1.18850544513659,4444.67136670588,74.230088103063,6.28555727060274,"Malawi","Chikwawa","TA Maseya","185",41452.35073,39
"74",74,36441.7395105504,1211.29245246587,937.808331491748,43.0127974697383,4.86130621599086,2812.28001657246,1.35631523389319,5009.6112194497,84.2729846182204,7.16408708203739,"Malawi","Chikwawa","TA Maseya","185",41452.35073,39
"75",75,35819.9989065081,1342.21425885613,1047.16723071788,48.5312111999271,5.52944384868587,3187.36235146075,1.54732740855317,5631.35182349192,95.5071788933079,8.15652924954644,"Malawi","Chikwawa","TA Maseya","185",41452.35073,39
"76",76,35139.6329256758,1480.03983977442,1164.61643115952,54.6099933004278,6.27912446463523,3605.40800138944,1.76441423584198,6311.71780432428,108.026337890651,9.27478450040313,"Malawi","Chikwawa","TA Maseya","185",41452.35073,39
"77",77,34399.7437324111,1623.28205901819,1289.5374096177,61.266377772365,7.11739726855269,4069.39304656464,2.01070734748003,7051.60699758893,121.91891611612,10.5312189902962,"Malawi","Chikwawa","TA Maseya","185",41452.35073,39
"78",78,33600.5716894185,1769.97913105392,1420.95355309938,68.5070813167797,8.0511392359966,4581.99854047278,2.28959540274252,7850.77904058161,137.264372141151,11.938463032611,"Malawi","Chikwawa","TA Maseya","185",41452.35073,39
"79",79,32743.6854884669,1917.68748397642,1557.49204262473,76.3255146405449,9.08681646922532,5145.46867032851,2.60471349368009,8707.66524153311,154.128901884747,13.509154466243,"Malawi","Chikwawa","TA Maseya","185",41452.35073,39
"80",80,31832.1346160476,2063.51064056035,1697.35976659423,84.6989858317844,10.2301998011152,5761.45659815043,2.95992301453142,9619.21611395245,172.560807221693,15.2556200813761,"Malawi","Chikwawa","TA Maseya","185",41452.35073,39
"81",81,30870.5450495269,2204.17073523206,1838.34244617076,93.5860326670186,11.486031920649,6430.86115492648,3.35927955621436,10580.8056804732,192.585597226184,17.1894882355553,"Malawi","Chikwawa","TA Maseya","185",41452.35073,39
"82",82,29865.1248143572,2336.11978813901,1977.83953863428,102.924362310614,12.8576828506573,7153.67755417921,3.80698952913634,11586.2259156429,214.201519507169,19.3212706847117,"Malawi","Chikwawa","TA Maseya","185",41452.35073,39
"83",83,28823.5796744012,2455.7047328996,2112.9233729735,112.629476673332,14.346771906932,7928.85934895453,4.30735219097679,12627.7710555989,237.375441444473,21.6598861158123,"Malawi","Chikwawa","TA Maseya","185",41452.35073,39
"84",84,27754.9259695916,2559.35798294733,2240.44332437189,122.594307309343,15.9528014962775,8754.21165561778,4.86468866587101,13696.4247604085,262.039681945792,24.2121734321702,"Malawi","Chikwawa","TA Maseya","185",41452.35073,39
"85",85,26669.200137427,2643.8108982371,2357.16318752976,132.690204645462,17.6728204017337,9626.3302244577,5.48325730131593,14782.1505925731,288.090233768109,26.9824113298222,"Malawi","Chikwawa","TA Maseya","185",41452.35073,39
"86",86,25577.0864299499,2706.31355373842,2459.91603777067,142.769439101338,19.5011393751016,10540.5969717341,6.16715833053459,15874.2643000502,315.386694409757,29.9718720237868,"Malawi","Chikwawa","TA Maseya","185",41452.35073,39
"87",87,24489.4917870517,2744.8195694654,2545.78549827018,152.669081734014,21.4291372804283,11491.2354272234,6.92022897492764,16961.8589429484,343.754004558302,33.1784492942599,"Malawi","Chikwawa","TA Maseya","185",41452.35073,39
"88",88,23417.0958440042,2758.13744486912,2612.27308470019,162.216458216754,23.4451720923987,12471.4367925231,7.74593359428483,18034.2548859959,372.986315340049,36.5963829796981,"Malawi","Chikwawa","TA Maseya","185",41452.35073,39
"89",89,22369.925790435,2746.00724912383,2657.45631332612,171.235570019941,25.5346277389598,13473.5439266574,8.64725269878799,19081.424939565,402.852594010762,40.2161173816592,"Malawi","Chikwawa","TA Maseya","185",41452.35073,39
"90",90,21356.9856056286,2709.11178230661,2680.10307979094,179.554290323587,27.6800984845352,14489.289296449,9.62657701673199,20094.3651243715,433.103845952854,44.0243057939397,"Malawi","Chikwawa","TA Maseya","185",41452.35073,39
"91",91,20385.9672977489,2649.00912001745,2679.74436067059,187.011755522958,29.8617218766441,15510.0708647838,10.6856093796831,21065.3834322512,463.481464329259,48.0039768677278,"Malawi","Chikwawa","TA Maseya","185",41452.35073,39
"92",92,19463.0701752557,2568.00603510789,2656.688866,193.465171459499,32.0576305226929,16527.2375676545,11.8252839997494,21988.2805547443,493.725848907062,52.1348493356268,"Malawi","Chikwawa","TA Maseya","185",41452.35073,39
"93",93,18592.9183147484,2468.97884388597,2611.98741593054,198.795903324866,34.2445252661389,17532.3800253234,13.0457015207562,22858.4324152517,523.585161972298,56.3937949163221,"Malawi","Chikwawa","TA Maseya","185",41452.35073,39
"94",94,17778.5781843189,2355.17745658164,2547.34166103068,202.914098589225,36.3983203094407,18517.5949208908,14.3460882794082,23672.7725456812,552.823268364678,60.7554142702664,"Malawi","Chikwawa","TA Maseya","185",41452.35073,39
"95",95,17021.6603369021,2230.01855644151,2464.98068819546,205.761589019169,38.4948356391555,19475.7099438423,15.7247799603662,24429.6903930979,581.226465560029,65.1927016740178,"Malawi","Chikwawa","TA Maseya","185",41452.35073,39
"96",96,16322.4780552759,2096.90013659525,2367.51466238825,207.312970811998,40.5104791635331,20400.4551948256,17.1792309394658,25128.8726747241,608.608583805947,69.6777430209496,"Malawi","Chikwawa","TA Maseya","185",41452.35073,39
"97",97,15680.2405871423,1959.04616857715,2257.78009529188,207.575002330799,42.4228921284392,21286.5799369317,18.7060475977686,25771.1101428577,634.814426760254,74.1824177984793,"Malawi","Chikwawa","TA Maseya","185",41452.35073,39
"98",98,15093.2668809382,1819.38403205572,2138.68927152777,206.584397666729,44.2115397697405,22129.9135630343,20.3010450076609,26358.0838490619,659.721521094876,78.6790859833168,"Malawi","Chikwawa","TA Maseya","185",41452.35073,39
"99",99,14559.1982954634,1680.46474092644,2013.09394997695,204.404330442543,45.8582037468436,22927.3718848736,21.9593245703303,26892.1524345367,683.240215536717,83.1412122895644,"Malawi","Chikwawa","TA Maseya","185",41452.35073,39
"100",100,14075.1836594335,1544.42953485088,1883.6826113423,201.120095960649,47.347331359962,23676.9121323757,23.6753646770366,27376.1670705666,705.312240776632,87.5438693126185,"Malawi","Chikwawa","TA Maseya","185",41452.35073,39
"101",101,13638.0555910397,1412.99302191501,1752.89727893653,196.834322650882,48.6663007341219,24377.4610902437,25.4431244800755,27813.2951389604,725.908462894845,91.8641788977259,"Malawi","Chikwawa","TA Maseya","185",41452.35073,39
"102",102,13244.4739402674,1287.46229715093,1622.87789470102,191.661976990864,49.8055532054755,25028.8129130074,27.2561546770654,28206.8767897327,745.025734014302,96.0816326182159,"Malawi","Chikwawa","TA Maseya","185",41452.35073,39
"103",103,12891.0423585311,1168.77177688967,1495.4327610716,185.725529192609,50.7586168931774,25631.5119763806,29.1077110413164,28560.3083714689,762.683303876313,100.178308101654,"Malawi","Chikwawa","TA Maseya","185",41452.35073,39
"104",104,12574.4001066518,1057.52508132538,1372.03536130733,179.150461247687,51.5220283949514,26186.7268242263,30.990866846612,28876.9506233482,778.918976226917,104.138981602596,"Malawi","Chikwawa","TA Maseya","185",41452.35073,39
"105",105,12291.2884039753,954.04731090386,1253.83188925963,172.061427604321,52.0951710045154,26696.1279064173,32.8986208350623,29160.0623260247,793.785393477754,107.951149530129,"Malawi","Chikwawa","TA Maseya","185",41452.35073,39
"106",106,12038.5985916709,858.434503261896,1141.66542520037,164.578977420477,52.4800496805142,27161.7691846299,34.8239981359293,29412.7521383291,807.346449747989,111.604974758937,"Malawi","Chikwawa","TA Maseya","185",41452.35073,39
"107",107,11813.4038985798,770.599630290572,1036.11007339994,156.816937400151,52.6810178851215,27585.9790306641,36.7601417803509,29637.9468314202,819.673995336133,115.093168843544,"Malawi","Chikwawa","TA Maseya","185",41452.35073,39
"108",108,11612.976321445,690.318503771638,937.503472730596,148.880579816367,52.7044709374241,27971.266987651,38.7003936479572,29838.374408555,830.845030188982,118.410822804591,"Malawi","Chikwawa","TA Maseya","185",41452.35073,39
"109",109,11434.7950452527,617.266827789966,845.984943166396,140.865315336764,52.5585277355161,28320.241706955,40.6383637637577,30016.5556847474,840.9392412707,121.555206504656,"Malawi","Chikwawa","TA Maseya","185",41452.35073,39
"110",110,11276.5479422879,551.049846748165,761.534999779694,132.855886985596,52.2527118020689,28635.5413546252,42.5679877714005,30174.8027877122,850.036921557297,124.52554727315,"Malawi","Chikwawa","TA Maseya","185",41452.35073,39
"111",111,11136.1256554608,491.231053807691,684.00579521873,124.926165495538,51.7976365227674,28919.7808505737,44.4835729208962,30315.2250745393,858.217402260173,127.322793223685,"Malawi","Chikwawa","TA Maseya","185",41452.35073,39
"112",112,11011.6131981388,437.352742389123,613.151972858461,117.139241876439,51.2047103241283,29175.5090316862,46.379832726924,30439.7375318612,865.557786321501,129.949377275506,"Malawi","Chikwawa","TA Maseya","185",41452.35073,39
"113",113,10901.2800948724,388.949641990467,548.660737181855,109.547745369955,50.485867517102,29405.1747320267,48.2519110416206,30550.0706351277,872.131951604519,132.408988868383,"Malawi","Chikwawa","TA Maseya","185",41452.35073,39
"114",114,10803.5670472365,345.56359464147,490.170913615984,102.194523267734,49.6533205567884,29611.1059336815,50.0953970000565,30647.7836827635,878.00995004002,134.706351597078,"Malawi","Chikwawa","TA Maseya","185",41452.35073,39
"115",115,10717.0730151392,306.752082146359,437.291542218093,95.1133999391443,48.7193455828402,29795.4950140382,51.9063309361979,30734.2777148608,883.257589363017,136.84701879599,"Malawi","Chikwawa","TA Maseya","185",41452.35073,39
"116",116,10640.5432065785,272.092168671366,389.620247183364,88.3299391999353,47.6960989958111,29960.3878659465,53.6812034246356,30810.8075234216,887.936129717776,138.837188488534,"Malawi","Chikwawa","TA Maseya","185",41452.35073,39
"117",117,10572.8551062212,241.18700996296,346.751050124459,81.8624237974839,46.5954581318743,30107.6827338674,55.4169478947022,30878.4956237789,892.102273318436,140.683531521948,"Malawi","Chikwawa","TA Maseya","185",41452.35073,39
"118",118,10513.0070771174,213.666098688805,308.286195395847,75.7226820073221,45.4288959304789,30239.1288529693,57.1109278909231,30938.3436528827,895.808144647066,142.393044605474,"Malawi","Chikwawa","TA Maseya","185",41452.35073,39
"119",119,10460.1062842789,189.187340147919,273.841055284195,69.9169945475221,44.2073781625928,30356.3307573753,58.760920203543,30991.2444457211,899.101440519438,143.972918897249,"Malawi","Chikwawa","TA Maseya","185",41452.35073,39
"120",120,10413.3580674211,167.436646224211,243.049310063836,64.4469066508356,42.941286596129,30460.7534183402,60.3650947037386,31037.992662579,902.02560246629,145.430428933524,"Malawi","Chikwawa","TA Maseya","185",41452.35073,39
"121",121,10372.0561474181,148.127073950951,215.566196791214,59.3099826979094,41.6403637518431,30553.7289733765,61.9219920135745,31079.294582582,904.620034849372,146.772839472141,"Malawi","Chikwawa","TA Maseya","185",41452.35073,39
"122",122,10335.5731176042,130.998102115255,191.069713560252,54.5005356635051,40.3136741746644,30636.4650879737,63.4304989084923,31115.7776123959,906.920370736059,148.007325001685,"Malawi","Chikwawa","TA Maseya","185",41452.35073,39
"123",123,10303.3522622105,115.813839117983,169.261854408695,50.0102463154925,38.9695846577292,30710.0531203287,64.8898229610067,31147.9984677896,908.9587292615,149.140906915045,"Malawi","Chikwawa","TA Maseya","185",41452.35073,39
"124",124,10274.8999554537,102.361605321495,149.868357855213,45.8287277068563,37.6157571094297,30775.4768596208,66.2994669325114,31176.4507745463,910.763988635762,150.180402898327,"Malawi","Chikwawa","TA Maseya","185",41452.35073,39
"125",125,10249.7787501489,90.4501049454048,132.638335374564,41.9440229150244,36.2591532295207,30833.6211608292,67.6592025573864,31201.5719798511,912.362054468051,151.132387097058,"Malawi","Chikwawa","TA Maseya","185",41452.35073,39
"126",126,10227.601185421,79.9077420784321,117.34329435822,38.3430338607554,34.9060487429749,30885.2803805688,68.9690449698551,31223.749544579,913.77612050151,152.003160931418,"Malawi","Chikwawa","TA Maseya","185",41452.35073,39
"127",127,10208.0243636673,70.5809594280038,103.776018627353,35.0118792595281,33.5620544818596,30931.1662261475,70.2292283885616,31243.3263663328,915.0269102187,152.798732894872,"Malawi","Chikwawa","TA Maseya","185",41452.35073,39
"128",128,10190.7448936927,62.3325441320988,91.7492705552352,31.9362128293528,32.2321435968812,30971.9154834049,71.4401817889416,31260.6058363074,916.132913886822,153.524804461749,"Malawi","Chikwawa","TA Maseya","185",41452.35073,39
"129",129,10175.4943951674,55.0400915488376,81.0943445663813,29.1014848777628,30.9206835943165,31008.0972244402,72.6025058051802,31275.8563348327,917.110608796226,154.186762907827,"Malawi","Chikwawa","TA Maseya","185",41452.35073,39
"130",130,10162.0355651002,48.5946004958323,71.6596013328718,26.4931528055427,29.6314710902794,31040.21938795,73.7169512253753,31289.3151648998,917.974659644451,154.78967955323,"Malawi","Chikwawa","TA Maseya","185",41452.35073,39
"131",131,10150.1587177374,42.8991170386508,63.3091276169778,24.0968515387643,28.3677675220101,31068.7347494757,74.784399070534,31301.1920122626,918.738099847504,155.338311651411,"Malawi","Chikwawa","TA Maseya","185",41452.35073,39
"132",132,10139.6784496095,37.8674221351367,55.9212843889886,21.8985408954002,27.1323388180587,31094.0468536248,75.8058405281468,31311.6722803906,919.412511164243,155.837107990133,"Malawi","Chikwawa","TA Maseya","185",41452.35073,39
"133",133,10130.430917512,33.4229614166554,49.3873931225843,19.8846085442131,25.9274926313289,31116.5149969021,76.7823598711826,31320.9198124881,920.008174069059,156.29021712402,"Malawi","Chikwawa","TA Maseya","185",41452.35073,39
"134",134,10122.2714760645,29.4978827490977,43.6105296258311,18.0419438307189,24.7551150497462,31136.4586637475,77.7151189326281,31329.0792539355,920.534201193653,156.701497725766,"Malawi","Chikwawa","TA Maseya","185",41452.35073,39
"135",135,10115.072375198,26.0319942851768,38.5044047467592,16.3580046349016,23.6167078653718,31154.1619015088,78.6053417610534,31336.278354802,920.998668786957,157.074529803142,"Malawi","Chikwawa","TA Maseya","185",41452.35073,39
"136",136,10108.7207999658,22.97195139035,33.9922653954552,14.8208567419053,22.51342445228,31169.8771309292,79.4543011250932,31342.6299300343,921.408730754667,157.412627663893,"Malawi","Chikwawa","TA Maseya","185",41452.35073,39
"137",137,10103.1171274463,20.2705536628202,30.0058459875859,13.419198729334,21.4461039860669,31183.8285938493,80.2633063385792,31348.2336025537,921.770721578035,157.718853464502,"Malawi","Chikwawa","TA Maseya","185",41452.35073,39
"138",138,10098.1734226549,17.8859988516349,26.4845738246305,12.1423719331113,20.4153037928619,31196.2153665844,81.0336923585038,31353.1773073452,922.090245984535,157.996031049486,"Malawi","Chikwawa","TA Maseya","185",41452.35073,39
"139",139,10093.812058262,15.7813034663494,23.3747044941165,10.9803631142192,19.4213300737929,31207.2141606675,81.766809922124,31357.5386717381,922.372262124149,158.246759930432,"Malawi","Chikwawa","TA Maseya","185",41452.35073,39
"140",140,10089.9645101527,13.923776921664,20.6285631541059,9.92379748000644,18.4642665825352,31216.9817988427,82.4640168663453,31361.3862198474,922.621154872062,158.473429225408,"Malawi","Chikwawa","TA Maseya","185",41452.35073,39
"141",141,10086.5703086807,12.2844937893037,18.2039408074702,8.96392373663635,17.5440014439495,31225.6573911151,83.1266704269124,31364.7804213194,922.840800037274,158.678231403003,"Malawi","Chikwawa","TA Maseya","185",41452.35073,39
"142",142,10083.5760808454,10.8379053442283,16.0634317267541,8.09259661567688,16.6602518940188,31233.3643430699,83.7561205041174,31367.7746491547,923.034623524354,158.863175588642,"Malawi","Chikwawa","TA Maseya","185",41452.35073,39
"143",143,10080.934729675,9.56142783295837,14.1739368986931,7.30225332030771,15.8125871690411,31240.2120913069,84.3537037972462,31370.4160003251,923.205652250561,159.030100495115,"Malawi","Chikwawa","TA Maseya","185",41452.35073,39
"144",144,10078.604697524,8.43510522126382,12.5061766295688,6.58588826271758,15.0004494607525,31246.2976741535,84.9207387482836,31372.7460324761,923.356560128407,159.180686793015,"Malawi","Chikwawa","TA Maseya","185",41452.35073,39
"145",145,10076.5493104138,7.44132201121338,11.0342369944223,5.93702631735183,14.2231730300348,31251.7071400081,85.4585212251534,31374.8014195862,923.489709190176,159.316468895361,"Malawi","Chikwawa","TA Maseya","185",41452.35073,39
"146",146,10074.7362144733,6.56450831145459,9.73522421179864,5.34969361755653,13.4800016343156,31256.5167668813,85.9683208702956,31376.6145155267,923.607185049714,159.438846185534,"Malawi","Chikwawa","TA Maseya","185",41452.35073,39
"147",147,10073.1368605068,5.79092340941039,8.58889017394466,4.8183893694541,12.7701042327422,31260.7941842427,86.4513780650781,31378.2138694933,923.710829484427,159.54909356856,"Malawi","Chikwawa","TA Maseya","185",41452.35073,39
"148",148,10071.7260607321,5.1084342692552,7.57734337915436,4.33805659093089,12.0925891686336,31264.5993444183,86.9089014417029,31379.6246692679,923.802268526113,159.648371429233,"Malawi","Chikwawa","TA Maseya","185",41452.35073,39
"149",149,10070.4815949187,4.50632551694275,6.68478280053931,3.90405343607461,11.4465168795179,31267.9853905586,87.3420658897808,31380.8691350814,923.882937494162,159.737734957661,"Malawi","Chikwawa","TA Maseya","185",41452.35073,39
"150",150,10069.383856932,3.97514558480304,5.89724030330041,3.51212564250678,10.8309112238266,31270.9994393072,87.7520110064918,31381.966873068,923.954103522056,159.818142844619,"Malawi","Chikwawa","TA Maseya","185",41452.35073,39
"151",151,10068.4155527924,3.50654565794872,5.20238915078458,3.15837900515396,10.2447695722371,31273.6832538824,88.1398399391353,31382.9351772077,924.016884832427,159.890465407744,"Malawi","Chikwawa","TA Maseya","185",41452.35073,39
"152",152,10067.5614245891,3.09316046433249,4.58933943437869,2.83925369891832,9.6870717063172,31276.0738615305,88.5066185765666,31383.789305411,924.07226840341,159.955492117384,"Malawi","Chikwawa","TA Maseya","185",41452.35073,39
"153",153,10066.8080119055,2.72849073871858,4.04847507572149,2.55149933450393,9.15678765263429,31278.2040902436,88.8533750494308,31384.5427180946,924.121125256671,160.013938582193,"Malawi","Chikwawa","TA Maseya","185",41452.35073,39
"154",154,10066.1434417697,2.40679797687899,3.57131141970594,2.29215122537715,8.65288453515156,31280.1030435735,89.18109949981,31385.2072882304,924.164223936975,160.066453010433,"Malawi","Chikwawa","TA Maseya","185",41452.35073,39
"155",155,10065.5572388805,2.12302237534116,3.15035291941738,2.05850831369793,8.17433251614236,31281.7965309081,89.4907440868915,31385.7934911195,924.202242709102,160.113622160506,"Malawi","Chikwawa","TA Maseya","185",41452.35073,39
"156",156,10065.0401638107,1.87269630828271,2.77898805917931,1.84811192357123,7.72010993832057,31283.3074367645,89.7832231955275,31386.3105661893,924.235779965567,160.155976837186,"Malawi","Chikwawa","TA Maseya","185",41452.35073,39
"157",157,10064.5840658187,1.65187888621254,2.45138009748805,1.65872620518674,7.28920771358904,31284.6560574582,90.0594138207042,31386.7666641814,924.26536370636,160.193996933125,"Malawi","Chikwawa","TA Maseya","185",41452.35073,39
"158",158,10064.1817545407,1.45709405206351,2.16237645793634,1.48831971163456,6.88063305334023,31285.8603960841,90.3201561003078,31387.1689754594,924.291459809249,160.228116063697,"Malawi","Chikwawa","TA Maseya","185",41452.35073,39
"159",159,10063.8268880903,1.28527292535181,1.90743319439723,1.33504813924215,6.49341259905305,31286.9364210772,90.566253974512,31387.5238419098,924.314479247863,160.258725817116,"Malawi","Chikwawa","TA Maseya","185",41452.35073,39
"160",160,10063.5138714403,1.13371000587042,1.68253765141611,1.19723852235536,6.12659500730282,31287.8983014224,90.7984759504898,31387.8368585598,924.3347846519,160.286179637788,"Malawi","Chikwawa","TA Maseya","185",41452.35073,39
"161",161,10063.2377697063,1.00001721074151,1.48415096709295,1.07337433929693,5.77925306430638,31288.7586087594,91.017555952923,31388.1129602937,924.352695907929,160.310796384873,"Malawi","Chikwawa","TA Maseya","185",41452.35073,39
"162",162,10062.9942298137,0.882087882864192,1.30915049768357,0.962081891281257,5.45048536699844,31289.528500303,91.2241942445946,31388.3565001864,924.368495221945,160.33286357636,"Malawi","Chikwawa","TA Maseya","185",41452.35073,39
"163",163,10062.7794116215,0.778064413075282,1.15477985621775,0.862117707600363,5.13941762728141,31290.2178803728,91.4190584016723,31388.5713183786,924.382431572718,160.352640349175,"Malawi","Chikwawa","TA Maseya","185",41452.35073,39
"164",164,10062.5899282699,0.686306843377422,1.01860894822048,0.77235684771947,4.84520364683229,31290.8355411136,91.6027843304639,31388.7608017302,924.394724570232,160.370360160256,"Malawi","Chikwawa","TA Maseya","185",41452.35073,39
"165",165,10062.4227918729,0.60536944300326,0.898492374998746,0.691782288435357,4.56702599149461,31291.3892907143,91.7759773149526,31388.9279381271,924.405567969945,160.386233239473,"Malawi","Chikwawa","TA Maseya","185",41452.35073,39
"166",166,10062.2753670382,0.533976455600673,0.792538011507801,0.619475059772856,4.30409641429573,31291.8860639366,91.9392130840942,31389.0753629618,924.415132681315,160.400448824726,"Malawi","Chikwawa","TA Maseya","185",41452.35073,39
"167",167,10062.1453292151,0.471002312827615,0.699076871384404,0.554605255782402,4.05565605305068,31292.3320214014,92.093038890538,31389.205400785,924.423569464687,160.413177191024,"Malawi","Chikwawa","TA Maseya","185",41452.35073,39
"168",168,10062.0306277416,0.415454718116896,0.616635713074813,0.496423823307764,3.82097543393275,31292.7326379771,92.2379745930164,31389.3201022585,924.431011324521,160.424571491758,"Malawi","Chikwawa","TA Maseya","185",41452.35073,39
"169",169,10061.9294540463,0.36645766354849,0.543915880640418,0.444254982269849,3.5993543119902,31293.0927793792,92.3745137360865,31389.4212759537,924.437575569186,160.434769432428,"Malawi","Chikwawa","TA Maseya","185",41452.35073,39
"170",170,10061.8402126891,0.323238855114653,0.479771126034694,0.397489393567318,3.39012136663094,31293.4167719495,92.5031246200783,31389.5105173109,924.443365687304,160.443894782707,"Malawi","Chikwawa","TA Maseya","185",41452.35073,39
"171",171,10061.7614961606,0.285116915627773,0.423190156933854,0.355577805060737,3.19263377535913,31293.7084638175,92.6242513689736,31389.5892338394,924.448472980771,160.452058763247,"Malawi","Chikwawa","TA Maseya","185",41452.35073,39
"172",172,10061.6920633427,0.251490666318314,0.373281492460097,0.318025462197907,3.00627670064959,31293.9712773887,92.7383149470111,31389.6586666573,924.452977960778,160.459361258565,"Malawi","Chikwawa","TA Maseya","185",41452.35073,39
"173",173,10061.6308194854,0.221830103622299,0.329258437879639,0.284386867724267,2.83046268128946,31294.2082582384,92.845714185828,31389.7199105147,924.456951645743,160.465891952289,"Malawi","Chikwawa","TA Maseya","185",41452.35073,39
"174",174,10061.5767987666,0.19566762246109,0.290426911564273,0.254260966867655,2.66463095408328,31294.4221179865,92.9468267919918,31389.7739312335,924.460456691914,160.471731359471,"Malawi","Chikwawa","TA Maseya","185",41452.35073,39
"175",175,10061.5291494184,0.172590670802089,0.256174919298781,0.227286916213159,2.50824673199789,31294.6152710399,93.0420103034956,31389.8215805817,924.463548357731,160.476951728691,"Malawi","Chikwawa","TA Maseya","185",41452.35073,39
"176",176,10061.4871198712,0.152235342855435,0.225962310791258,0.203140096740993,2.36080041730528,31294.7898689083,93.131603052824,31389.8636101288,924.466275402236,160.481617890312,"Malawi","Chikwawa","TA Maseya","185",41452.35073,39
"177",177,10061.4500473269,0.134280677566223,0.199312746668937,0.181528667593908,2.22180681570243,31294.9478287076,93.2159250580497,31389.9006826731,924.468680826104,160.485787983526,"Malawi","Chikwawa","TA Maseya","185",41452.35073,39
"178",178,10061.4173471649,0.11844354160365,0.175806082092681,0.162190320799942,2.09080430986834,31295.0908596691,93.295278911743,31389.9333828352,924.470802558625,160.489514139116,"Malawi","Chikwawa","TA Maseya","185",41452.35073,39
"179",179,10061.3885037614,0.104474248571879,0.155071710061645,0.144889391296936,1.96735402514233,31295.2204862348,93.3699506288245,31389.9622262387,924.472674053156,160.492843084641,"Malawi","Chikwawa","TA Maseya","185",41452.35073,39
"180",180,10061.3630623188,0.0921525407807075,0.136782756175257,0.129414203945462,1.85103897989485,31295.338068728,93.440210472498,31389.9876676812,924.474324817052,160.495816697089,"Malawi","Chikwawa","TA Maseya","185",41452.35073,39
"181",181,10061.3406214355,0.0812840200251151,0.120650713601086,0.115574613914619,1.74146321447052,31295.4448222345,93.5063137681201,31390.0101085645,924.475780893613,160.498472513628,"Malawi","Chikwawa","TA Maseya","185",41452.35073,39
"182",182,10061.3208272164,0.0716973120098194,0.106421196904921,0.103199986150185,1.63825097980922,31295.5418316821,93.5685016267953,31390.0299027837,924.47706524408,160.500844148762,"Malawi","Chikwawa","TA Maseya","185",41452.35073,39
"183",183,10061.3033675631,0.0632412619123727,0.0938698795832578,0.0921372106303774,1.54104589803229,31295.6300665062,93.6270016806367,31390.0473624369,924.478198118033,160.50296170326,"Malawi","Chikwawa","TA Maseya","185",41452.35073,39
"184",184,10061.2879671294,0.0557825125487564,0.0827988486677565,0.0822489108641898,1.44951012943604,31295.7103936791,93.6820287900795,31390.0627628707,924.47919738065,160.504852132034,"Malawi","Chikwawa","TA Maseya","185",41452.35073,39
"185",185,10061.2743830457,0.0492034551270941,0.073033512562308,0.0734118763746198,1.36332356501121,31295.7835888372,93.7337857081441,31390.0763469544,924.480078790017,160.506539564469,"Malawi","Chikwawa","TA Maseya","185",41452.35073,39
"186",186,10061.2624010916,0.0434003361977998,0.0644198896264351,0.0655156290096007,1.28218303562868,31295.8503462998,93.782463718236,31390.0883289084,924.480856245471,160.508045596473,"Malawi","Chikwawa","TA Maseya","185",41452.35073,39
"187",187,10061.2518323119,0.0382816352378812,0.0568221604896974,0.0584611329752636,1.20580153966217,31295.9112879764,93.8282432434398,31390.0988976881,924.481542007124,160.509389552571,"Malawi","Chikwawa","TA Maseya","185",41452.35073,39
"188",188,10061.242510031,0.033766642619724,0.0501204987763817,0.0521596326934217,1.13390749149846,31295.9669712757,93.8712944277966,31390.1082199691,924.482146889551,160.510588721323,"Malawi","Chikwawa","TA Maseya","185",41452.35073,39
"189",189,10061.234287236,0.0297841543290519,0.044209228545335,0.046531603850878,1.06624399256939,31296.0178960945,93.9117776902954,31390.1164427641,924.482680431563,160.511658566935,"Malawi","Chikwawa","TA Maseya","185",41452.35073,39
"190",190,10061.2270342547,0.0262713593117133,0.0389951434399849,0.0415058101549909,1.00256812548434,31296.0645110545,93.9498442524926,31390.1236957453,924.483151046871,160.512612919192,"Malawi","Chikwawa","TA Maseya","185",41452.35073,39
"191",191,10061.220636698,0.0231728687450317,0.0343960021067081,0.0370184527746315,0.942650269831561,31296.1072190665,93.9856366421352,31390.1300933021,924.483566157576,160.513464144325,"Malawi","Chikwawa","TA Maseya","185",41452.35073,39
"192",192,10061.2149936567,0.0204398107251164,0.0303392645715103,0.0330124014982376,0.886273442659582,31296.1463822518,94.0192891722011,31390.1357363434,924.483932311148,160.514223298814,"Malawi","Chikwawa","TA Maseya","185",41452.35073,39
"193",193,10061.2100161615,0.0180290861527322,0.0267609832835657,0.0294365285012729,0.833232682076956,31296.1823261763,94.0509283823068,31390.1407138386,924.484255280362,160.514900262421,"Malawi","Chikwawa","TA Maseya","185",41452.35073,39
"194",194,10061.2056257268,0.0159026874924366,0.0236047326764516,0.0262450729860883,0.783334425800498,31296.2153438749,94.0806734793744,31390.1451042732,924.484540157762,160.515503864911,"Malawi","Chikwawa","TA Maseya","185",41452.35073,39
"195",195,10061.201753111,0.0140270838694761,0.0208207323647481,0.0233970821983001,0.736395924226272,31296.2456993177,94.1086367487195,31390.1489768891,924.484791436114,160.51604199708,"Malawi","Chikwawa","TA Maseya","185",41452.35073,39
"196",196,10061.1983372424,0.0123726924498,0.0183650840283862,0.0208559178989252,0.692244684659409,31296.2736304396,94.1349239389909,31390.1523927576,924.485013078064,160.516521708539,"Malawi","Chikwawa","TA Maseya","185",41452.35073,39
"197",197,10061.1953242513,0.0109134230628399,0.0161990614875774,0.0185888083568805,0.650717936186309,31296.2993518901,94.1596346295989,31390.1554057488,924.485208578986,160.516949296416,"Malawi","Chikwawa","TA Maseya","185",41452.35073,39
"198",198,10061.1926666201,0.00962626485867944,0.0142885024620232,0.016566445660615,0.611662117662585,31296.3230574702,94.1828625791016,31390.1580633799,924.48538102207,160.517330384841,"Malawi","Chikwawa","TA Maseya","185",41452.35073,39
"199",199,10061.1903224374,0.00849091734882963,0.0126032791356793,0.0147626241997743,0.574932388691398,31296.3449222981,94.2046960551598,31390.1604075626,924.485533126774,160.51766999613,"Malawi","Chikwawa","TA Maseya","185",41452.35073,39
"200",200,10061.1882547345,0.00748947492102954,0.0111168161218154,0.0131539165362555,0.540392163041855,31296.3651047481,94.2252181468959,31390.1624752656,924.485667291832,160.517972614534,"Malawi","Chikwawa","TA Maseya","185",41452.35073,39
"201",201,10061.1864309125,0.00660615086360903,0.00980567692623068,0.0117193878175257,0.507912672393337,31296.3837481447,94.2445070548525,31390.1642990875,924.485785632441,160.518242242276,"Malawi","Chikwawa","TA Maseya","185",41452.35073,39
"202",202,10061.1848222038,0.00582701164458043,0.00864918127496834,0.0104403216513785,0.477372522895537,31296.4009823751,94.2626363837846,31390.1659077963,924.485890015221,160.518482453225,"Malawi","Chikwawa","TA Maseya","185",41452.35073,39
"203",203,10061.1834032251,0.00513976290725901,0.00762908220626491,0.00929998999503046,0.448657296413769,31296.4169252394,94.2796754040162,31390.1673267749,924.485982087177,160.518696437877,"Malawi","Chikwawa","TA Maseya","185",41452.35073,39
"204",204,10061.1821516013,0.00453356907705753,0.00672929315401597,0.00828345517562721,0.421659184074762,31296.4316836072,94.295689290025,31390.1685783987,924.48606330014,160.518887041974,"Malawi","Chikwawa","TA Maseya","185",41452.35073,39
"205",205,10061.1810475969,0.0039988710830724,0.0059356269451992,0.00737737418171275,0.396276613122724,31296.4453545552,94.3107393626796,31390.1696824031,924.486134934675,160.519056804636,"Malawi","Chikwawa","TA Maseya","185",41452.35073,39
"206",206,10061.1800738011,0.0035272357949908,0.00523556794691621,0.00656982879059377,0.37241389783815,31296.4580263543,94.3248833143047,31390.1706561989,924.486198120484,160.519207991399,"Malawi","Chikwawa","TA Maseya","185",41452.35073,39
"207",207,10061.179214856,0.00311122620675538,0.00461807422165566,0.0058501759543204,0.34998091169836,31296.4697793371,94.338175418883,31390.171515144,924.486253854083,160.519342623264,"Malawi","Chikwawa","TA Maseya","185",41452.35073,39
"208",208,10061.1784572135,0.00274428040236448,0.00407340626363737,0.00520891177213376,0.328892774905282,31296.4806866816,94.3506667316211,31390.1722727865,924.486303014556,160.519462503048,"Malawi","Chikwawa","TA Maseya","185",41452.35073,39
"209",209,10061.1777889282,0.00242061207404382,0.00359297746619702,0.00463755430368843,0.309069567065106,31296.4908150894,94.3624052715365,31390.1729410718,924.486346376991,160.519569238069,"Malawi","Chikwawa","TA Maseya","185",41452.35073,39
"210",210,10061.1771994625,0.00213511812701609,0.00316921185928864,0.00412853214680075,0.290436040865129,31296.5002254318,94.373436202788,31390.1735305375,924.486384625131,160.519664261682,"Malawi","Chikwawa","TA Maseya","185",41452.35073,39
"211",211,10061.17667952,0.00188329636437927,0.00279542598305257,0.0036750869338005,0.272921355582463,31296.5089733125,94.383802002713,31390.17405048,924.486418362185,160.519748852093,"Malawi","Chikwawa","TA Maseya","185",41452.35073,39
"212",212,10061.176220901,0.0016611750387276,0.00246572561853063,0.00327118764759166,0.256458828065547,31296.5171095645,94.3935426182184,31390.174509099,924.486448120194,160.519824148858,"Malawi","Chikwawa","TA Maseya","185",41452.35073,39
"213",213,10061.1758163729,0.00146525126069834,0.00217491112802707,0.00291145304684865,0.240985695437544,31296.524680702,94.4026956143402,31390.1749136271,924.486474368457,160.519891167819,"Malawi","Chikwawa","TA Maseya","185",41452.35073,39
"214",214,10061.1754595559,0.00129243541034455,0.00191839591661965,0.00259108224087319,0.226442890494644,31296.5317293257,94.4112963143887,31390.1752704441,924.486497520929,160.519950814438,"Malawi","Chikwawa","TA Maseya","185",41452.35073,39
"215",215,10061.175144823,0.00114000192665827,0.00169213485497505,0.00230579261734107,0.212774829337897,31296.5382944863,94.4193779320446,31390.1755851771,924.486517942733,160.520003895712,"Malawi","Chikwawa","TA Maseya","185",41452.35073,39
"216",216,10061.1748672105,0.00100554681664614,0.00149255975121585,0.00205176436348973,0.199929210641941,31296.5444120121,94.4269716958524,31390.1758627895,924.48653595593,160.520051130802,"Malawi","Chikwawa","TA Maseya","185",41452.35073,39
"217",217,10061.1746223419,0.00088695046500248,0.00131652402714409,0.00182559175651962,0.187856829588221,31296.550114798,94.4341069643029,31390.1761076581,924.486551844509,160.520093160359,"Malawi","Chikwawa","TA Maseya","185",41452.35073,39
"218",218,10061.1744063547,0.000782342127294265,0.00116125108411589,0.00162423657822753,0.176511390233393,31296.5554330838,94.4408113415914,31390.1763236454,924.486565859087,160.520130555432,"Malawi","Chikwawa","TA Maseya","185",41452.35073,39
"219",219,10061.1742158408,0.000690071173059987,0.00102429098169439,0.00144498914757935,0.165849338274376,31296.5603946892,94.4471107804999,31390.1765141592,924.486578220795,160.520163824902,"Malawi","Chikwawa","TA Maseya","185",41452.35073,39
"220",220,10061.1740477963,0.000608682761165425,0.000903483948563046,0.00128543491926177,0.155829708595814,31296.5650252177,94.4530296759417,31390.1766822038,924.486589124557,160.520193421856,"Malawi","Chikwawa","TA Maseya","185",41452.35073,39
"221",221,10061.1738995713,0.00053689348009698,0.000796925169575509,0.00114342150817711,0.146413970579051,31296.5693482583,94.4585909597735,31390.1768304288,924.486598742305,160.520219749871,"Malawi","Chikwawa","TA Maseya","185",41452.35073,39
"222",222,10061.1737688282,0.000473571115807111,0.000702934220328573,0.00101703018709866,0.137565884589569,31296.5733855632,94.4638161885178,31390.1769611718,924.486607225716,160.520243168435,"Malawi","Chikwawa","TA Maseya","185",41452.35073,39
"223",223,10061.1736535053,0.000417717172718591,0.000620028685999381,0.000904550921339358,0.129251368497935,31296.5771572047,94.4687256247761,31390.1770764947,924.486614708576,160.520263997694,"Malawi","Chikwawa","TA Maseya","185",41452.35073,39
"224",224,10061.1735517838,0.00036845076562843,0.000546901193530921,0.000804459784498791,0.121438371137161,31296.5806817191,94.4733383142862,31390.1771782162,924.486621308893,160.52028252274,"Malawi","Chikwawa","TA Maseya","185",41452.35073,39
"225",225,10061.1734620595,0.000324994885709775,0.000482398586910609,0.000715398848588112,0.114096752956184,31296.5839762368,94.4776721584632,31390.1772679405,924.486627130753,160.520298997426,"Malawi","Chikwawa","TA Maseya","185",41452.35073,39
"226",226,10061.1733829175,0.000286664326780801,0.000425503484325011,0.000636158228418978,0.107198173501011,31296.5870566003,94.4817439826771,31390.1773470825,924.486632265972,160.520313647768,"Malawi","Chikwawa","TA Maseya","185",41452.35073,39
"227",227,10061.1733131097,0.000252854565126129,0.000375318689494291,0.000565660033274962,0.100715985352986,31296.5899374712,94.4855696005098,31390.1774168903,924.486636795533,160.520326674984,"Malawi","Chikwawa","TA Maseya","185",41452.35073,39
"228",228,10061.1732515352,0.000223032341180701,0.000331052873985242,0.000502944059465205,0.0946251341710008,31296.5926324272,94.489163874224,31390.1774784648,924.486640790867,160.520338258199,"Malawi","Chikwawa","TA Maseya","185",41452.35073,39
"229",229,10061.1731972228,0.000196727427285194,0.000292007785030757,0.000447154998047432,0.0889020642283116,31296.595154051,94.4925407718251,31390.1775327772,924.486644314986,160.520348556863,"Malawi","Chikwawa","TA Maseya","185",41452.35073,39
"230",230,10061.173149316,0.000173524906114319,0.000257567567334509,0.000397530972208064,0.0835246293556925,31296.5975140105,94.4957134207883,31390.177580684,924.486647423477,160.520357712913,"Malawi","Chikwawa","TA Maseya","185",41452.35073,39
"231",231,10061.1731070593,0.000153058871467029,0.00022718931869147,0.000353393690674809,0.0784720116644195,31296.5997231302,94.4986941570243,31390.1776229407,924.486650165348,160.520365852632,"Malawi","Chikwawa","TA Maseya","185",41452.35073,39
"232",232,10061.1730697865,0.000135006656978725,0.000200393981817785,0.000314139111211848,0.0737246409517145,31296.6017914595,94.5014945733847,31390.1776602135,924.486652583835,160.520373088408,"Malawi","Chikwawa","TA Maseya","185",41452.35073,39
"233",233,10061.1730369098,0.000119083574792429,0.000176758896395073,0.000279229265491149,0.0692641194711615,31296.6037283342,94.5041255648788,31390.1776930902,924.486654717082,160.520379520273,"Malawi","Chikwawa","TA Maseya","185",41452.35073,39
"234",234,10061.1730079117,0.000105039017996117,0.000155912186322305,0.00024818618134631,0.0650731738858773,31296.6055424195,94.5065973576456,31390.1777220884,924.486656598658,160.520385237046,"Malawi","Chikwawa","TA Maseya","185",41452.35073,39
"235",235,10061.1729823346,9.26513576037416e-05,0.000137524883634887,0.000220583255954531,0.0611355471524445,31296.6072417852,94.5089195735877,31390.1777476654,924.486658258254,160.520390317955,"Malawi","Chikwawa","TA Maseya","185",41452.35073,39
"236",236,10061.1729597741,8.17246856101913e-05,0.000121306135324425,0.000196039944001558,0.0574359429134375,31296.6088339486,94.5111012637106,31390.177770226,924.486659722121,160.520394833632,"Malawi","Chikwawa","TA Maseya","185",41452.35073,39
"237",237,10061.1729398742,7.20866337336892e-05,0.00010700010718066,0.000174218297370048,0.0539599977165974,31296.6103258983,94.5131509248689,31390.1777901259,924.48666101335,160.520398846766,"Malawi","Chikwawa","TA Maseya","185",41452.35073,39
"238",238,10061.1729223195,6.3584443942206e-05,9.43800819358925e-05,0.000154816205263816,0.0506941796061142,31296.61172416,94.51507656024,31390.1778076805,924.486662152404,160.520402413366,"Malawi","Chikwawa","TA Maseya","185",41452.35073,39
"239",239,10061.1729068349,5.60848520356816e-05,8.32482401098485e-05,0.000137567473963355,0.0476258331787826,31296.6130347786,94.5168856527806,31390.1778231651,924.486663157138,160.520405582751,"Malawi","Chikwawa","TA Maseya","185",41452.35073,39
"240",240,10061.1728931772,4.94700362786981e-05,7.34296895736086e-05,0.000122234726839912,0.0447430553831315,31296.6142633939,94.5185852391609,31390.1778368229,924.486664043338,160.520408398878,"Malawi","Chikwawa","TA Maseya","185",41452.35073,39
"241",241,10061.1728811303,4.36354046960767e-05,6.47691912934438e-05,0.000108605545271169,0.042034633791772,31296.6154152793,94.5201819465466,31390.1778488698,924.486664825014,160.520410901064,"Malawi","Chikwawa","TA Maseya","185",41452.35073,39
"242",242,10061.1728705042,3.84889173578735e-05,5.71301253229769e-05,9.64912787147289e-05,0.0394900368101541,31296.6164953503,94.521681998497,31390.1778594958,924.486665514499,160.520413124204,"Malawi","Chikwawa","TA Maseya","185",41452.35073,39
"243",243,10061.1728611315,3.39494521875613e-05,5.03920748053076e-05,8.57241916511338e-05,0.0370993697439582,31296.617508192,94.5230912411549,31390.1778688686,924.48666612266,160.52041509931,"Malawi","Chikwawa","TA Maseya","185",41452.35073,39
"244",244,10061.1728528642,2.99454006275107e-05,4.44487545237899e-05,7.61549687274378e-05,0.0348533329347423,31296.6184580856,94.5244151681786,31390.1778771358,924.48666665909,160.520416853975,"Malawi","Chikwawa","TA Maseya","185",41452.35073,39
"245",245,10061.172845572,2.64135825353046e-05,3.92063847886114e-05,6.76507431545851e-05,0.0327431865839857,31296.6193490291,94.5256589416769,31390.177884428,924.486667132254,160.520418412737,"Malawi","Chikwawa","TA Maseya","185",41452.35073,39
"246",246,10061.1728391398,2.3298309749516e-05,3.45823009769788e-05,6.00933892965619e-05,0.030760718694086,31296.6201847563,94.5268274112789,31390.1778908602,924.486667549613,160.520419797402,"Malawi","Chikwawa","TA Maseya","185",41452.35073,39
"247",247,10061.1728334663,2.05504590054557e-05,3.05035926003405e-05,5.33778367909897e-05,0.0288982125683395,31296.6209687559,94.5279251334611,31390.1778965338,924.486667917748,160.520421027356,"Malawi","Chikwawa","TA Maseya","185",41452.35073,39
"248",248,10061.1728284619,1.81266945489699e-05,2.69059362635572e-05,4.74106206148472e-05,0.0271484167966679,31296.6217042888,94.5289563893849,31390.1779015382,924.486668242464,160.520422119837,"Malawi","Chikwawa","TA Maseya","185",41452.35073,39
"249",249,10061.1728240477,1.5988794961979e-05,2.37325936355859e-05,4.21086169071694e-05,0.0255045174499258,31296.6223944035,94.5299252014119,31390.1779059523,924.486668528883,160.520423090165,"Malawi","Chikwawa","TA Maseya","185",41452.35073,39
"250",250,10061.1728201541,1.41030435096516e-05,2.09335220197393e-05,3.7397901558818e-05,0.0239601117829959,31296.623041951,94.5308353487179,31390.1779098459,924.48666878152,160.520423951962,"Malawi","Chikwawa","TA Maseya","185",41452.35073,39
"251",251,10061.1728167198,1.2439700698609e-05,1.84645798336817e-05,3.32127366055606e-05,0.0225091835065474,31296.6236495978,94.5316903819682,31390.1779132802,924.486669004361,160.520424717333,"Malawi","Chikwawa","TA Maseya","185",41452.35073,39
"252",252,10061.1728136905,1.0972536928326e-05,1.62868284380684e-05,2.94946675538777e-05,0.0211460795359825,31296.6242198389,94.5324936371113,31390.1779163095,924.48666920092,160.520425397037,"Malawi","Chikwawa","TA Maseya","185",41452.35073,39
"253",253,10061.1728110185,9.67841339289233e-06,1.43659257169593e-05,2.61917192472391e-05,0.0198654881300538,31296.6247550091,94.533248248343,31390.1779189815,924.486669374296,160.520426000638,"Malawi","Chikwawa","TA Maseya","185",41452.35073,39
"254",254,10061.1728086616,8.53692064832164e-06,1.26715794723981e-05,2.32576805646378e-05,0.0186624183385551,31296.6252572936,94.5339571602891,31390.1779213384,924.486669527224,160.520426536634,"Malawi","Chikwawa","TA Maseya","185",41452.35073,39
"255",255,10061.1728065828,7.53005879695609e-06,1.1177066651587e-05,2.06514676719479e-05,0.0175321806809452,31296.6257287386,94.5346231394557,31390.1779234173,924.486669662115,160.520427012577,"Malawi","Chikwawa","TA Maseya","185",41452.35073,39
"256",256,10061.1728047491,6.64194832890804e-06,9.85881976494946e-06,1.8336557091807e-05,0.0164703689829642,31296.6261712597,94.5352487849887,31390.177925251,924.486669781097,160.520427435179,"Malawi","Chikwawa","TA Maseya","185",41452.35073,39
"257",257,10061.1728031316,5.8585825886054e-06,8.69605093556832e-06,1.62804814273513e-05,0.0154728433024575,31296.6265866513,94.5358365387855,31390.1779268684,924.486669886046,160.520427810402,"Malawi","Chikwawa","TA Maseya","185",41452.35073,39
"258",258,10061.172801705,5.16760942633653e-06,7.6704202934135e-06,1.44543806220171e-05,0.0145357138796609,31296.6269765938,94.536388694997,31390.1779282951,924.486669978617,160.520428143545,"Malawi","Chikwawa","TA Maseya","185",41452.35073,39
"259",259,10061.1728004465,4.55813118695683e-06,6.76575448935683e-06,1.28326024317061e-05,0.0136553260509907,31296.627342662,94.5369074089566,31390.1779295535,924.48667006027,160.520428439315,"Malawi","Chikwawa","TA Maseya","185",41452.35073,39
"260",260,10061.1727993366,4.02053518418884e-06,5.96778817245775e-06,1.13923471762101e-05,0.0128282460689274,31296.6276863312,94.5373947055713,31390.1779306635,924.486670132293,160.520428701895,"Malawi","Chikwawa","TA Maseya","185",41452.35073,39
"261",261,10061.1727983575,3.54634508653478e-06,5.26393459589022e-06,1.01133517139063e-05,0.0120512477739767,31296.628008984,94.5378524872054,31390.1779316425,924.486670195821,160.520428935,"Malawi","Chikwawa","TA Maseya","185",41452.35073,39
"262",262,10061.1727974939,3.12808216882423e-06,4.64309465151145e-06,8.9776080535383e-06,0.0113213000678717,31296.6283119163,94.5382825410903,31390.1779325061,924.486670251856,160.52042914193,"Malawi","Chikwawa","TA Maseya","185",41452.35073,39
"263",263,10061.1727967321,2.75914914023235e-06,4.09547920631507e-06,7.96911324807266e-06,0.0106355551401479,31296.6285963428,94.538686546285,31390.1779332679,924.486670301283,160.520429325619,"Malawi","Chikwawa","TA Maseya","185",41452.35073,39
"264",264,10061.1727960602,2.43372946947374e-06,3.61244972761921e-06,7.07364698557146e-06,0.00999133740306786,31296.6288634024,94.5390660802184,31390.1779339398,924.48667034488,160.520429488671,"Malawi","Chikwawa","TA Maseya","185",41452.35073,39
"265",265,10061.1727954676,2.14669078088926e-06,3.18638928731312e-06,6.27857351779587e-06,0.00938613309253862,31296.6291141629,94.5394226248353,31390.1779345324,924.486670383335,160.520429633398,"Malawi","Chikwawa","TA Maseya","185",41452.35073,39
"266",266,10061.1727949448,1.89350511989034e-06,2.81058065241187e-06,5.57266567927536e-06,0.00881758049514506,31296.6293496256,94.5397575723718,31390.1779350552,924.486670417255,160.520429761856,"Malawi","Chikwawa","TA Maseya","185",41452.35073,39
"267",267,10061.1727944837,1.67018124116873e-06,2.47909486684904e-06,4.94594846898777e-06,0.00828346076380108,31296.6295707296,94.5400722307819,31390.1779355163,924.486670447174,160.520429875869,"Malawi","Chikwawa","TA Maseya","185",41452.35073,39
"268",268,10061.172794077,1.47319704275014e-06,2.18670461161883e-06,4.38955969854854e-06,0.00778168928675684,31296.6297783555,94.5403678288358,31390.177935923,924.486670473564,160.520429977058,"Malawi","Chikwawa","TA Maseya","185",41452.35073,39
"269",269,10061.1727937183,1.29944466644505e-06,1.9288008107347e-06,3.89562623292813e-06,0.00731030757676347,31296.6299733295,94.5406455209109,31390.1779362818,924.486670496842,160.520430066862,"Malawi","Chikwawa","TA Maseya","185",41452.35073,39
"270",270,10061.1727934018,1.14618545174453e-06,1.70131405808937e-06,3.4571540588649e-06,0.00686747564918892,31296.6301564265,94.540906391493,31390.1779365982,924.486670517374,160.52043014656,"Malawi","Chikwawa","TA Maseya","185",41452.35073,39
"271",271,10061.1727931227,1.01100242495513e-06,1.50065685588048e-06,3.06793029171148e-06,0.0064514648597467,31296.6303283735,94.5411514594048,31390.1779368773,924.486670535485,160.520430217286,"Malawi","Chikwawa","TA Maseya","185",41452.35073,39
"272",272,10061.1727928765,8.91762280905138e-07,1.32366689294866e-06,2.72243618187885e-06,0.00606065117421844,31296.6304898527,94.5413816817803,31390.1779371235,924.48667055146,160.520430280049,"Malawi","Chikwawa","TA Maseya","185",41452.35073,39
"273",273,10061.1727926594,7.86585916320797e-07,1.16755097517079e-06,2.41576990972232e-06,0.00569350884421277,31296.6306415042,94.5415979577971,31390.1779373407,924.486670565551,160.520430335743,"Malawi","Chikwawa","TA Maseya","185",41452.35073,39
"274",274,10061.1727924678,6.93814819073964e-07,1.02984687862084e-06,2.14357770652043e-06,0.00534860446456588,31296.6307839284,94.5418011321848,31390.1779375322,924.48667057798,160.520430385162,"Malawi","Chikwawa","TA Maseya","185",41452.35073,39
"275",275,10061.1727922989,6.11984483065574e-07,9.0838515756149e-07,1.90199272833307e-06,0.00502459138941835,31296.630917689,94.5419919985201,31390.1779377012,924.486670588942,160.520430429012,"Malawi","Chikwawa","TA Maseya","185",41452.35073,39
"276",276,10061.1727921498,5.39805638964179e-07,8.01248509710661e-07,1.6875808760543e-06,0.00472020448538681,31296.6310433148,94.5421713023228,31390.1779378502,924.486670598612,160.52043046792,"Malawi","Chikwawa","TA Maseya","185",41452.35073,39
"277",277,10061.1727920184,4.76140327216829e-07,7.06746875637697e-07,1.49729240053591e-06,0.00443425520155673,31296.6311613024,94.5423397439653,31390.1779379817,924.486670607142,160.520430502441,"Malawi","Chikwawa","TA Maseya","185",41452.35073,39
"278",278,10061.1727919024,4.19983019113502e-07,6.23392170796149e-07,1.32841896456953e-06,0.00416562693720868,31296.6312721175,94.542497981405,31390.1779380976,924.486670614665,160.520430533069,"Malawi","Chikwawa","TA Maseya","185",41452.35073,39
"279",279,10061.1727918002,3.70449175989943e-07,5.49868262118824e-07,1.17855565286191e-06,0.00391327068934251,31296.6313761976,94.5426466327526,31390.1779381999,924.486670621301,160.520430560243,"Malawi","Chikwawa","TA Maseya","185",41452.35073,39
"280",280,10061.1727917099,3.26758117958587e-07,4.85014935032588e-07,1.04556698283968e-06,0.00367620096315723,31296.6314739532,94.5427862786838,31390.1779382901,924.486670627155,160.52043058435,"Malawi","Chikwawa","TA Maseya","185",41452.35073,39
"281",281,10061.1727916304,2.88219306598163e-07,4.27811683085117e-07,9.27556747322592e-07,0.00345349192962836,31296.6315657695,94.5429174647062,31390.1779383697,924.486670632318,160.520430605737,"Malawi","Chikwawa","TA Maseya","185",41452.35073,39
"282",282,10061.1727915602,2.54225903034119e-07,3.7735501181543e-07,8.22841401425668e-07,0.00324427381528186,31296.6316520084,94.5430407032882,31390.1779384398,924.486670636872,160.52043062471,"Malawi","Chikwawa","TA Maseya","185",41452.35073,39
"283",283,10061.1727914983,2.24242453825679e-07,3.32848263457771e-07,7.29926200375674e-07,0.00304772951017823,31296.6317330094,94.5431564758598,31390.1779385017,924.486670640889,160.52043064154,"Malawi","Chikwawa","TA Maseya","185",41452.35073,39
"284",284,10061.1727914437,1.9779460330065e-07,2.93591789595513e-07,6.47484017676186e-07,0.00286309138093614,31296.6318090915,94.5432652346916,31390.1779385564,924.486670644432,160.52043065647,"Malawi","Chikwawa","TA Maseya","185",41452.35073,39
"285",285,10061.1727913955,1.74466035202048e-07,2.58965353218307e-07,5.74336721809604e-07,0.00268963827641894,31296.6318805539,94.5433674046608,31390.1779386045,924.486670647558,160.520430669713,"Malawi","Chikwawa","TA Maseya","185",41452.35073,39
"286",286,10061.172791353,1.53889619255038e-07,2.28421743517471e-07,5.09438431032257e-07,0.00252669271447301,31296.6319476777,94.5434633849097,31390.177938647,924.486670650315,160.52043068146,"Malawi","Chikwawa","TA Maseya","185",41452.35073,39
"287",287,10061.1727913155,1.35739379697734e-07,2.01481473625205e-07,4.51860631040607e-07,0.00237361823878259,31296.6320107268,94.5435535504042,31390.1779386845,924.486670652746,160.52043069188,"Malawi","Chikwawa","TA Maseya","185",41452.35073,39
"288",288,10061.1727912825,1.19729696567992e-07,1.77718773966867e-07,4.00779159051026e-07,0.00222981693556323,31296.632069949,94.5436382533978,31390.1779387175,924.486670654891,160.520430701122,"Malawi","Chikwawa","TA Maseya","185",41452.35073,39
"289",289,10061.1727912533,1.05608981394093e-07,1.56757579202125e-07,3.5546245916698e-07,0.00209472710045739,31296.632125577,94.5437178248072,31390.1779387467,924.486670656783,160.520430709319,"Malawi","Chikwawa","TA Maseya","185",41452.35073,39
"290",290,10061.1727912276,9.31531124378219e-08,1.38269452539794e-07,3.15261118873094e-07,0.00196782104655506,31296.6321778292,94.5437925755041,31390.1779387724,924.486670658451,160.520430716589,"Malawi","Chikwawa","TA Maseya","185",41452.35073,39
"291",291,10061.1727912049,8.21661102684194e-08,1.21962157103804e-07,2.79598785575582e-07,0.00184860304500588,31296.6322269109,94.5438627975296,31390.1779387951,924.486670659923,160.520430723036,"Malawi","Chikwawa","TA Maseya","185",41452.35073,39
"292",292,10061.1727911849,7.2475700713949e-08,1.07577045748682e-07,2.47963935193492e-07,0.00173660739022684,31296.6322730145,94.5439287652344,31390.1779388151,924.486670661222,160.520430728755,"Malawi","Chikwawa","TA Maseya","185",41452.35073,39
"293",293,10061.1727911673,6.39276912771466e-08,9.48892967018579e-08,2.19902506613133e-07,0.00163139658217274,31296.6323163212,94.5439907363503,31390.1779388328,924.486670662367,160.520430733826,"Malawi","Chikwawa","TA Maseya","185",41452.35073,39
"294",294,10061.1727911517,5.63875694735046e-08,8.36983862127318e-08,1.95011573704567e-07,0.00153255961858503,31296.6323570007,94.5440489529965,31390.1779388483,924.486670663377,160.520430738323,"Malawi","Chikwawa","TA Maseya","185",41452.35073,39
"295",295,10061.172791138,4.97375081749234e-08,7.38262225688165e-08,1.72933582328738e-07,0.00143971039058561,31296.6323952126,94.5441036426257,31390.1779388621,924.486670664268,160.520430742311,"Malawi","Chikwawa","TA Maseya","185",41452.35073,39
"296",296,10061.1727911259,4.38713390983937e-08,6.51190401663861e-08,1.53351155488569e-07,0.00135248617530347,31296.6324311068,94.5441550189118,31390.1779388742,924.486670665054,160.520430745848,"Malawi","Chikwawa","TA Maseya","185",41452.35073,39
"297",297,10061.1727911152,3.86966445628191e-08,5.74393748837237e-08,1.35982683584591e-07,0.0012705462156184,31296.632464824,94.5442032825876,31390.1779388849,924.486670665747,160.520430748984,"Malawi","Chikwawa","TA Maseya","185",41452.35073,39
"298",298,10061.1727911058,3.41330153468637e-08,5.06642951093284e-08,1.20578279065815e-07,0.00119357038476819,31296.6324964963,94.5442486222312,31390.1779388943,924.486670666359,160.520430751765,"Malawi","Chikwawa","TA Maseya","185",41452.35073,39
"299",299,10061.1727910974,3.01074898156424e-08,4.46884745866383e-08,1.06916217094947e-07,0.00112125797116148,31296.632526248,94.5442912149825,31390.1779389026,924.486670666898,160.52043075423,"Malawi","Chikwawa","TA Maseya","185",41452.35073,39
"300",300,10061.1727910901,2.65562298265569e-08,3.94182281681793e-08,9.4799765062065e-08,0.0010533264758493,31296.6325541955,94.5443312272514,31390.1779389099,924.486670667374,160.520430756417,"Malawi","Chikwawa","TA Maseya","185",41452.35073,39
"301",301,10061.1727910836,2.34241189315593e-08,3.47691070122975e-08,8.40543641165797e-08,0.00098951049323717,31296.6325804483,94.544368815378,31390.1779389164,924.486670667793,160.520430758356,"Malawi","Chikwawa","TA Maseya","185",41452.35073,39
"302",302,10061.1727910779,2.06616578954037e-08,3.06682646185538e-08,7.45254385265253e-08,0.000929560991366569,31296.6326051092,94.5444041260561,31390.1779389221,924.486670668163,160.520430760074,"Malawi","Chikwawa","TA Maseya","185",41452.35073,39
"303",303,10061.1727910729,1.82248503912429e-08,2.70515873000794e-08,6.6075478682479e-08,0.000873243721208706,31296.6326282748,94.5444372972707,31390.1779389271,924.48667066849,160.520430761598,"Malawi","Chikwawa","TA Maseya","185",41452.35073,39
"304",304,10061.1727910685,1.60754663465358e-08,2.38614095190316e-08,5.85822477780732e-08,0.000820338393558771,31296.6326500359,94.544468458783,31390.1779389316,924.486670668778,160.520430762949,"Malawi","Chikwawa","TA Maseya","185",41452.35073,39
"305",305,10061.1727910646,1.41796776547807e-08,2.10472930439653e-08,5.19375594009133e-08,0.000770638263262675,31296.6326704777,94.5444977323754,31390.1779389355,924.486670669032,160.520430764147,"Malawi","Chikwawa","TA Maseya","185",41452.35073,39
"306",306,10061.1727910611,1.25072861542201e-08,1.85648646689871e-08,4.60449979574518e-08,0.000723948644846914,31296.6326896805,94.544525232726,31390.1779389389,924.486670669256,160.520430765209,"Malawi","Chikwawa","TA Maseya","185",41452.35073,39
"307",307,10061.1727910581,1.10320730004548e-08,1.63752205310025e-08,4.0819916763229e-08,0.000680087555436322,31296.6327077192,94.54455106703,31390.177938942,924.486670669453,160.520430766151,"Malawi","Chikwawa","TA Maseya","185",41452.35073,39
"308",308,10061.1727910554,9.73091840236531e-09,1.44438754172294e-08,3.61870673166981e-08,0.000638883903512627,31296.6327246644,94.5445753360665,31390.1779389447,924.486670669628,160.520430766985,"Malawi","Chikwawa","TA Maseya","185",41452.35073,39
"309",309,10061.172791053,8.58323445138396e-09,1.27403145262062e-08,3.20793044585906e-08,0.000600176586867859,31296.6327405824,94.5445981347303,31390.177938947,924.486670669781,160.520430767725,"Malawi","Chikwawa","TA Maseya","185",41452.35073,39
"310",310,10061.1727910509,7.57089681949509e-09,1.12376935418097e-08,2.84371891379877e-08,0.000563814346259514,31296.6327555355,94.544619552118,31390.1779389491,924.486670669917,160.520430768381,"Malawi","Chikwawa","TA Maseya","185",41452.35073,39
"311",311,10061.1727910491,6.67796300399626e-09,9.91228900312132e-09,2.52080206544136e-08,0.000529655111543546,31296.6327695822,94.544639671913,31390.177938951,924.486670670037,160.520430768963,"Malawi","Chikwawa","TA Maseya","185",41452.35073,39
"312",312,10061.1727910474,5.89035001433358e-09,8.74319780856066e-09,2.23450456524356e-08,0.000497565417067155,31296.6327827775,94.5446585727304,31390.1779389526,924.486670670142,160.520430769478,"Malawi","Chikwawa","TA Maseya","185",41452.35073,39
"313",313,10061.172791046,5.19562359720671e-09,7.71200252241281e-09,1.98067970283979e-08,0.00046741988294021,31296.6327951731,94.544676328422,31390.177938954,924.486670670235,160.520430769935,"Malawi","Chikwawa","TA Maseya","185",41452.35073,39
"314",314,10061.1727910447,4.58283511001315e-09,6.80242952549055e-09,1.75564965291418e-08,0.000439100724846268,31296.6328068173,94.5446930083655,31390.1779389553,924.486670670317,160.52043077034,"Malawi","Chikwawa","TA Maseya","185",41452.35073,39
"315",315,10061.1727910436,4.04232474975597e-09,6.00012807822002e-09,1.55615247518535e-08,0.000412497293913765,31296.6328177558,94.5447086777356,31390.1779389564,924.48667067039,160.520430770699,"Malawi","Chikwawa","TA Maseya","185",41452.35073,39
"316",316,10061.1727910426,3.56556134545012e-09,5.29245589457494e-09,1.37929515279903e-08,0.00038750564450605,31296.6328280314,94.5447233977581,31390.1779389574,924.486670670454,160.520430771017,"Malawi","Chikwawa","TA Maseya","185",41452.35073,39
"317",317,10061.1727910418,3.1450274662001e-09,4.66825054491418e-09,1.22251198841651e-08,0.000364028128163317,31296.6328376842,94.54473722595,31390.1779389583,924.48667067051,160.520430771299,"Malawi","Chikwawa","TA Maseya","185",41452.35073,39
"318",318,10061.172791041,2.77409477357099e-09,4.11766246778787e-09,1.08352761811722e-08,0.000341973012140826,31296.632846752,94.5447502163432,31390.177938959,924.48667067056,160.520430771549,"Malawi","Chikwawa","TA Maseya","185",41452.35073,39
"319",319,10061.1727910403,2.44691050687979e-09,3.63201297226523e-09,9.60324183741339e-09,0.000321254121051311,31296.6328552703,94.5447624196963,31390.1779389597,924.486670670603,160.520430771771,"Malawi","Chikwawa","TA Maseya","185",41452.35073,39
"320",320,10061.1727910397,2.15831412549782e-09,3.20364409404791e-09,8.51112261566476e-09,0.000301790500212574,31296.6328632723,94.5447738836928,31390.1779389603,924.486670670642,160.520430771967,"Malawi","Chikwawa","TA Maseya","185",41452.35073,39
"321",321,10061.1727910392,1.90375655722131e-09,2.82579688598848e-09,7.54305046773461e-09,0.000283506099386096,31296.6328707894,94.5447846531272,31390.1779389608,924.486670670676,160.520430772141,"Malawi","Chikwawa","TA Maseya","185",41452.35073,39
"322",322,10061.1727910387,1.67922244474406e-09,2.49251374992302e-09,6.68495429460375e-09,0.000266329475671848,31296.6328778509,94.5447947700801,31390.1779389613,924.486670670706,160.520430772295,"Malawi","Chikwawa","TA Maseya","185",41452.35073,39
"323",323,10061.1727910383,1.48116982077808e-09,2.19854002989874e-09,5.9243568460902e-09,0.000250193514399254,31296.6328844846,94.5448042740827,31390.1779389617,924.486670670733,160.520430772432,"Malawi","Chikwawa","TA Maseya","185",41452.35073,39
"324",324,10061.172791038,1.30647635740749e-09,1.93923801430962e-09,5.25019452884636e-09,0.000235035166924499,31296.6328907162,94.5448132022713,31390.1779389621,924.486670670756,160.520430772553,"Malawi","Chikwawa","TA Maseya","185",41452.35073,39
"325",325,10061.1727910377,1.15238703656685e-09,1.71051838134487e-09,4.65265739974794e-09,0.000220795204310335,31296.6328965702,94.5448215895322,31390.1779389624,924.486670670777,160.52043077266,"Malawi","Chikwawa","TA Maseya","185",41452.35073,39
"326",326,10061.1727910374,1.01647111448878e-09,1.50877509577712e-09,4.12304733120205e-09,0.000207417985926504,31296.6329020694,94.544829468638,31390.1779389627,924.486670670795,160.520430772755,"Malawi","Chikwawa","TA Maseya","185",41452.35073,39
"327",327,10061.1727910371,8.96585508191928e-10,1.3308259858547e-09,3.65365224168019e-09,0.000194851242067151,31296.6329072355,94.5448368703759,31390.1779389629,924.486670670811,160.52043077284,"Malawi","Chikwawa","TA Maseya","185",41452.35073,39
