"","time","S","E","I","H","C","R","D","inci","hosp","crits","lvl2","lvl3","lvl4","ID","POP","runNum"
"1",1,18841349.6633035,0,1,0,0,0,0,0,0,0,"Malawi","All","All",1,18841350.6633035,186
"2",2,18841349.03402,0.526482530441133,0.704570517371005,0.0113262113943911,0.000119441152418217,0.386783411404675,1.39301319822421e-06,0.62928350477682,0.0120138213253312,0.000121838226348216,"Malawi","All","All",1,18841350.6633035,186
"3",3,18841348.5365235,0.791304534657584,0.622413504631892,0.0190961214848709,0.000411011421938584,0.693544907212101,9.87932000824885e-06,1.12677995872839,0.0215116607587767,0.00042801159140437,"Malawi","All","All",1,18841350.6633035,186
"4",4,18841348.0635025,0.95949454455523,0.627901875691449,0.0256095371816153,0.000822060971472538,0.985942770572411,3.02001726137439e-05,1.59980098914479,0.0305422334906181,0.000874028925937111,"Malawi","All","All",1,18841350.6633035,186
"5",5,18841347.5697375,1.09667316347866,0.672018175514767,0.0318103311879461,0.00133212111424042,1.29166628630981,6.59535340952547e-05,2.09356603113951,0.0399688360132331,0.00144561285816111,"Malawi","All","All",1,18841350.6633035,186
"6",6,18841347.0341087,1.22942784611228,0.735929447270655,0.0381107155672327,0.00193414214582458,1.62367236065815,0.000120308495519424,2.62919482024966,0.050194670981508,0.00214116700282852,"Malawi","All","All",1,18841350.6633035,186
"7",7,18841346.4446142,1.36907219661002,0.812728831032183,0.0447159652827663,0.00262710908257086,1.98934892092631,0.000196311593687964,3.21868933452754,0.0614488715029323,0.00296491880611533,"Malawi","All","All",1,18841350.6633035,186
"8",8,18841345.7924355,1.52100262701787,0.900257744203221,0.0517526544532398,0.0034131425191741,2.39414476077232,0.000297032640925153,3.87086796160675,0.0738997919254538,0.00392427134467841,"Malawi","All","All",1,18841350.6633035,186
"9",9,18841345.0695578,1.68839162703213,0.99828652893931,0.0593196441493897,0.00429637269433873,2.84302583188421,0.000425647794456535,4.59374565249383,0.0877004480021358,0.00502882033572063,"Malawi","All","All",1,18841350.6633035,186
"10",10,18841344.2677846,1.87365122948865,1.10741264955668,0.0675086738926833,0.0052825214013092,3.34107835475167,0.00058549856592057,5.39551892765691,0.103007321916195,0.00629003759010693,"Malawi","All","All",1,18841350.6633035,186
"11",11,18841343.3782951,2.07902196516412,1.22863421556096,0.0764130551707387,0.00637877148564064,3.89378024388086,0.000780142401288684,6.28500839366361,0.119988810495205,0.00772122754721965,"Malawi","All","All",1,18841350.6633035,186
"12",12,18841342.3914107,2.30681805814198,1.36319072090963,0.0861317123052667,0.00759375935242948,4.50714513935147,0.00101340104661152,7.27189279110739,0.138829693494889,0.00933760300916046,"Malawi","All","All",1,18841350.6633035,186
"13",13,18841341.2964345,2.55954001561713,1.51250918532775,0.0967714661782038,0.00893762625478399,5.18782124936551,0.00128941004000809,8.36686895278338,0.159734187418175,0.0111564215942122,"Malawi","All","All",1,18841350.6633035,186
"14",14,18841340.0815145,2.8399356212369,1.67819353978823,0.108448669266032,0.0104221037097156,5.94317640984278,0.00161267044971432,9.58178901429338,0.182928565057517,0.0131971601827033,"Malawi","All","All",1,18841350.6633035,186
"15",15,18841338.733507,3.15104309053165,1.86203143743408,0.121290656647031,0.0120606226914021,6.78138259078844,0.0019881035365498,10.9297965016292,0.208663753601232,0.0154817181725338,"Malawi","All","All",1,18841350.6633035,186
"16",16,18841337.2378288,3.49622581984993,2.06601046753911,0.135437285318976,0.0138684546315533,7.71151158978884,0.00242111298759643,12.425474730116,0.237218274085388,0.0180346655702199,"Malawi","All","All",1,18841350.6633035,186
"17",17,18841335.8347235,3.66134940331342,2.25937279746545,0.150878666293319,0.0158619935773214,8.73819952225875,0.00291763041231328,13.8285800133206,0.268732364086413,0.0208826034377613,"Malawi","All","All",1,18841350.6633035,186
"18",18,18841334.3144245,3.87685622719183,2.43228979104798,0.167166502784179,0.0180516523073326,9.85103076659595,0.00348407046951791,15.3488790103968,0.302878788431051,0.0240469827919296,"Malawi","All","All",1,18841350.6633035,186
"19",19,18841332.6834095,4.12280043321513,2.60305632221163,0.184075435184677,0.020440176011369,11.0453945880623,0.00412704944526799,16.9798940041304,0.339511934182718,0.0275419340174515,"Malawi","All","All",1,18841350.6633035,186
"20",20,18841330.9401701,4.39166729274972,2.77957248776585,0.201572517704636,0.0230279491077775,12.3224399459917,0.00485322510241978,18.7231334184221,0.378665681700343,0.0313792981002032,"Malawi","All","All",1,18841350.6633035,186
"21",21,18841329.0796524,4.68107297863074,2.96551330358962,0.219703087425392,0.0258155738802007,13.6858768775703,0.00566926743531049,20.5836510885315,0.4204535425512,0.0355711549390858,"Malawi","All","All",1,18841350.6633035,186
"22",22,18841327.095056,4.99078159873794,3.16285208918876,0.238544554624275,0.0288048540262865,15.1406824697299,0.00658188513850763,22.5682474514457,0.46502825767124,0.0401308524417177,"Malawi","All","All",1,18841350.6633035,186
"23",23,18841324.9785517,5.32148568994766,3.37289659303982,0.258187877724617,0.0319991398036869,16.6925846195146,0.00759787258380967,24.6847517926142,0.512565676407098,0.0450734325076747,"Malawi","All","All",1,18841350.6633035,186
"24",24,18841322.721554,5.67430972447958,3.59671578789353,0.278730369624617,0.0354034243325152,18.3478659777642,0.00872416368005008,26.9417494477745,0.563258629398078,0.0504158200120019,"Malawi","All","All",1,18841350.6633035,186
"25",25,18841320.3148075,6.05061179271749,3.83531626141303,0.300273169472811,0.0390243523855698,20.1133025203795,0.00996788862443646,29.3484959849928,0.617315001099059,0.0561769292521968,"Malawi","All","All",1,18841350.6633035,186
"26",26,18841317.7484119,6.45190286234778,4.08971640829212,0.322920513268766,0.0428701624600523,21.9961452056993,0.011336423401345,31.9148915754694,0.674957154161214,0.0623776911966299,"Malawi","All","All",1,18841350.6633035,186
"27",27,18841315.0117796,6.8798245526888,4.36097961876114,0.346779950930983,0.0469507110325871,24.0041516208896,0.0128374525873954,34.6515239068905,0.736422893315585,0.0690411858134916,"Malawi","All","All",1,18841350.6633035,186
"28",28,18841312.0936352,7.3361331783914,4.65023026334034,0.371962543919489,0.0512773743312371,26.1455859310968,0.0144790063510835,37.5696682974303,0.801965467953887,0.0761926075111605,"Malawi","All","All",1,18841350.6633035,186
"29",29,18841308.9819342,7.8227100004966,4.95866428393067,0.398583616371508,0.055863119433566,28.4292787281973,0.0162695304781175,40.6813692789077,0.87185540456401,0.0838594567346982,"Malawi","All","All",1,18841350.6633035,186
"30",30,18841305.6638624,8.3415577768988,5.28755275246056,0.426763055039449,0.0607224076001435,30.8646271220939,0.0182179126590647,43.9994410267519,0.946380516409588,0.0920714885347,"Malawi","All","All",1,18841350.6633035,186
"31",31,18841302.1257354,8.89481550456179,5.63825286592068,0.45662619552464,0.0658713015480295,33.4616686755618,0.0203335618995564,47.5375681050164,1.02584816636512,0.100860956488539,"Malawi","All","All",1,18841350.6633035,186
"32",32,18841298.3529347,9.48476890468947,6.01221364377129,0.488304520241327,0.0713274950936889,36.2311277829021,0.0226264659345578,51.3103688126324,1.11058668975031,0.110262741140799,"Malawi","All","All",1,18841350.6633035,186
"33",33,18841294.3298962,10.1138517886365,6.41097764435774,0.521936014498754,0.0771102526770394,39.1844243353397,0.0251072176253974,55.3334072531351,1.20094566546207,0.120314334950893,"Malawi","All","All",1,18841350.6633035,186
"34",34,18841290.0400284,10.7846582570993,6.83618965532533,0.557665906848474,0.0832404939051224,42.3337337152263,0.0277870787229817,59.6232751071275,1.29729775268932,0.131056036559413,"Malawi","All","All",1,18841350.6633035,186
"35",35,18841285.4656342,11.4999554041933,7.28960382727921,0.595647415031823,0.0897408643373098,45.6920437360378,0.0306780415302646,64.1976692884097,1.40004043517896,0.142531127681087,"Malawi","All","All",1,18841350.6633035,186
"36",36,18841280.587844,12.2626940571785,7.77309017169646,0.636042422508267,0.0966357887840058,49.2732040994163,0.0337928843402257,69.0754594239237,1.5095975369464,0.154786021800231,"Malawi","All","All",1,18841350.6633035,186
"37",37,18841275.3865337,13.0760208543736,8.28864340355763,0.679022241463759,0.103951551496622,53.0919864647796,0.0371452356883523,74.2767697513595,1.62642106183228,0.167870454925327,"Malawi","All","All",1,18841350.6633035,186
"38",38,18841269.8402457,13.9432906410473,8.83839064613948,0.724768335751508,0.111716378308987,57.1641421728729,0.0407496341768544,79.823057808297,1.7509929609998,0.181837670674946,"Malawi","All","All",1,18841350.6633035,186
"39",39,18841263.9261,14.8680812930833,9.42459934495057,0.773473137938473,0.119960531613175,61.5064675425093,0.0446215950289436,85.7372034451238,1.88382713232926,0.196744629779072,"Malawi","All","All",1,18841350.6633035,186
"40",40,18841257.6196991,15.8542078386287,10.0496875514582,0.825340892891604,0.128716418456847,66.1368739854825,0.0487776813902571,92.0436043683081,2.02547156650707,0.212652240870746,"Malawi","All","All",1,18841350.6633035,186
"41",41,18841250.8950279,16.9057374112477,10.7162343767903,0.880588524164027,0.138018707327946,71.0744610090021,0.0532355773069685,98.768275605839,2.17651058122606,0.229625602850283,"Malawi","All","All",1,18841350.6633035,186
"42",42,18841243.7243446,18.0270082267169,11.4269889424383,0.939446605650038,0.14790445639037,76.3395964447522,0.0580141660379156,105.938958841986,2.33756727708066,0.247734267879146,"Malawi","All","All",1,18841350.6633035,186
"43",43,18841236.0780757,19.2226442153398,12.1848826598895,1.00216025073563,0.158413243328714,81.9539938032918,0.0631336067409415,113.585227779326,2.50930590425002,0.267052503185274,"Malawi","All","All",1,18841350.6633035,186
"44",44,18841227.9246517,20.4975816437123,12.9930444162963,1.06899049993752,0.169587371803832,87.9408324313421,0.0686154501804506,121.738651813272,2.69243553898581,0.287659696626275,"Malawi","All","All",1,18841350.6633035,186
"45",45,18841219.2304533,21.8570770697654,13.854806446066,1.1402148098868,0.181471932275395,94.3247972404501,0.074482678275589,130.432850176719,2.88771129992671,0.309640485565839,"Malawi","All","All",1,18841350.6633035,186
"46",46,18841209.9596434,23.3067116209581,14.7737233007458,1.21612867196813,0.194115054269647,101.13222159787,0.080759840944522,139.703660086756,3.09593871940215,0.333085244620845,"Malawi","All","All",1,18841350.6633035,186
"47",47,18841202.4539219,22.8336002925416,15.4450277113259,1.29550763709568,0.207560165730574,108.34021269775,0.0874730812025703,147.209381585646,3.31639232658599,0.358082388200994,"Malawi","All","All",1,18841350.6633035,186
"48",48,18841194.7087913,22.6974354135286,15.785704362105,1.3730608698593,0.221778511725698,115.781883995307,0.0946490484552076,154.954512200981,3.54387780863463,0.384649019227264,"Malawi","All","All",1,18841350.6633035,186
"49",49,18841186.8352705,22.7079505919075,15.9830879472856,1.44592192237251,0.236658696026208,123.352101959298,0.102311873945268,162.828032990835,3.77513438823771,0.41271526611194,"Malawi","All","All",1,18841350.6633035,186
"50",50,18841178.8814333,22.7825305870188,16.1185242009934,1.51326416523546,0.252062843976035,131.005006944995,0.110481405375942,170.781870147594,4.0087500726644,0.442177407796311,"Malawi","All","All",1,18841350.6633035,186
"51",51,18841170.8680185,22.8853084947519,16.2273323485617,1.57510237793139,0.267854231026288,138.720514672543,0.119172853694997,178.79528497851,4.24411573915676,0.472924894477274,"Malawi","All","All",1,18841350.6633035,186
"52",52,18841162.803897,23.0007122514819,16.324850155553,1.63177692988123,0.283907764331299,146.489762350824,0.128397036672912,186.859406488744,4.48097083574026,0.504851248348583,"Malawi","All","All",1,18841350.6633035,186
"53",53,18841154.6927853,23.1219832446323,16.4177380449986,1.68373412352808,0.30011318305863,154.308788761878,0.138160834027011,194.970518192123,4.71920620559764,0.537858047080882,"Malawi","All","All",1,18841350.6633035,186
"54",54,18841146.5361633,23.2461857949548,16.5088925629588,1.73143448785069,0.316375253546932,162.175784359039,0.148467692033507,203.127140150384,4.9587783825037,0.571855987307578,"Malawi","All","All",1,18841350.6633035,186
"55",55,18841138.3345332,23.3720543896126,16.5995659079307,1.7753165877383,0.33261279390703,170.089902462625,0.159318110066446,211.32877025188,5.19967262041527,0.606764746454046,"Malawi","All","All",1,18841350.6633035,186
"56",56,18841130.0879802,23.4990342629213,16.6903105377679,1.81578360937983,0.348757377951964,178.050727385534,0.170710078531279,219.575323252086,5.44188641729712,0.642512440256469,"Malawi","All","All",1,18841350.6633035,186
"57",57,18841121.7964024,23.6268886072784,16.781365894262,1.85320130327901,0.364751772396311,186.058054020158,0.182639504244627,227.866901101619,5.68542276932844,0.679034791947578,"Malawi","All","All",1,18841350.6633035,186
"58",58,18841113.4596166,23.7555172315596,16.8728369450376,1.88789914451937,0.380548572046688,194.111784458514,0.195100563411723,236.203686915089,5.93028705661558,0.716274374844871,"Malawi","All","All",1,18841350.6633035,186
"59",59,18841105.0774026,23.8848810113674,16.9647685678766,1.92017215005776,0.396109177034831,202.211883952173,0.208085975369999,244.585900833879,6.17648574681832,0.754180060637099,"Malawi","All","All",1,18841350.6633035,186
"60",60,18841096.6495266,24.0149622755518,17.0571845522129,1.95028451956928,0.411402508125874,210.358355688216,0.221587304160388,253.013776847836,6.42402571436871,0.792706253631415,"Malawi","All","All",1,18841350.6633035,186
"61",61,18841088.1757456,24.1457564728373,17.1500958038234,1.97847291345107,0.426403992342631,218.551233543733,0.235595195733636,261.487557921921,6.67291409733404,0.831812284558345,"Malawi","All","All",1,18841350.6633035,186
"62",62,18841079.6558125,24.2772635676678,17.2435088171364,2.0049486007784,0.441094841659244,226.790575615412,0.250099560846268,270.0074910035,6.92315815077419,0.871462003989752,"Malawi","All","All",1,18841350.6633035,186
"63",63,18841071.0894775,24.409486266903,17.3374274212695,2.02990014699755,0.455461264731461,235.076461136795,0.265089753271361,278.573825989968,7.17476521641934,0.911623300731263,"Malawi","All","All",1,18841350.6633035,186
"64",64,18841062.4764894,24.5424272802557,17.4318554768068,2.05349646046956,0.469493602189207,243.408986534509,0.280554753698661,287.186814107929,7.42774267506401,0.952267553567094,"Malawi","All","All",1,18841350.6633035,186
"65",65,18841053.8165954,24.6760895879827,17.5267966124705,2.07588870349187,0.483185789413344,251.788264099807,0.296483285652464,295.846708078818,7.68209795143179,0.99336929350637,"Malawi","All","All",1,18841350.6633035,186
"66",66,18841045.1095405,24.8104777891969,17.6222528982112,2.09721187953628,0.496534906193499,260.214421541016,0.312863916213962,304.553762930368,7.9378385380101,1.03490592676229,"Malawi","All","All",1,18841350.6633035,186
"67",67,18841036.3550661,24.9455982170911,17.718227065077,2.11758669176535,0.509540655078997,268.687599551079,0.329685164728414,313.30823734482,8.19497196527782,1.07685740016456,"Malawi","All","All",1,18841350.6633035,186
"68",68,18841024.7611467,27.4472223993636,18.1785669813022,2.13894283523871,0.522214308347148,277.268274586666,0.346935637886915,324.902156748804,8.45538089913683,1.11921538057412,"Malawi","All","All",1,18841350.6633035,186
"69",69,18841012.704483,29.6144465857688,19.0915699237906,2.16791707099541,0.534657727981954,286.185623575046,0.364605571583362,336.958820455166,8.72618214824729,1.16206492806367,"Malawi","All","All",1,18841350.6633035,186
"70",70,18840999.973589,31.7205381770322,20.2379510591541,2.20816643505287,0.547072587873906,295.593295717271,0.382690471756657,349.68971444814,9.01212727762803,1.20559998321816,"Malawi","All","All",1,18841350.6633035,186
"71",71,18840986.4497001,33.8824331774039,21.5311151050125,2.26100502444516,0.559693659084678,305.57816309658,0.40119327460295,363.213603337129,9.31588386020604,1.25006036965674,"Malawi","All","All",1,18841350.6633035,186
"72",72,18840972.0499118,36.1533629090145,22.9390096980255,2.326852372055,0.572757851026397,316.201283961641,0.420124851339535,377.613391643102,9.63931403350055,1.29570170380134,"Malawi","All","All",1,18841350.6633035,186
"73",73,18840956.7037249,38.5608374408457,24.4521341963079,2.40582275377674,0.586493384642766,327.514786980071,0.439503864770827,392.959578620415,9.98400131126616,1.34278432123892,"Malawi","All","All",1,18841350.6633035,186
"74",74,18840940.343296,41.122213094542,26.0704628674709,2.49796308159532,0.601117042338206,339.568894935516,0.459356419343714,409.320007440806,10.3514695577127,1.39156992447171,"Malawi","All","All",1,18841350.6633035,186
"75",75,18840922.899283,43.8510959402787,27.7981029544035,2.60334766311064,0.616834570983108,352.41492369543,0.479715679982146,426.764020504188,10.7432763197673,1.44232133001932,"Malawi","All","All",1,18841350.6633035,186
"76",76,18840904.298976,46.7599827400406,29.6411309230833,2.72211471877819,0.633842234839865,366.106635283975,0.500621529843702,445.36432743056,11.1610547847712,1.495303432418,"Malawi","All","All",1,18841350.6633035,186
"77",77,18840884.4653092,49.8613865818338,31.6067194920047,2.8544802868275,0.652328714910713,380.700958844444,0.522120322692757,465.197994242713,11.6065359997953,1.55078467745633,"Malawi","All","All",1,18841350.6633035,186
"78",78,18840863.3163811,53.1683031610078,33.7027936784079,3.00074060694013,0.672477182953235,396.258343197159,0.544264540156685,486.346922366624,12.0815596317513,1.60903854640293,"Malawi","All","All",1,18841350.6633035,186
"79",79,18840840.7648206,56.6944654576657,35.9379380782059,3.16127588790123,0.694467047522977,412.843223558405,0.567112856247068,508.898482885947,12.5880882156582,1.67034541307606,"Malawi","All","All",1,18841350.6633035,186
"80",80,18840816.7176871,60.4544374484017,38.321328615842,3.33654571380926,0.718475903121415,430.5240989775,0.590729708683487,532.945616367358,13.1282093980481,1.73499375533272,"Malawi","All","All",1,18841350.6633035,186
"81",81,18840791.0757393,64.4637437260451,40.8627896318291,3.52709366328449,0.744681061605001,449.374070423834,0.615185624950334,558.587564131548,13.7041523653719,1.80328224755085,"Malawi","All","All",1,18841350.6633035,186
"82",82,18840763.7334096,68.7388923835206,43.5727774919354,3.73354232377791,0.773261161806354,469.470863641558,0.640556859661028,585.929893862259,14.3182884206899,1.87552074623285,"Malawi","All","All",1,18841350.6633035,186
"83",83,18840734.5779627,73.2975107396391,46.4624596137822,3.95659905001568,0.804397734749668,490.897447822162,0.66692583800275,615.085340798352,14.9731498821122,1.95203261829338,"Malawi","All","All",1,18841350.6633035,186
"84",84,18840703.4889719,78.1584240584418,49.5437694577292,4.19705748132747,0.838276746617044,513.742422545465,0.694381314837355,646.174331604418,15.6714418531615,2.0331565578038,"Malawi","All","All",1,18841350.6633035,186
"85",85,18840670.3382344,83.3416718402064,52.8294117944404,4.45579404641211,0.875089916365124,538.100083353349,0.723018165186869,679.325069115959,16.4160441289882,2.11924754307983,"Malawi","All","All",1,18841350.6633035,186
"86",86,18840634.9890801,88.8686187716325,56.3329281107325,4.7337724492937,0.915036016353404,564.070930214677,0.752937765145659,714.674223327835,17.2100267218064,2.21067879277712,"Malawi","All","All",1,18841350.6633035,186
"87",87,18840597.295742,94.7620498573407,60.0687622639808,5.03204710681367,0.958322221876553,591.76213171583,0.784248311503582,752.367561477346,18.0566640186577,2.3078436654258,"Malawi","All","All",1,18841350.6633035,186
"88",88,18840557.1028013,101.046256141445,64.0523161216498,5.35176572553159,1.00516541739029,621.287933656119,0.817065079449131,792.560502141585,18.9594472328434,2.41115740910762,"Malawi","All","All",1,18841350.6633035,186
"89",89,18840514.2445084,107.747144872102,68.3000128433104,5.69417328689709,1.05579356396822,652.770159748398,0.851510790704751,835.418795105381,19.9220996816501,2.52105916239392,"Malawi","All","All",1,18841350.6633035,186
"90",90,18840468.544136,114.892339470305,72.829361717555,6.0606160667151,1.11044691555862,686.338687283077,0.887715987879519,881.11916744109,20.9485913054331,2.63801381478227,"Malawi","All","All",1,18841350.6633035,186
"91",91,18840419.8132562,122.511287760141,77.6590345274061,6.45254624178391,1.16937934184678,722.131979904168,0.925819466156268,929.850047241502,22.0431549323146,2.76251407239888,"Malawi","All","All",1,18841350.6633035,186
"92",92,18840367.8509468,130.635390516978,82.8089392674821,6.8715272765508,1.23285969784621,760.297671179734,0.965968758026278,981.812356696617,23.2103041017905,2.89508266171311,"Malawi","All","All",1,18841350.6633035,186
"93",93,18840312.4429688,139.298132403688,88.3002989660077,7.31923971024586,1.30117317796015,800.993169746431,1.00832065413753,1037.22033465847,24.4548515518865,3.03627457986606,"Malawi","All","All",1,18841350.6633035,186
"94",94,18840253.3608858,148.535209471351,94.1557488278533,7.79748734880928,1.37462274064493,844.386307539017,1.05304177691332,1096.30241770459,25.7819290220371,3.18667950640722,"Malawi","All","All",1,18841350.6633035,186
"95",95,18840190.3611259,158.384685692979,100.399418689531,8.30820426601268,1.45353054845959,890.656029176148,1.10030919243542,1159.30217756557,27.1970083235964,3.34692429626261,"Malawi","All","All",1,18841350.6633035,186
"96",96,18840123.1838722,168.887160184955,107.057048794528,8.85346311706583,1.53823963589378,939.993208350095,1.15031115453491,1226.47943123707,28.705926292262,3.51767592798156,"Malawi","All","All",1,18841350.6633035,186
"97",97,18840051.5521593,180.085910655954,114.156076493747,9.43548186293375,1.62911527510931,992.601312211498,1.20324770958403,1298.11114420883,30.3149050935477,3.69964391019423,"Malawi","All","All",1,18841350.6633035,186
"98",98,18839975.1709047,192.027042965009,121.725733376387,10.0566310788367,1.72654640717658,1048.69711357719,1.25933135381365,1374.49239875841,32.0305739921692,3.89358284394888,"Malawi","All","All",1,18841350.6633035,186
"99",99,18839893.725461,204.759717862107,129.797187672003,10.719445351674,1.83094768759843,1108.51175591303,1.31878802412647,1455.93784251054,33.8600019158969,4.10029617321067,"Malawi","All","All",1,18841350.6633035,186
"100",100,18839806.8799677,218.336407293817,138.403707719481,11.426636374018,1.94276177827645,1172.29196432659,1.38185823104443,1542.78333572322,35.8107344871402,4.32064042638491,"Malawi","All","All",1,18841350.6633035,186
"101",101,18839714.2763032,232.813057886713,147.580765458116,12.1811009722595,2.06246085748603,1240.30081727032,1.44879778367466,1635.38700022857,37.8908176133161,4.55552797380158,"Malawi","All","All",1,18841350.6633035,186
"102",102,18839615.5329823,248.249262714768,157.366145016622,12.9859296956866,2.19054817140222,1312.81855702641,1.51987855523917,1734.13032118013,40.1088222665823,4.80592989655183,"Malawi","All","All",1,18841350.6633035,186
"103",103,18839510.2430872,264.708583477406,167.800147553274,13.8444235037886,2.32756085052641,1390.14411092532,1.59538991866272,1839.42021622898,42.4738910076737,5.07288127325045,"Malawi","All","All",1,18841350.6633035,186
"104",104,18839397.9728314,282.258773984889,178.92573328839,14.7601051757545,2.47407189049811,1472.59614796393,1.67563974763287,1951.6904720511,44.9957702961317,5.3574848834551,"Malawi","All","All",1,18841350.6633035,186
"105",105,18839278.2595907,300.972086905471,190.788715611076,15.7367350936074,2.63069283755044,1560.51452648483,1.76095578954758,2071.40371272208,47.6848547624898,5.66091625566717,"Malawi","All","All",1,18841350.6633035,186
"106",106,18839150.6101357,320.92554888578,203.437935691062,16.7783254741692,2.79807618700929,1654.26159463679,1.85168690148675,2199.0531677763,50.5522269795764,5.98442819267021,"Malawi","All","All",1,18841350.6633035,186
"107",107,18839014.4986257,342.201272127188,216.925460894095,17.8891565282269,2.97691810044709,1754.22366562045,1.94820445301106,2335.16467772342,53.6097025795256,6.32935590259663,"Malawi","All","All",1,18841350.6633035,186
"108",108,18838869.3643996,364.886798319248,231.306802651058,19.0737943051113,3.16796139207423,1860.81264333145,2.05090387266776,2480.29890387161,56.8698799712827,6.69712264652048,"Malawi","All","All",1,18841350.6633035,186
"109",109,18838714.6096873,389.075454623595,246.641141889365,20.3371092070656,3.3719986117638,1974.46770557513,2.16020625076872,2635.05361615769,60.3461918197497,7.08924557951605,"Malawi","All","All",1,18841350.6633035,186
"110",110,18838549.5971628,414.866733307518,262.991571181012,21.6842958068445,3.58987534032337,2095.65710497973,2.27656005531178,2800.06614067074,64.052960124791,7.50734199865851,"Malawi","All","All",1,18841350.6633035,186
"111",111,18838373.6473319,442.36669756083,280.425352215705,23.1208940297215,3.82249370055828,2224.88009106977,2.40044296364897,2976.01597154024,68.0054550065673,7.9531360059914,"Malawi","All","All",1,18841350.6633035,186
"112",112,18838186.0357493,471.688414564467,299.014189254307,24.6528117557158,4.07081609394021,2362.66895870322,2.53236381483471,3163.62755418648,72.2199573563019,8.42846560476355,"Malawi","All","All",1,18841350.6633035,186
"113",113,18837985.9900534,502.952414537336,318.834522353124,26.2863488891646,4.33586918087836,2509.59123042688,2.6728646910392,3363.67325007842,76.7138255826065,8.93529026136169,"Malawi","All","All",1,18841350.6633035,186
"114",114,18837772.6868071,536.287180279337,339.967839159253,28.028223032389,4.61874811957476,2666.25198259351,2.82252313631414,3576.97649632038,81.5055667551472,9.47569896218096,"Malawi","All","All",1,18841350.6633035,186
"115",115,18837545.2481294,571.829671384009,362.501004583901,29.8855969002892,4.9206210800132,2833.2963255999,2.98195452168842,3804.4151740698,86.6149124630698,10.0519187974311,"Malawi","All","All",1,18841350.6633035,186
"116",116,18837302.7381081,609.725878918566,386.526614899624,31.8661074857591,5.24273405384807,3011.41204546462,3.15181456605614,4046.92519538848,92.0628996071678,10.6663241089275,"Malawi","All","All",1,18841350.6633035,186
"117",117,18837044.1589794,650.131414829698,412.143375846127,33.9778971237556,5.58641597892381,3201.33241825711,3.33280202305878,4305.50432405867,97.8719564784085,11.3214462381526,"Malawi","All","All",1,18841350.6633035,186
"118",118,18836768.4470533,693.212145929121,439.456499800237,36.2296466951478,5.95308419631377,3403.83921197365,3.52566154491556,4581.21625013939,104.065994571283,12.0199839113268,"Malawi","All","All",1,18841350.6633035,186
"119",119,18836474.4683752,739.144864855396,468.578131995623,38.6306109424706,6.34425026562903,3619.76588342097,3.73118673462371,4875.19492821471,110.670506360353,12.7648143068921,"Malawi","All","All",1,18841350.6633035,186
"120",120,18836161.0140935,788.118000327649,499.627811073902,41.1906561179878,6.76152618319388,3850.00099285197,3.95022340946545,5188.64920996417,117.712669734829,13.5590048894767,"Malawi","All","All",1,18841350.6633035,186
"121",121,18835826.7956076,840.332370681081,532.73294085999,43.920299536561,7.20663088196507,4095.49178086192,4.1836730159591,5522.86769583748,125.22145739877,14.4058257862048,"Malawi","All","All",1,18841350.6633035,186
"122",122,18835470.4391262,896.002027800261,568.029319809004,46.8307539358107,7.68139752512603,4357.24818171157,4.43249646299834,5879.22417724477,133.227759618986,15.3087636762932,"Malawi","All","All",1,18841350.6633035,186
"123",123,18835090.4802909,955.355075246695,605.661678378899,49.9339711205143,8.18778073265372,4636.34678920375,4.69771791770891,6259.18301260022,141.764505516847,16.2715355494656,"Malawi","All","All",1,18841350.6633035,186
"124",124,18834685.3582681,1018.63457934146,645.784256262351,53.242690077542,8.7278645085355,4933.93521623606,4.9804289739499,6664.3050353999,150.866796403754,17.2981038062565,"Malawi","All","All",1,18841350.6633035,186
"125",125,18834253.4092438,1086.0995813472,688.561427644999,56.7704900676999,9.30387095915381,5251.23689634478,5.28179324080447,7096.25405960463,160.572052637296,18.3926928721947,"Malawi","All","All",1,18841350.6633035,186
"126",126,18833792.8597432,1158.02611560074,734.168362667171,60.5318449013981,9.91816927704762,5589.55601672734,5.6030510683095,7556.803560242,170.920164491705,19.5598063135217,"Malawi","All","All",1,18841350.6633035,186
"127",127,18833301.8194683,1234.70829994946,782.791735638145,64.5421811190269,10.5732853753565,5950.28280849203,5.94552461790602,8047.84383519192,181.953653952984,20.8042451967822,"Malawi","All","All",1,18841350.6633035,186
"128",128,18832778.2736488,1316.45952036255,834.630459399331,68.8179403763016,11.2719121546777,6334.89919907656,6.31062327352305,8571.38965464294,193.717847596147,22.1311276669848,"Malawi","All","All",1,18841350.6633035,186
"129",129,18832220.0749089,1403.61367799443,889.896476074069,73.3766456350525,12.0169204392819,6744.98482499007,6.69984940614523,9129.58839453904,206.261060478374,23.5459098033889,"Malawi","All","All",1,18841350.6633035,186
"130",130,18831624.9346502,1496.52649180679,948.815610420813,78.2369710738437,12.8113705911944,7182.22340489816,7.11480449556882,9724.72865328636,219.634791046434,25.0544077678027,"Malawi","All","All",1,18841350.6633035,186
"131",131,18830990.4137147,1595.57692765599,1011.62847366847,83.4188180586461,13.6585250761478,7648.40964857418,7.55719576298781,10359.2495887964,233.893932437082,26.6628217837792,"Malawi","All","All",1,18841350.6633035,186
"132",132,18830313.9131315,1701.16861902656,1078.59135122195,88.9433904963185,14.5618609155785,8145.45610755842,8.02884274983693,11035.7501719687,249.096981995211,28.3777599093761,"Malawi","All","All",1,18841350.6633035,186
"133",133,18829592.6625873,1813.73161060927,1149.97733126874,94.8332884096297,15.5250852414231,8675.40171509304,8.53168553616808,11757.0007161583,265.306302446884,30.206267733998,"Malawi","All","All",1,18841350.6633035,186
"134",134,18828823.7101322,1933.7239096604,1226.07731209982,101.112591422098,16.5521491993272,9240.41941675151,9.06779209395369,12525.9531712271,282.588355260088,32.1558549350467,"Malawi","All","All",1,18841350.6633035,186
"135",135,18828003.9104732,2061.63327856682,1307.20111451325,107.80695406056,17.6472637272206,9842.82485273155,9.63936664625482,13345.7528302456,301.013966175536,34.2345254408148,"Malawi","All","All",1,18841350.6633035,186
"136",136,18827129.9120929,2197.9791794648,1393.67872804014,114.943710297254,18.8149169585735,10485.0859168655,10.2487588907338,14219.751210517,320.658617540109,36.4508107054077,"Malawi","All","All",1,18841350.6633035,186
"137",137,18826198.1442089,2343.31471132407,1485.86159636492,122.551979011804,20.0598918959471,11169.8324426154,10.8984733699885,15151.5190945821,341.602744511518,38.8138035066101,"Malawi","All","All",1,18841350.6633035,186
"138",138,18825204.8020801,2498.22884661704,1584.12400354497,130.66278347614,21.3872862600213,11899.8671234478,11.5911800221977,16144.8612233682,363.932069026023,41.3331959502891,"Malawi","All","All",1,18841350.6633035,186
"139",139,18824145.8324831,2663.348621659,1688.8644557123,139.309169231864,22.802532148515,12678.1763169413,12.3297246407303,17203.8308203337,387.73793020162,44.019317128035,"Malawi","All","All",1,18841350.6633035,186
"140",140,18823016.9178265,2839.3414687562,1800.50724486401,148.526332286485,24.3114176337029,13507.94187305,13.1171403673934,18332.7454769578,413.117646038959,46.8831744920689,"Malawi","All","All",1,18841350.6633035,186
"141",141,18821813.4587532,3026.9178203576,1919.50410093872,158.351760115862,25.9201103621131,14392.5540982067,13.9566602812938,19536.2045502623,440.174909868054,49.9364991176431,"Malawi","All","All",1,18841350.6633035,186
"142",142,18820530.556221,3226.83380624639,2046.33586391169,168.825377082741,27.6351818614505,15335.6251229624,14.8517303927132,20819.1070824574,469.020199135687,53.1917923696097,"Malawi","All","All",1,18841350.6633035,186
"143",143,18819162.9923823,3439.8940509572,2181.51433272947,179.989698670007,29.4636335994788,16341.0031816371,15.8060235800598,22186.6709211733,499.771212053585,56.6623759437756,"Malawi","All","All",1,18841350.6633035,186
"144",144,18817705.2103936,3666.95462924315,2325.58419892254,191.889994390004,31.4129245188791,17412.7877084486,16.8234543461182,23644.4529098693,532.553329209117,60.3624447940714,"Malawi","All","All",1,18841350.6633035,186
"145",145,18816151.2927202,3908.92628982665,2479.12505704989,204.574463427498,33.4910005841755,18555.3455776848,17.9081946970154,25198.37058327,567.500110168216,64.3071240037371,"Malawi","All","All",1,18841350.6633035,186
"146",146,18814494.938395,4166.77777614086,2642.753547,218.094418080018,35.7063258569669,19773.3281505136,19.0646908675,26854.7249084589,604.753814719826,68.5125286411361,"Malawi","All","All",1,18841350.6633035,186
"147",147,18812729.4387079,4441.53931768962,2817.12567646147,232.504479198384,38.0679158229234,21071.6895250973,20.2976812880968,28620.2245955578,644.465960889072,72.9958280043318,"Malawi","All","All",1,18841350.6633035,186
"148",148,18810847.6524769,4734.30622538464,3002.9391107994,247.862775567526,40.5853712656199,22455.7051285926,21.612214905821,30502.0108265156,686.797893410475,77.7753110209023,"Malawi","All","All",1,18841350.6633035,186
"149",149,18808841.9764978,5046.24317378822,3200.93589229447,264.231181984917,43.2689188004685,23930.9939656333,23.0136731606454,32507.686805662,731.921463988615,82.8704645986108,"Malawi","All","All",1,18841350.6633035,186
"150",150,18806704.3186591,5378.58799392582,3411.90497117364,281.675534630612,46.1294479479478,25503.5389064989,24.5077901348444,34645.3446443117,780.019651575442,88.302045371291,"Malawi","All","All",1,18841350.6633035,186
"151",151,18804426.067707,5732.65595667426,3636.68499569115,300.26587366945,49.1785528368936,27179.7095422717,26.1006752887289,36923.5955964322,831.287261127743,94.0921605254129,"Malawi","All","All",1,18841350.6633035,186
"152",152,18801998.0602482,6109.8444762337,3876.16728503399,320.076708373703,52.4285777206658,28966.2871695083,27.798838365383,39351.6030552357,885.93168746771,100.264356171905,"Malawi","All","All",1,18841350.6633035,186
"153",153,18799410.5472462,6511.63774421905,4131.29892595587,341.187284611693,55.8926634707413,30870.4902240577,29.6092148912418,41939.1160572063,944.173692812196,106.843707720718,"Malawi","All","All",1,18841350.6633035,186
"154",154,18796653.1575299,6939.61174670705,4403.08611270202,363.681875960075,59.5847983149761,32900.002045719,31.5391941121409,44696.5057735153,1006.24825553298,113.856918690975,"Malawi","All","All",1,18841350.6633035,186
"155",155,18793714.8604932,7395.43948705476,4692.5973911311,387.650082433217,63.5198696640355,35062.999332324,33.5966476836932,47634.8028102908,1072.40544000099,121.332421907326,"Malawi","All","All",1,18841350.6633035,186
"156",156,18790583.9257386,7880.89636381058,5000.96736117294,413.187150548618,67.7137206309883,37368.1830076524,35.789961024871,50765.7375648404,1142.91134011661,129.300489972263,"Malawi","All","All",1,18841350.6633035,186
"157",157,18787247.8806254,8397.86592932421,5329.4003723885,440.394311203773,72.1832094707366,39824.8107891359,38.1280664910488,54101.7826780142,1218.04907479964,137.793351789171,"Malawi","All","All",1,18841350.6633035,186
"158",158,18783693.4678419,8948.34547008683,5679.17428273606,469.379115562902,76.9462693250802,42442.7298469686,40.6204768540274,57656.1954615335,1298.11978619516,146.84530991926,"Malawi","All","All",1,18841350.6633035,186
"159",159,18779906.5967038,9534.45238484602,6051.64468676132,500.255820303196,82.0219769666199,45232.4144067804,43.2773240243696,61443.0665996819,1383.44378893559,156.492875958219,"Malawi","All","All",1,18841350.6633035,186
"160",160,18775872.2948721,10158.4304447698,6448.24901615546,533.145768742295,87.4306212276358,48205.003182571,46.1093978400718,65477.3684313063,1474.36171415033,166.774905711997,"Malawi","All","All",1,18841350.6633035,186
"161",161,18771574.6571662,10822.6562520694,6870.51090805887,568.177793021956,93.1937759436669,51372.3392205435,49.1281876408072,69775.0061372782,1571.23572706285,177.732743680644,"Malawi","All","All",1,18841350.6633035,186
"162",162,18766996.7924801,11529.6457988747,7320.04468818029,605.488629822583,99.3343759753259,54747.0114046504,52.34592587995,74352.8708233832,1674.45079528095,189.410374126977,"Malawi","All","All",1,18841350.6633035,186
"163",163,18762120.7637439,12282.061838902,7798.56029075359,645.223389730653,105.876803488231,58342.4015986742,55.7756379780331,79228.8995595267,1784.41612924633,201.854593143506,"Malawi","All","All",1,18841350.6633035,186
"164",164,18756927.5323193,13082.7205579081,8307.86769117082,687.535990040881,112.846968421832,62172.7285873715,59.4311892341123,84422.1309841473,1901.5665247512,215.115169845561,"Malawi","All","All",1,18841350.6633035,186
"165",165,18751396.8965287,13934.5985943075,8849.88189609197,732.589629856197,120.27239812538,66253.0969189312,63.3273374576115,89952.7667747699,2026.36385504289,229.24502657526,"Malawi","All","All",1,18841350.6633035,186
"166",166,18745507.4263626,14840.8403672321,9426.62810596155,780.557293038277,128.182333025622,70599.5490520121,67.4797896103124,95842.23694088,2159.29866376423,244.300432037803,"Malawi","All","All",1,18841350.6633035,186
"167",167,18739236.3972838,15804.765466609,10040.2466221676,831.622257468758,136.60782415263,75229.1185890785,71.9052601238013,102113.2660196,2300.89179096237,260.341199178983,"Malawi","All","All",1,18841350.6633035,186
"168",168,18732559.720869,16829.875896446,10692.9980196312,885.978623045082,145.581836464039,80159.8865254552,76.6215333754087,108789.942434417,2451.69609094137,277.430896016992,"Malawi","All","All",1,18841350.6633035,186
"169",169,18725451.8730696,17919.8632290208,11387.2683637993,943.831853877156,155.139356664177,85411.039900867,81.6475296217351,115897.79023385,2612.29822326138,295.637066918859,"Malawi","All","All",1,18841350.6633035,186
"170",170,18717885.820267,19078.6156655832,12125.5743695068,1005.39933341167,165.317505334298,91002.9327882247,87.0033744205732,123463.843036481,2783.32051487311,315.031464190774,"Malawi","All","All",1,18841350.6633035,186
"171",171,18709832.9431436,20310.224930143,12910.5684622799,1070.91093144479,176.155653558922,96957.1497105487,92.7104718212913,131516.720159797,2965.42289611245,335.690290649217,"Malawi","All","All",1,18841350.6633035,186
"172",172,18701262.9584789,21618.9928428194,13745.043750412,1140.60958052246,187.695544202965,103296.571524956,98.7915816058108,140086.704824518,3159.30491166707,357.694453813086,"Malawi","All","All",1,18841350.6633035,186
"173",173,18692143.8391218,23009.4374477972,14631.9388621206,1214.75185854852,199.981417720298,110045.443694743,105.270900721846,149205.824181651,3365.70780403776,381.129831841208,"Malawi","All","All",1,18841350.6633035,186
"174",174,18682441.73247,24486.2986045296,15574.3425480327,1293.60857424727,213.060142219401,117229.446815455,112.174148985506,158907.930833469,3585.41666534121,406.087551073615,"Malawi","All","All",1,18841350.6633035,186
"175",175,18672120.8778147,26054.5429208322,16575.4979529965,1377.46535156105,226.981347524023,124875.769256695,119.528659167043,169228.785488776,3819.26265316121,432.664275110251,"Malawi","All","All",1,18841350.6633035,186
"176",176,18661143.5229597,27719.3678542959,17638.8064808097,1466.62320812772,241.797562976907,133013.181765966,127.363471613263,180206.14034379,4068.12526566161,460.96250543938,"Malawi","All","All",1,18841350.6633035,186
"177",177,18649469.8406057,29486.2047863263,18767.8311637983,1561.39912213265,257.564358646182,141672.113833295,135.709433548362,191879.822697747,4332.93466971165,491.090893519186,"Malawi","All","All",1,18841350.6633035,186
"178",178,18637057.8450896,31360.7208703915,19966.2994173907,1662.12658106525,274.340489453438,150884.731552349,144.599303156661,204291.818213807,4614.67407384402,523.164564009704,"Malawi","All","All",1,18841350.6633035,186
"179",179,18623863.3101705,33348.8194381435,21238.1050391973,1769.15610493948,292.188041617787,160685.016650509,154.067858523171,217486.35313293,4914.38213592406,557.305448679978,"Malawi","All","All",1,18841350.6633035,186
"180",180,18609839.6886628,35456.638710948,22587.309305121,1882.85573532465,311.172580703249,171108.846297013,164.152011494046,231509.974640604,5233.15539345713,593.642630384632,"Malawi","All","All",1,18841350.6633035,186
"181",181,18594938.0348338,37690.5485301704,24018.1410037764,2003.61148026028,331.36330043206,182194.073228465,174.890926501223,246411.628469605,5572.15070231224,632.312696348634,"Malawi","All","All",1,18841350.6633035,186
"182",182,18579106.9306105,40057.1447949677,25534.9952283773,2131.82770384675,352.833171267242,193980.605650148,186.326144364392,262242.732692971,5932.58766715632,673.460099786234,"Malawi","All","All",1,18841350.6633035,186
"183",183,18562292.4167852,42563.2412714799,27142.4307210813,2267.92744789272,375.659087584673,206510.486279132,198.501711042804,279057.246518214,6315.75104405519,717.237528627013,"Malawi","All","All",1,18841350.6633035,186
"184",184,18544437.9305656,45215.8584051587,28845.1655451624,2412.35267139286,399.922012058784,219827.969792824,211.464311265297,296911.732737862,6722.99309255419,763.806279849888,"Malawi","All","All",1,18841350.6633035,186
"185",185,18525484.2509764,48022.2087343931,30648.0708423126,2565.5643918689,425.707115674404,233979.597835856,225.263406918805,315865.412327023,7155.73585114958,813.336637631621,"Malawi","All","All",1,18841350.6633035,186
"186",186,18505369.4537935,50989.6784769437,32556.1624119057,2728.04271080386,453.103911542294,249014.270618683,239.951380020113,335980.209509898,7615.47330639343,866.008253185748,"Malawi","All","All",1,18841350.6633035,186
"187",187,18484028.8779273,54125.8047814941,34574.5898204551,2900.28670348807,482.206380434771,264983.31401026,255.583680030194,357320.785376162,8103.77342185449,922.010523794282,"Malawi","All","All",1,18841350.6633035,186
"188",188,18461395.1052396,57438.2482343256,36708.6227323988,3082.81415156484,513.113085672358,281940.540884649,272.218975195404,379954.558063806,8622.27998878635,981.542968119762,"Malawi","All","All",1,18841350.6633035,186
"189",189,18437397.9561115,60934.7600495563,38963.6341359539,3276.16109447399,545.92727468433,299942.305329786,289.919307515232,403951.70719197,9172.71425570518,1044.81559443172,"Malawi","All","All",1,18841350.6633035,186
"190",190,18411964.5032275,64623.1434055953,41345.080115036,3480.88117386615,580.756964235271,319047.548166366,308.750250841574,429385.16007594,9756.87628916683,1112.04925788787,"Malawi","All","All",1,18841350.6633035,186
"191",191,18385019.1062542,68511.2083764831,43858.4757976258,3697.54474288291,617.715005955505,339317.832054792,328.781071508331,456330.557049248,10376.6460128254,1183.47600247321,"Malawi","All","All",1,18841350.6633035,186
"192",192,18356483.4702815,72606.719904074,46509.3670991902,3926.7377100085,656.919128436118,360817.364289484,350.08489077139,484866.193021964,11033.9838663837,1259.33938261913,"Malawi","All","All",1,18841350.6633035,186
"193",193,18326276.731098,76917.338250066,49303.2978740831,4169.06008510418,698.491951751489,383613.005196214,372.738848207347,515072.932205426,11730.9310204289,1339.89475889973,"Malawi","All","All",1,18841350.6633035,186
"194",194,18294315.5705518,81450.5513765012,52245.772084241,4425.12419331687,742.560969857823,407774.259862687,396.824265074013,547034.092751678,12469.6090774744,1425.40956153835,"Malawi","All","All",1,18841350.6633035,186
"195",195,18260514.3654019,86213.5987356013,55342.2105957641,4695.55252083839,789.258495889863,433373.250747017,422.426806476563,580835.297901587,13252.2191838654,1516.16351475715,"Malawi","All","All",1,18841350.6633035,186
"196",196,18224785.373191,91213.3859996994,58597.9022260312,4980.97515503882,838.721564944889,460484.668525742,449.636641009486,616564.290112466,14081.0404716178,1612.44881427029,"Malawi","All","All",1,18841350.6633035,186
"197",197,18187038.9587526,96456.3903284977,62017.948689187,5282.02678043561,891.091788509772,489185.698367854,478.548596356354,654310.704550841,14958.4277439296,1714.57024946447,"Malawi","All","All",1,18841350.6633035,186
"198",198,18147183.865002,101948.555860272,65607.2031255358,5599.3431914476,946.515154262057,519555.918660806,509.262309126819,694165.798301451,15886.8083132229,1822.84526103706,"Malawi","All","All",1,18841350.6633035,186
"199",199,18105127.5316296,107695.179232526,69370.2019515713,5933.55728305095,1005.14176457147,551677.169075081,541.882366993825,736222.131673795,16868.6778963597,1937.6039240849,"Malawi","All","All",1,18841350.6633035,186
"200",200,18060776.4652076,113700.785088441,73311.0898356818,6285.29448142919,1067.12550665721,585633.384742623,576.518440964526,780573.198095798,17906.5954683255,2059.18884587124,"Malawi","All","All",1,18841350.6633035,186
"201",201,18014036.6640199,119968.991709481,77433.5376934698,6655.1675786521,1132.6236470345,621510.393249567,613.285405377331,827312.999283582,19003.1769734623,2187.95496676119,"Malawi","All","All",1,18841350.6633035,186
"202",202,17964814.1006216,126502.367134258,81740.6537078857,7043.77093852614,1201.79634262824,659395.671115611,652.303442966686,876535.562681876,20161.0877925576,2324.26925212908,"Malawi","All","All",1,18841350.6633035,186
"203",203,17913015.2647063,133302.276382668,86234.8875141227,7451.67404523654,1274.80606076372,699378.056462272,693.698132079253,928334.398597143,21383.0338651255,2468.51026242936,"Malawi","All","All",1,18841350.6633035,186
"204",204,17858547.7682934,140368.720703715,90917.927849193,7879.41437243879,1351.81690018704,741547.414671662,737.600512863383,982801.895010059,22671.7513693848,2621.06758811474,"Malawi","All","All",1,18841350.6633035,186
"205",205,17801321.0145144,147700.170122202,95790.594155235,8327.48955825446,1432.9938053474,785994.254019048,784.147128992251,1040028.64878908,24029.9948681478,2782.34113571495,"Malawi","All","All",1,18841350.6633035,186
"206",206,17741246.9303276,155293.390994043,100852.722851313,8796.34888144098,1518.50166641927,832809.288541427,833.480041224958,1100102.73297587,25460.5238375454,2952.74025119467,"Malawi","All","All",1,18841350.6633035,186
"207",207,17678240.7631588,163143.270046259,106103.04916527,9286.38404561201,1608.50429798124,882082.945780655,885.746808865062,1163108.90014464,26966.0875072233,3132.68266672645,"Malawi","All","All",1,18841350.6633035,186
"208",208,17612221.9384917,171242.638497954,111539.08575979,9797.91929228132,1703.16328993021,933904.817536871,941.100434949612,1229127.72481178,28549.4079560759,3322.5932572872,"Malawi","All","All",1,18841350.6633035,186
"209",209,17543114.9758788,179582.098427905,117156.999705413,10331.2008803059,1802.63672512965,988363.052415095,999.699270801652,1298234.68742465,30213.1614276347,3522.90259406192,"Malawi","All","All",1,18841350.6633035,186
"210",210,17470850.4584676,188149.854872352,122951.489599766,10886.3859885492,1907.07775950764,1045543.68974026,1061.70687541468,1370499.20483585,31959.9578537461,3734.04528257287,"Malawi","All","All",1,18841350.6633035,186
"211",211,17395366.0494335,196931.557616283,128915.664911339,11463.5311194747,2016.63306186034,1105529.93533598,1127.29182501907,1445983.61386996,33792.318603604,3956.45807478808,"Malawi","All","All",1,18841350.6633035,186
"212",212,17316607.546769,205910.15713745,135040.929989075,12062.5801041166,2131.44111249498,1168401.38072318,1196.62746811906,1524742.11653444,35712.6525079399,4190.57774623619,"Malawi","All","All",1,18841350.6633035,186
"213",213,17234529.9659856,215065.779434103,141316.875542548,12683.3518341017,2251.63036208107,1234233.16852373,1269.8916212965,1606819.69731786,37723.2302460896,4436.83873140164,"Malawi","All","All",1,18841350.6633035,186
"214",214,17149098.6382881,224375.624753833,147731.180682488,13325.5278737648,2377.31725469428,1303095.10824941,1347.26620116572,1692251.02501536,39826.1572266414,4695.6705134427,"Malawi","All","All",1,18841350.6633035,186
"215",215,17060290.3097041,233813.895539586,154269.52883584,13988.6401335563,2508.60412204784,1375050.74818022,1428.93678804659,1781059.3535993,42023.3451392901,4967.49476759876,"Malawi","All","All",1,18841350.6633035,186
"216",216,16968094.2246296,243351.759072276,160915.541054923,14672.0588138359,2645.57695929569,1450156.41065628,1515.09211721213,1873255.43867383,44316.4824053538,5252.72226154077,"Malawi","All","All",1,18841350.6633035,186
"217",217,16872513.1754021,252957.350240239,167650.73040505,15374.9808553962,2788.30309652633,1528460.19981009,1605.92349397572,1968836.48790128,46707.003806709,5551.74952035694,"Malawi","All","All",1,18841350.6633035,186
"218",218,16773564.4978949,262595.819628232,174454.481179735,16096.4191591294,2936.82878410544,1610000.99252794,1701.62412942206,2067785.16540856,49196.0596269976,5864.9552688322,"Malawi","All","All",1,18841350.6633035,186
"219",219,16671280.9917948,272229.431709297,181304.05662733,16835.1928607782,3091.17671431842,1694807.42520259,1802.38839426412,2170068.67150858,51784.484693301,6192.6966691403,"Malawi","All","All",1,18841350.6633035,186
"220",220,16565711.743301,281817.717303505,188174.638682172,17589.9189659756,3251.34350623555,1782896.89055538,1908.41098913367,2275637.9200024,54472.7677589937,6535.30537795855,"Malawi","All","All",1,18841350.6633035,186
"221",221,16456922.82755,291317.683597735,195039.402875915,18359.005664323,3417.29718526567,1874274.56039955,2019.88603058874,2384426.83575338,57261.0217171474,6893.08345323855,"Malawi","All","All",1,18841350.6633035,186
"222",222,16344997.8682422,300684.083899651,201869.631139425,19140.6476479095,3588.9746933498,1968932.45162761,2137.00605324917,2496351.79506119,60148.9551767752,7266.2991472911,"Malawi","All","All",1,18841350.6633035,186
"223",223,16230038.4327589,309869.747951385,208634.864573516,19932.8237581492,3766.279470029,2066848.5538617,2259.96092974565,2611311.23054453,63135.8459692339,7655.18262932042,"Malawi","All","All",1,18841350.6633035,186
"224",224,16112164.2425917,318825.972076352,215303.097469951,20733.2972736756,3949.07914854277,2167986.03803163,2388.93671158016,2729185.42071173,66220.5171768039,8059.9216868945,"Malawi","All","All",1,18841350.6633035,186
"225",225,15991513.1814243,327502.966494106,221841.012892122,21539.61912984,4137.20341449733,2272292.56555298,2524.11439553024,2849836.48187908,69401.3162872813,8480.65746186234,"Malawi","All","All",1,18841350.6633035,186
"226",226,15868241.0871117,335850.354578886,228214.258913236,22349.134325501,4330.44207728702,2379699.71767494,2665.6686218658,2973108.57619172,72676.098074359,8917.48028168847,"Malawi","All","All",1,18841350.6633035,186
"227",227,15742521.308939,343817.724665746,234387.764198339,23158.9917296692,4528.54340618832,2490122.56405214,2813.76631235692,3098828.35436445,76042.2117868614,9370.42565185357,"Malawi","All","All",1,18841350.6633035,186
"228",228,15614544.036646,351355.213195356,240326.0894734,23966.1574451519,4731.21278372421,2603459.388502,2968.56525780203,3226805.62665743,79496.4931953034,9839.47047866071,"Malawi","All","All",1,18841350.6633035,186
"229",229,15484515.3910045,358414.1183338,245993.809764348,24767.4318127057,4938.11172830459,2719591.58799322,3130.21266655789,3356834.27229894,83035.2619842857,10324.5295942104,"Malawi","All","All",1,18841350.6633035,186
"230",230,15352656.2802296,364947.531928338,251355.921730479,25559.4700541524,5148.8573360609,2838383.75833756,3298.84368726171,3488693.38307386,86654.3248989986,10825.4526561599,"Malawi","All","All",1,18841350.6633035,186
"231",231,15219201.0317481,370910.976106163,256378.269729526,26338.8064673779,5363.02218813688,2959683.97714357,3474.57992054824,3622148.63155533,90348.9849635962,11342.0214940016,"Malawi","All","All",1,18841350.6633035,186
"232",232,15084395.815407,376263.029151957,261027.982747418,27101.8819988514,5580.13476454649,3083324.29129765,3657.5279360302,3756953.84789646,94114.0569870832,11873.9479709656,"Malawi","All","All",1,18841350.6633035,186
"233",233,14948496.8787106,380965.92626879,265273.91289218,27845.0749224067,5799.68039909585,3209121.41229832,3847.77781207767,3892852.78459287,97943.8894504409,12420.8724262184,"Malawi","All","All",1,18841350.6633035,186
"234",234,14811768.619245,384986.121394678,269087.065654569,28564.734249153,6021.10280171517,3336877.61824137,4045.40171695333,4029581.04405845,101832.392728761,12982.3627556354,"Malawi","All","All",1,18841350.6633035,186
"235",235,14674481.5243298,388294.796053265,272441.012264357,29257.2153956813,6243.80616487126,3466381.85654486,4250.45255058365,4166868.13897362,105773.073456873,13557.9141809967,"Malawi","All","All",1,18841350.6633035,186
"236",236,14536910.012079,390868.301667717,275312.274556606,29918.9175547034,6467.1578597912,3597411.03691899,4462.96266662512,4304439.65122443,109759.074705865,14146.9497471631,"Malawi","All","All",1,18841350.6633035,186
"237",237,14399330.2107949,392688.523479868,277680.672843351,30546.3221421267,6690.49171641267,3729731.49963231,4682.94269448049,4442019.45250856,113783.221501037,14748.8215749716,"Malawi","All","All",1,18841350.6633035,186
"238",238,14262017.715153,393743.156544625,279529.627842821,31136.0316350292,6913.11186861294,3863100.63977878,4910.38048050999,4579331.94815039,117838.071078535,15362.8128845183,"Malawi","All","All",1,18841350.6633035,186
"239",239,14125245.358219,394025.886616716,280846.408882411,31684.8080709489,7134.29713361326,3997268.66421391,5145.24016685383,4716104.30508446,121915.967154402,15988.1407894162,"Malawi","All","All",1,18841350.6633035,186
"240",240,13989281.037849,393536.471220342,281622.322067566,32189.6104578067,7353.30588184452,4131980.45440185,5387.46142503132,4852068.62545445,126009.097375341,16623.9598478505,"Malawi","All","All",1,18841350.6633035,186
"241",241,13854385.6342975,392280.719025887,281852.833668129,32647.6303479418,7569.38134145842,4266977.50576266,5636.95885981632,4986964.0290059,130109.553040215,17269.3663412888,"Malawi","All","All",1,18841350.6633035,186
"242",242,13720811.0529804,390270.368689699,281537.6256616,33056.3248566604,7781.75727055794,4401999.91224764,5893.62159683332,5120538.61032299,134209.390125517,17923.4032370538,"Malawi","All","All",1,18841350.6633035,186
"243",243,13588798.4225856,387522.871201833,280680.582259968,33413.4464533012,7989.6639204859,4536788.36381737,6157.31306491276,5252551.24071787,138300.690617387,18585.0657770926,"Malawi","All","All",1,18841350.6633035,186
"244",244,13458576.474254,384061.08238545,279289.708229235,33717.0689211575,8192.33420545024,4671086.12432656,6427.87098154043,5382773.18904939,142375.623149312,19253.3076225631,"Malawi","All","All",1,18841350.6633035,186
"245",245,13330360.1220842,379912.874870079,277376.981754712,33965.6089712047,8389.00998765933,4804640.95808875,6705.10754679564,5510989.5412192,146426.501970256,19927.0474726954,"Malawi","All","All",1,18841350.6633035,186
"246",246,13204349.2582902,375110.682020721,274958.146555957,34157.8431012629,8578.94838325939,4937206.97510393,6988.80984806446,5637000.4050132,150445.843322565,20605.1760671529,"Malawi","All","All",1,18841350.6633035,186
"247",247,13080727.7857144,369690.974386369,272052.448132789,34292.9194035369,8761.4279928358,5068546.36719891,7278.74047461542,5760621.87758906,154426.418380582,21286.563474085,"Malawi","All","All",1,18841350.6633035,186
"248",248,12959662.8682981,363693.7053634,268682.32192801,34370.3641423643,8935.7549610497,5198431.01027261,7574.63833791334,5881686.79500535,158361.301993199,21970.0665613464,"Malawi","All","All",1,18841350.6633035,186
"249",249,12841304.4138402,357161.723419241,264873.042808136,34390.0830575583,9101.26877316117,5326643.91171469,7876.21969040354,6000045.2494632,162243.916594517,22654.536546127,"Malawi","All","All",1,18841350.6633035,186
"250",250,12725784.7819089,350140.165840435,260652.344614103,34352.3574819974,9257.34770175735,5452980.48642372,8183.17933250035,6115564.88139451,166068.070782389,23338.8265186458,"Malawi","All","All",1,18841350.6633035,186
"251",251,12613218.7061614,342675.84885906,256050.01798629,34257.8354744369,9403.4138246958,5577249.6490028,8495.19199473828,6228130.95714202,169827.992193358,24021.798838477,"Malawi","All","All",1,18841350.6633035,186
"252",252,12503703.4151142,334816.669282187,251097.495533599,34107.5182631541,9538.9375445839,5699274.71368613,8811.91387955447,6337646.24818921,173518.354425545,24702.3323071032,"Malawi","All","All",1,18841350.6633035,186
"253",253,12397318.9343598,326611.028681963,245827.434158451,33902.7423892892,9663.44155066039,5818894.09781827,9132.98434501507,6444030.72894365,177134.297892836,25379.3290271247,"Malawi","All","All",1,18841350.6633035,186
"254",254,12294128.5520882,318107.288552134,240273.303544941,33645.1580288821,9776.50417560519,5935961.82920264,9458.02771101455,6547221.11121522,180671.444632351,26051.7208671477,"Malawi","All","All",1,18841350.6633035,186
"255",255,12194179.427678,309353.264381314,234468.988207453,33336.7040405008,9877.76211238377,6050347.8617167,9786.65516709717,6647170.23562545,184125.907212686,26718.4754615758,"Malawi","All","All",1,18841350.6633035,186
"256",256,12097503.3216042,300395.765852134,228448.409412058,32979.5803221204,9966.91246921652,6161938.20688359,10118.4667600979,6743846.34169922,187494.291991182,27378.6016858786,"Malawi","All","All",1,18841350.6633035,186
"257",257,12004117.4248413,291280.188247679,222245.172722991,32576.2180771667,10043.7141535283,6270634.89182147,10453.0534392826,6837232.23846212,190773.697051778,28031.1545597848,"Malawi","All","All",1,18841350.6633035,186
"258",258,11914025.2666852,282050.157782999,215892.246056199,32129.2485967984,10107.9885879172,6376355.75645769,10789.999136568,6927324.39661818,193961.705229944,28675.239542859,"Malawi","All","All",1,18841350.6633035,186
"259",259,11827217.6807885,272747.232003407,209421.671725687,31641.471161273,10159.6197726723,6479034.10499219,11128.8828597009,7014131.98251494,197056.372694704,29310.0161989264,"Malawi","All","All",1,18841350.6633035,186
"260",260,11743673.81024,263410.655301953,202864.314579678,31115.8206401422,10198.5537200056,6578618.22804472,11469.2807769385,7097675.85306344,200056.213601152,29934.7012175893,"Malawi","All","All",1,18841350.6633035,186
"261",261,11663362.1340031,254077.168401727,196249.647312131,30555.3353300564,10224.7972946454,6675070.81268894,11810.7682727766,7177987.52930028,202960.18134913,30548.5707922825,"Malawi","All","All",1,18841350.6633035,186
"262",262,11586241.4988501,244780.869382511,189605.573228356,29963.1255184858,10238.4165034675,6768368.25786489,12152.9219555685,7255108.16445328,205767.646991171,31150.9623645818,"Malawi","All","All",1,18841350.6633035,186
"263",263,11512262.1428136,235553.122888955,182958.285889883,29342.3432073173,10239.5342833566,6858499.91262084,12495.3215994184,7329087.52048978,208478.375330246,31741.2757536437,"Malawi","All","All",1,18841350.6633035,186
"264",264,11441366.6980188,226422.513600799,176332.164217098,28696.1533717581,10228.327841536,6945467.25424896,12837.5520044678,7399982.96528463,211092.49923457,32318.9736976844,"Malawi","All","All",1,18841350.6633035,186
"265",265,11373491.1627527,217414.83954345,169749.700962018,28027.7070664022,10205.0256062165,7029283.02261104,13179.2047615703,7467858.50055071,213610.492671837,32883.5818412518,"Malawi","All","All",1,18841350.6633035,186
"266",266,11308565.8349669,208553.140128791,163231.461966496,27340.1166240959,10169.9038475978,7109970.32586019,13519.8799093229,7532783.8283365,216033.142930471,33434.6882076193,"Malawi","All","All",1,18841350.6633035,186
"267",267,11246516.1963733,199857.757973951,156796.073754611,26636.4331311976,10123.2830300423,7187561.73156682,13859.1874734495,7594833.46693008,218361.522457573,33971.942199905,"Malawi","All","All",1,18841350.6633035,186
"268",268,11187263.7497608,191346.422205564,150460.236245404,25919.6263044932,10065.523955801,7262098.35595085,14196.7488805587,7654085.91354267,220596.960702104,34495.0531775674,"Malawi","All","All",1,18841350.6633035,186
"269",269,11130726.800855,183034.354156419,144238.757046484,25192.5668369109,9997.02375913445,7333628.96240919,14532.1982402967,7710622.86244844,222741.016304487,35003.7886568354,"Malawi","All","All",1,18841350.6633035,186
"270",270,11076821.1828807,174934.390744501,138144.604212593,24458.0112251406,9918.21180716551,7402209.07894149,14865.1834918424,7764528.48042274,224795.449924303,35497.9721844295,"Malawi","All","All",1,18841350.6633035,186
"271",271,11025460.9229081,167057.121014849,132188.97471626,23718.5890486482,9829.5455604642,7467900.14264262,15195.3674125231,7815888.74039537,226762.19795311,35977.4809337566,"Malawi","All","All",1,18841350.6633035,186
"272",272,10976558.8505719,159411.031307261,126381.375727824,22976.7926348195,9731.50644244609,7530768.67813117,15522.4284880363,7864790.81273156,228643.347319122,36442.2430717707,"Malawi","All","All",1,18841350.6633035,186
"273",273,10930027.1499628,152002.655832394,120729.715642821,22234.969012755,9624.59576232885,7590885.51544498,15846.0616453323,7911322.51334062,230441.111549052,36892.2349430624,"Malawi","All","All",1,18841350.6633035,186
"274",274,10885777.8558259,144836.730219342,115240.402097798,21495.314028037,9509.33073172327,7648325.05154999,16165.9788506329,7955571.80747753,232157.808209619,37327.4781155102,"Malawi","All","All",1,18841350.6633035,186
"275",275,10843723.2959435,137916.345602345,109918.444738357,20759.8684680673,9386.24061000522,7703164.55836487,16481.9095763173,7997626.36735997,233795.837812939,37748.0363290621,"Malawi","All","All",1,18841350.6633035,186
"276",276,10803776.482246,131243.100860602,104767.560807741,20030.5160346809,9255.86300858655,7755483.53920431,16793.6011414995,8037573.18105743,235357.664239314,38154.0123860662,"Malawi","All","All",1,18841350.6633035,186
"277",277,10765851.4534926,124817.25109523,99790.2817154554,19308.9829937208,9118.74037926369,7805363.13469509,17100.818932045,8075498.20981081,236845.796705032,38545.5450182205,"Malawi","All","All",1,18841350.6633035,186
"278",278,10729863.5724636,118637.850981052,94988.0589103752,18596.8393259482,8975.4167070696,7852885.57840883,17403.3465065365,8111486.09083982,238262.773278032,38922.805761769,"Malawi","All","All",1,18841350.6633035,186
"279",279,10695729.780724,112702.891946923,90361.3677085125,17895.5012006187,8826.4344235021,7898133.70170453,17700.9855953033,8145619.88257939,239611.14592146,39285.9958690597,"Malawi","All","All",1,18841350.6633035,186
"280",280,10663368.8141342,107009.432304293,85909.8080471659,17206.2345947964,8672.33155167259,7941190.48667123,17993.5560000885,8177980.84916925,240893.467026877,39635.343281042,"Malawi","All","All",1,18841350.6633035,186
"281",281,10632701.3823065,101553.719659676,81632.2013361954,16530.159887871,8513.63909089267,7982138.66562008,18280.8954022442,8208648.28099696,242112.277385645,39971.0996817998,"Malawi","All","All",1,18841350.6633035,186
"282",282,10603650.3151397,96331.3052186667,77526.6827144574,15868.2572692357,8350.87864456699,8021060.36522931,18562.8590875373,8237699.34816378,243270.095536765,40293.5376528933,"Malawi","All","All",1,18841350.6633035,186
"283",283,10576140.6794626,91337.1498077861,73590.7881873864,15221.3728060574,8184.56029200344,8058036.79315186,18839.3195957178,8265208.98384082,244369.408420733,40602.9479421534,"Malawi","All","All",1,18841350.6633035,186
"284",284,10550099.8687171,86565.7215751728,69821.5363121746,14590.2250279554,8015.18070186273,8093147.9646662,19110.1663029763,8291249.79458634,245412.66326227,40899.6368586306,"Malawi","All","All",1,18841350.6633035,186
"285",285,10525457.6684652,82011.0854517946,66215.5042515589,13975.4118968826,7843.22148243637,8126472.46681024,19375.3049452962,8315891.99483821,246402.260600833,41183.9238026652,"Malawi","All","All",1,18841350.6633035,186
"286",286,10502146.300291,77666.9846140073,62768.8981270139,13377.418043074,7669.14776177679,8158087.25737605,19634.657090508,8339203.36301243,247340.548386216,41456.1389375376,"Malawi","All","All",1,18841350.6633035,186
"287",287,10480100.4470744,73526.913764384,59477.6176316995,12796.6221601708,7493.40698890598,8188067.49611731,19888.1595665896,8361249.21622906,248229.817056101,41716.6210069055,"Malawi","All","All",1,18841350.6633035,186
"288",288,10459257.2610381,69584.1854666622,56337.315008528,12233.3044643975,7316.42794587234,8216486.40552646,20135.7638534378,8382092.40226536,249072.295512856,41965.7153002309,"Malawi","All","All",1,18841350.6633035,186
"289",289,10439556.3572928,65831.9892828235,53343.4485973258,11687.6541345799,7138.61995927759,8243415.15859164,20377.4354449729,8401793.30601062,249870.1479188,42203.7717666281,"Malawi","All","All",1,18841350.6633035,186
"290",290,10420939.7948042,62263.4441596055,50491.3311559516,11159.7766615691,6960.37229903505,8268922.79103501,20613.153188044,8420409.86849922,250625.471232249,42431.1432760203,"Malawi","All","All",1,18841350.6633035,186
"291",291,10403352.046563,58871.6445485391,47776.1731575083,10649.7010463252,6782.05375152577,8293076.13563233,20842.9086041829,8437997.61674041,251340.293409881,42648.1840251813,"Malawi","All","All",1,18841350.6633035,186
"292",292,10386739.960514,55649.7008032916,45193.1213222131,10157.3867954946,6604.01235395863,8315939.77631467,21066.7051998159,8454609.70278945,252016.57220429,42855.2480851204,"Malawi","All","All",1,18841350.6633035,186
"293",293,10371052.7127147,52590.7742912148,42737.2927029914,9682.73067247302,6426.57527658106,8337576.01987538,21284.5577701043,8470296.95058875,252656.194489559,43052.6880853522,"Malawi","All","All",1,18841350.6633035,186
"294",294,10356241.7540925,49688.1075999196,40403.8046476766,9225.57317085108,6250.04883940708,8358044.8832519,21496.4917011306,8485107.90921088,253260.976052316,43240.854029839,"Malawi","All","All",1,18841350.6633035,186
"295",295,10342260.752011,46935.050249887,38187.8009312828,8785.70468513703,6074.71865031188,8377404.09450114,21702.54227471,8499088.91129247,253832.661790517,43420.0922388165,"Malawi","All","All",1,18841350.6633035,186
"296",296,10329065.5276985,44325.0803490482,36084.4743420937,8362.87136035774,5900.84985166017,8395709.10572214,21902.7539796687,8512284.13560497,254372.926266425,43590.7444102812,"Malawi","All","All",1,18841350.6633035,186
"297",297,10316613.9904754,41851.822596715,34089.0860186651,7956.78060792017,5728.68746305714,8413013.11630864,22097.17983301,8524735.67282802,254883.374564361,43753.146794615,"Malawi","All","All",1,18841350.6633035,186
"298",298,10304866.0696157,39509.0629979527,32196.9818379559,7567.1062804615,5558.45680831412,8429367.10504909,22285.8807139807,8536483.59368776,255365.543408,43907.6294756246,"Malawi","All","All",1,18841350.6633035,186
"299",299,10293783.6445824,37290.7606242571,30403.6061349923,7193.49350328104,5390.36401529204,8444819.86972956,22468.9247136643,8547566.01872106,255820.902496331,44054.5157511739,"Malawi","All","All",1,18841350.6633035,186
"300",300,10283330.4742792,35191.0567457263,28704.5130100413,6835.56316401187,5224.59657791322,8459418.07302416,22646.3865023548,8558019.18902422,256250.856021387,44194.1216065845,"Malawi","All","All",1,18841350.6633035,186
"301",301,10273472.1258706,33204.2816413854,27095.3754656206,6492.91606541688,5061.32397029709,8473206.29357345,22818.3467166215,8567877.53743279,256656.744334499,44326.7552740426,"Malawi","All","All",1,18841350.6633035,186
"302",302,10264175.9036502,31324.9593654289,25571.9926072136,6165.1367488561,4900.69830365987,8486227.0812604,22984.8913676495,8577173.75965321,257039.845731179,44452.7168713802,"Malawi","All","All",1,18841350.6633035,186
"303",303,10255410.7783692,29547.8107199642,24130.2951272892,5851.79699827166,4742.85501730981,8498521.01579927,23146.1112721374,8585938.88493425,257401.378328013,44572.2981137693,"Malawi","All","All",1,18841350.6633035,186
"304",304,10247147.3173743,27867.7546645989,22766.3492723206,5552.45903643234,4587.9135957628,8510126.76785322,23302.1015067586,8594202.3459291,257742.502008057,44685.7820920831,"Malawi","All","All",1,18841350.6633035,186
"305",305,10239357.6158473,26279.9083755347,21476.359474325,5266.67842658751,4435.97830469054,8521081.16198805,23452.9608869353,8601992.04745613,258064.320414047,44793.4431119276,"Malawi","All","All",1,18841350.6633035,186
"306",306,10232015.2293856,24779.5861483433,20256.6698148838,4994.00669365945,4287.1389390864,8531419.24085141,23598.7914704422,8609334.43391783,258367.882971222,44895.5465876165,"Malawi","All","All",1,18841350.6633035,186
"307",307,10225095.108147,23362.2972963567,19103.7644744975,4733.99367977527,4141.47157768478,8541174.33004196,23739.6980861476,8616254.55515642,258654.186923907,44992.348985656,"Malawi","All","All",1,18841350.6633035,186
"308",308,10218573.5326788,22023.7432371563,18014.2673084887,4486.18964939256,3999.03933829385,8550378.10320324,23875.7878880089,8622776.13062458,258924.179372105,45084.097812601,"Malawi","All","All",1,18841350.6633035,186
"309",309,10212428.0515862,20759.8138758864,16984.9406768526,4250.14715951503,3859.89312929747,8559060.64694143,24007.1699342734,8628921.61171725,259178.759296328,45171.0316424528,"Malawi","All","All",1,18841350.6633035,186
"310",310,10206637.4211328,19566.5834111454,16012.6836402823,4025.42271050504,3724.07239314764,8567250.5252239,24133.9547916845,8634712.24217067,259418.779560674,45253.3801790753,"Malawi","All","All",1,18841350.6633035,186
"311",311,10201181.5468443,18440.3056750811,15094.5296221747,3811.57819280385,3591.60583820108,8574974.84296648,24256.2541643626,8640168.11645911,259645.048885648,45331.3643494166,"Malawi","All","All",1,18841350.6633035,186
"312",312,10196041.4271585,17377.4091078555,14227.6436274935,3608.18214453866,3462.51215575088,8582259.30856236,24374.180546917,8645308.23614492,259858.333783641,45405.1964236215,"Malawi","All","All",1,18841350.6633035,186
"313",313,10191199.0991494,16374.491450265,13409.319100726,3414.81083458902,3336.80071956586,8589128.29514763,24487.846901249,8650150.56415403,260059.360451223,45475.0801584187,"Malawi","All","All",1,18841350.6633035,186
"314",314,10186637.5863392,15428.3142261498,12636.9744950762,3231.04918520778,3214.47226567765,8595604.90043573,24597.3663564199,8654712.07696426,260248.816613509,45541.2109604461,"Malawi","All","All",1,18841350.6633035,186
"315",315,10182340.8485941,14535.7970787461,11908.1496152131,3056.49154772662,3095.51955054915,8601711.00498622,24702.851930894,8659008.81470935,260427.353316894,45603.776066459,"Malawi","All","All",1,18841350.6633035,186
"316",316,10178293.7340887,13694.0120180969,11220.5017882278,2890.74234423706,2979.92798611816,8607467.32880165,24804.416276405,8663055.92921474,260595.586667258,45662.9547376238,"Malawi","All","All",1,18841350.6633035,186
"317",317,10174481.9333117,12900.1776283447,10571.8019114148,2733.41658746777,2867.67625053727,8612893.48617135,24902.1714426536,8666867.72999176,260754.099511499,45718.9184653536,"Malawi","All","All",1,18841350.6633035,186
"318",318,10170891.9350789,12151.6532758058,9959.93041953167,2584.14029040584,2758.73687372645,8618008.03870304,24996.2286620082,8670457.72822452,260903.443060927,45771.8311863768,"Malawi","All","All",1,18841350.6633035,186
"319",319,10167510.9845125,11445.9333525487,9382.8732080323,2442.55077653265,2653.07679712126,8622828.5465033,25086.698153354,8673838.67879089,261044.138455594,45821.8495049524,"Malawi","All","All",1,18841350.6633035,186
"320",320,10164327.0429383,10780.6415852346,8838.71754326708,2308.2969008568,2550.65790723715,8627371.61748428,25173.6889442221,8677022.6203651,261176.67826919,45869.1229203571,"Malawi","All","All",1,18841350.6633035,186
"321",321,10161328.7496497,10153.5254342648,8325.64798622694,2181.03919123625,2451.43754288241,8631652.95478876,25257.3087103195,8680020.91365369,261301.527954477,45913.7940579639,"Malawi","All","All",1,18841350.6633035,186
"322",322,10158505.385483,9562.45060373373,7841.94235263938,2060.44991880808,2355.36897603842,8635687.40233763,25337.6636315781,8682844.27782043,261419.127229662,45955.9989024139,"Malawi","All","All",1,18841350.6633035,186
"323",323,10155846.8381454,9005.39567873165,7385.96772861946,1946.21310569576,2262.40186658893,8639488.98851454,25414.858263845,8685502.82515802,261529.89140635,45995.8670315528,"Malawi","All","All",1,18841350.6633035,186
"324",324,10153343.5692368,8480.44690329917,6956.17655768717,1838.02447753884,2172.48269122211,8643070.96801151,25488.9954253458,8688006.0940666,261634.212660032,46033.5218499602,"Malawi","All","All",1,18841350.6633035,186
"325",325,10150986.5829035,7985.793109458,6551.10281204496,1735.59136778597,2085.55514695064,8646445.86186665,25560.1760970624,8690363.08039995,261732.461244216,46069.080821042,"Malawi","All","All",1,18841350.6633035,186
"326",326,10148767.3960626,7519.72080498078,6169.35825855741,1638.63258011269,2001.56052979901,8649625.49573116,25628.4993361875,8692582.2672408,261824.986649537,46102.6556967915,"Malawi","All","All",1,18841350.6633035,186
"327",327,10146678.0101341,7080.60942759015,5809.62882799196,1546.87821477852,1920.4380892943,8652621.03640787,25694.0622018345,8694671.65316936,261912.118709259,46134.352744443,"Malawi","All","All",1,18841350.6633035,186
"328",328,10144710.8842209,6666.92676544834,5470.67109388013,1460.06946422222,1842.12535946823,8655443.02670732,25756.9596922065,8696638.77908254,261994.168652745,46164.2729693552,"Malawi","All","All",1,18841350.6633035,186
"329",329,10142858.909676,6277.22454880595,5151.30886553534,1377.95838270793,1766.55846713656,8658101.41867084,25817.2846924505,8698490.75362747,262071.430108503,46192.5123335587,"Malawi","All","All",1,18841350.6633035,186
"330",330,10141115.3859944,5910.13421342025,4850.42989853439,1300.30763437577,1693.67241826761,8660605.605212,25875.1279324508,8700234.27730904,262144.180058512,46219.1619694976,"Malawi","All","All",1,18841350.6633035,186
"331",331,10139473.997973,5564.36283509206,4566.98272491206,1226.890223625,1623.40136328635,8662964.45022967,25930.5779538448,8701875.66533042,262212.679745553,46244.3083885724,"Malawi","All","All",1,18841350.6633035,186
"332",332,10137928.7940798,5238.68923343776,4299.97360413137,1157.48921136268,1555.67884218519,8665186.31724697,25983.7210855675,8703420.86922365,262277.175535278,46268.0336841706,"Malawi","All","All",1,18841350.6633035,186
"333",333,10136474.1659771,4931.96024263144,4048.46359479663,1091.89742028371,1490.43801032861,8667279.09663105,26034.6414272688,8704875.49732635,262337.899734801,46290.4157289345,"Malawi","All","All",1,18841350.6633035,186
"334",334,10135104.8291443,4643.087146379,3811.56574632932,1029.91713200564,1427.6118458471,8669250.23144861,26083.4208399694,8706244.83415914,262395.07136955,46311.528366077,"Malawi","All","All",1,18841350.6633035,186
"335",335,10133815.8045469,4371.04227364601,3588.44240932467,971.359778566301,1367.13333951721,8671106.74201216,26130.1389433569,8707533.85875656,262448.896920108,46331.4415946079,"Malawi","All","All",1,18841350.6633035,186
"336",336,10132602.401301,4114.85575102933,3378.30266280777,916.045630504334,1308.93566802009,8672855.24917093,26174.8731191502,8708747.26200244,262499.571020783,46350.2217483824,"Malawi","All","All",1,18841350.6633035,186
"337",337,10131460.2002846,3873.61240733904,3180.39985608463,863.803483478857,1252.95235146126,8674501.99640044,26217.6985199916,8709889.46301879,262547.277121566,46367.9316689226,"Malawi","All","All",1,18841350.6633035,186
"338",338,10130385.0386478,3646.44882579011,2994.02926246917,814.470345142918,1199.11739602065,8676052.87074281,26258.6880833558,8710964.62465558,262592.188115138,46384.6308720007,"Malawi","All","All",1,18841350.6633035,186
"339",339,10129372.9951765,3432.55053901638,2818.52584191455,767.891123763174,1147.36542258386,8677513.42264966,26297.9125499907,8711976.66812692,262634.46693053,46400.3757080044,"Malawi","All","All",1,18841350.6633035,186
"340",340,10128420.3764662,3231.1493619279,2653.26210940246,723.918319877041,1097.6317821856,8678888.88477737,26335.4404864376,8712929.2868372,262674.267095007,46415.2195161315,"Malawi","All","All",1,18841350.6633035,186
"341",341,10127523.7038643,3041.52085732397,2497.64610577337,682.411722096881,1049.85265907218,8680184.18978367,26371.338311202,8713825.95943914,262711.733265666,46429.2127724874,"Malawi","All","All",1,18841350.6633035,186
"342",342,10126679.7011398,2862.98192915652,2351.1194675298,643.238108006504,1003.96516216531,8681403.98717259,26405.6703241743,8714669.96216362,262747.001732249,46442.4032321751,"Malawi","All","All",1,18841350.6633035,186
"343",343,10125885.2828438,2694.8885383572,2213.1555920575,606.27095094655,959.907405682117,8682552.65923368,26438.4987389258,8715464.38045964,262780.200892552,46454.8360654898,"Malawi","All","All",1,18841350.6633035,186
"344",344,10125137.5433225,2536.63353616787,2083.25789468194,571.390133351245,917.618579638347,8683634.33611953,26469.8837175287,8716212.11998089,262811.451701815,46466.5539883401,"Malawi","All","All",1,18841350.6633035,186
"345",345,10124433.7463497,2387.64460995176,1960.95815397312,538.481667179087,877.039010932584,8684652.91010411,26499.8834075752,8716915.91695372,262840.868097392,46477.5973870335,"Malawi","All","All",1,18841350.6633035,186
"346",346,10123771.3153437,2247.38233651316,1845.81494171107,507.437421873097,838.110215679878,8685612.04906284,26528.5539810899,8717578.3479597,262868.557399965,46488.0044375702,"Malawi","All","All",1,18841350.6633035,186
"347",347,10123147.8241387,2115.33833842533,1737.41213398472,478.154860191092,800.774943433109,8686515.20921366,26555.9496750553,8718201.83916474,262894.620692506,46497.8112196,"Malawi","All","All",1,18841350.6633035,186
"348",348,10122560.9882793,1991.03353803547,1635.35749990448,450.536782161744,764.977213900592,8687365.64715685,26582.1228332889,8718788.67502413,262919.153178137,46507.0518252013,"Malawi","All","All",1,18841350.6633035,186
"349",349,10122008.6568109,1874.0165050117,1539.28136446267,424.491077346947,730.66234673853,8688166.43124958,26607.1239494304,8719341.00649256,262942.244518,46515.7584626452,"Malawi","All","All",1,18841350.6633035,186
"350",350,10121488.8045372,1763.86189295732,1448.83534218899,399.930485524768,697.776984967444,8688920.45234978,26631.0017108172,8719860.85876623,262963.979150192,46523.9615553124,"Malawi","All","All",1,18841350.6633035,186
"351",351,10120999.5247206,1660.16896075479,1363.691138355,376.772365849652,666.269112532617,8689630.4339623,26653.8030430436,8720350.13858283,262984.436590763,46531.6898359296,"Malawi","All","All",1,18841350.6633035,186
"352",352,10120539.0221996,1562.56017441856,1283.53941455047,354.93847449645,636.08806650011,8690298.94181882,26675.5731550158,8720810.6411038,263003.691717738,46538.9704362966,"Malawi","All","All",1,18841350.6633035,186
"353",353,10120105.6069014,1470.67988546064,1208.08871552605,334.354750751037,607.184544352112,8690928.39292163,26696.355584332,8721244.05640204,263021.815039092,46545.8289726701,"Malawi","All","All",1,18841350.6633035,186
"354",354,10119697.6877262,1384.19308195676,1137.06445430741,314.951111472194,579.510606818365,8691521.06407981,26716.1922428306,8721651.97557719,263038.872945526,46552.2896269736,"Malawi","All","All",1,18841350.6633035,186
"355",355,10119313.7667843,1302.78420862498,1070.20795271326,296.661253816941,553.019676654181,8692079.09996519,26735.1234621636,8722035.89651915,263054.927948881,46558.375223998,"Malawi","All","All",1,18841350.6633035,186
"356",356,10118952.4339636,1226.15605235347,1007.27553452058,279.422466094278,527.666533750287,8692604.52071384,26753.1880392674,8722397.22933982,263070.038906988,46564.1073047568,"Malawi","All","All",1,18841350.6633035,186
"357",357,10118612.361812,1154.02868977125,948.037668613659,263.175446589479,503.407306935308,8693099.22909796,26770.4232816136,8722737.30149147,263084.261235673,46569.5061961549,"Malawi","All","All",1,18841350.6633035,186
"358",358,10118292.3007137,1086.13849362042,892.278159553918,247.864130181972,480.199462808317,8693565.01729141,26786.8650521351,8723057.3625897,263097.64710865,46574.5910771296,"Malawi","All","All",1,18841350.6633035,186
"359",359,10117991.074346,1022.23719483517,839.793383120021,233.435522564048,458.001791916414,8694003.57325128,26802.547813734,8723358.58895745,263110.245645967,46579.3800414159,"Malawi","All","All",1,18841350.6633035,186
"360",360,10117707.5753973,962.090997366414,790.391564480038,219.839541855129,436.774392570822,8694416.48673655,26817.5046732857,8723642.0879061,263122.103091636,46583.8901570858,"Malawi","All","All",1,18841350.6633035,186
"361",361,10117440.7615349,905.479742925647,743.89209675968,207.028867396697,416.478652574534,8694805.25498383,26831.7674250682,8723908.90176854,263133.262981056,46588.1375230066,"Malawi","All","All",1,18841350.6633035,186
"362",362,10117189.6516051,852.196122958964,700.124897866816,194.958795505789,397.077229115013,8695171.28805931,26845.3665935474,8724160.01169829,263143.766298803,46592.1373223586,"Malawi","All","All",1,18841350.6633035,186
"363",363,10116953.3220553,802.044935294976,658.929803530237,183.587101959797,378.534027056951,8695515.91390481,26858.3314754633,8724396.3412481,263153.651627329,46595.9038733494,"Malawi","All","All",1,18841350.6633035,186
"364",364,10116730.9035628,754.842383034489,620.155994609213,172.873910982022,360.814175852513,8695840.38309504,26870.690181167,8724618.75974068,263162.955287071,46599.4506772554,"Malawi","All","All",1,18841350.6633035,186
"365",365,10116521.5778601,710.41541336788,583.66145682484,162.781570495804,343.884005269845,8696145.8733222,26882.4696751646,8724828.08544332,263171.711468477,46602.7904639181,"Malawi","All","All",1,18841350.6633035,186
