OBJECTID,REG_NAME,REG_CODE,DIST_NAME,TA_CODE,TA_NAME,_Popcount,_Popsum,_Popmean,DIST_CODE,Squarekm,PopDensity
"2",Central,"2",Dedza,"20820",Dedza Boma,19.000000000000000,21207.414306640625000,1116.179700349506675,MW208,20.0375027100,1058.3860970000
"3",Central,"2",Dedza,"20805",TA Chauma,84.000000000000000,28442.534317016601562,338.601599012102383,MW208,69.4777121700,409.3763802000
"4",Central,"2",Dedza,"20802",TA Chilikumwendo,282.000000000000000,85438.775466918945312,302.974381088365078,MW208,235.5308397000,362.7498443000
"5",Central,"2",Dedza,"20801",TA Kachere,948.000000000000000,171561.131857603788376,180.971658077641138,MW208,870.6903470000,197.0403512000
"6",Central,"2",Dedza,"20807",TA Kachindamoto,832.000000000000000,132690.852404154837132,159.484197601147628,MW208,689.6616970000,192.3999157000
"7",Central,"2",Dedza,"20808",TA Kamenya Gwaza,226.000000000000000,41126.348873078823090,181.974995013623101,MW208,191.0136281000,215.3058358000
"8",Central,"2",Dedza,"20803",TA Kaphuka,743.000000000000000,189123.604244947433472,254.540517153361293,MW208,616.8222925000,306.6095478000
"9",Central,"2",Dedza,"20806",TA Kasumbu,704.000000000000000,103358.157698273658752,146.815564912320525,MW208,584.4327633000,176.8520934000
"10",Central,"2",Dedza,"20804",TA Tambala,578.000000000000000,83410.484320208430290,144.308796401744701,MW208,476.7446853000,174.9583936000
"11",Central,"2",Dowa,"20420",Dowa Boma,5.000000000000000,3362.327819824218750,672.465563964843795,MW204,5.1335408050,654.9724541000
"12",Central,"2",Dowa,"20421",Mponela Urban,13.000000000000000,21142.524749755859375,1626.348057673527592,MW204,10.2685784200,2058.9534270000
"13",Central,"2",Dowa,"20402",TA Chakhaza,885.000000000000000,175003.757737159729004,197.744359025039245,MW204,741.0082112000,236.1697955000
"14",Central,"2",Dowa,"20404",TA Chiwere,619.000000000000000,116279.073820114135742,187.849876930717500,MW204,521.4254056000,223.0023174000
"15",Central,"2",Dowa,"20401",TA Dzoole,431.000000000000000,118820.568344116210938,275.685773420223200,MW204,357.8710852000,332.0205884000
"16",Central,"2",Dowa,"20403",TA Kayembe,542.000000000000000,135495.216751098632812,249.991174817525149,MW204,448.1997524000,302.3098875000
"17",Central,"2",Dowa,"20405",TA Mkukula,479.000000000000000,121896.045356869697571,254.480261705364711,MW204,396.7245477000,307.2561202000
"18",Central,"2",Dowa,"20407",TA Mponela,195.000000000000000,53621.160217285156250,274.980308806590529,MW204,165.1314998000,324.7179385000
"19",Central,"2",Dowa,"20406",TA Msakambewa,519.000000000000000,98989.707877635955811,190.731614407776419,MW204,431.0679799000,229.6382762000
"20",Central,"2",Kasungu,"20120",Kasungu Boma,43.000000000000000,57112.737846374511719,1328.203205729639876,MW201,37.2228154300,1534.3476080000
"21",Central,"2",Kasungu,"20128",Kasungu National Park,2755.000000000000000,1950.153135618427768,0.707859577356961,MW201,2330.8542920000,0.8366688300
"22",Central,"2",Kasungu,"20115",STA Chaima,281.000000000000000,28125.761816024780273,100.091679060586401,MW201,235.7690495000,119.2936981000
"23",Central,"2",Kasungu,"20111",STA Chambwe,95.000000000000000,13734.680328369140625,144.575582403885704,MW201,80.2557904000,171.1363162000
"24",Central,"2",Kasungu,"20105",STA Chisikwa,54.000000000000000,8239.972682952880859,152.592086721349659,MW201,44.1242357200,186.7448250000
"25",Central,"2",Kasungu,"20113",STA Chisinga,185.000000000000000,22969.622048377990723,124.160119180421574,MW201,153.3193577000,149.8155378000
"26",Central,"2",Kasungu,"20125",STA Kapichira,56.000000000000000,9358.493633270263672,167.115957736968994,MW201,48.7346575900,192.0295349000
"27",Central,"2",Kasungu,"20104",STA M'nyanja,343.000000000000000,57083.715863704681396,166.424827590975752,MW201,288.1548131000,198.1008585000
"28",Central,"2",Kasungu,"20117",STA Mangwazu,44.000000000000000,5488.104476928710938,124.729647202925250,MW201,35.4045750400,155.0111664000
"29",Central,"2",Kasungu,"20118",STA Mawawa,62.000000000000000,6472.555715560913086,104.396059928401826,MW201,51.3814587600,125.9706491000
"30",Central,"2",Kasungu,"20126",STA Mdunga,129.000000000000000,18888.746290206909180,146.424389846565191,MW201,106.2760897000,177.7327932000
"31",Central,"2",Kasungu,"20114",STA Mphomwa,201.000000000000000,26232.375247955322266,130.509329591817533,MW201,168.2271354000,155.9342681000
"32",Central,"2",Kasungu,"20108",STA Nthunduwala,153.000000000000000,8342.147358894348145,54.523838947021886,MW201,123.7035075000,67.4366274900
"33",Central,"2",Kasungu,"20122",TA Chidzuma,196.000000000000000,26022.920547485351562,132.770002793292605,MW201,160.2882218000,162.3507968000
"34",Central,"2",Kasungu,"20110",TA Chilowamatambe,294.000000000000000,37723.135204315185547,128.309983688146900,MW201,245.6922669000,153.5381461000
"35",Central,"2",Kasungu,"20102",TA Chisemphere,116.000000000000000,18911.282958984375000,163.028301370554971,MW201,93.3223130000,202.6448161000
"36",Central,"2",Kasungu,"20112",TA Chulu,284.000000000000000,37310.733543395996094,131.375822335901404,MW201,236.0918454000,158.0348252000
"37",Central,"2",Kasungu,"20101",TA Kaluluma,367.000000000000000,52606.364069715142250,143.341591470613480,MW201,310.8238111000,169.2481791000
"38",Central,"2",Kasungu,"20106",TA Kaomba,313.000000000000000,55926.758460998535156,178.679739492008110,MW201,259.3415424000,215.6490546000
"39",Central,"2",Kasungu,"20124",TA Kapelula,224.000000000000000,47928.846221923828125,213.968063490731367,MW201,185.9937762000,257.6905915000
"40",Central,"2",Kasungu,"20116",TA Kaphaizi,16.000000000000000,1600.606185913085938,100.037886619567871,MW201,13.5649449100,117.9957748000
"41",Central,"2",Kasungu,"20107",TA Kawamba,619.000000000000000,33574.950463652610779,54.240630797500181,MW201,516.3090603000,65.0287841900
"42",Central,"2",Kasungu,"20119",TA Lukwa,313.000000000000000,25456.533281087875366,81.330777255871809,MW201,262.8560024000,96.8459271900
"43",Central,"2",Kasungu,"20127",TA Mwase,234.000000000000000,28830.893432617187500,123.208946293235840,MW201,194.8238443000,147.9844190000
"44",Central,"2",Kasungu,"20109",TA Njombwa,351.000000000000000,70040.260879516601562,199.544902790645580,MW201,288.2222272000,243.0078399000
"45",Central,"2",Kasungu,"20121",TA Santhe,419.000000000000000,61646.016323089599609,147.126530604032467,MW201,347.7216919000,177.2855066000
"46",Central,"2",Kasungu,"20103",TA Simlemba,373.000000000000000,40288.355224609375000,108.011676205387062,MW201,310.2108808000,129.8740879000
"47",Central,"2",Kasungu,"20123",TA Wimbe,1062.000000000000000,100664.939506530761719,94.788078631384892,MW201,887.9587347000,113.3666864000
"48",Central,"2",Lilongwe,"20607",STA Chitekwele,449.000000000000000,64519.553512400016189,143.696110272605836,MW206,373.3836876000,172.7969261000
"49",Central,"2",Lilongwe,"20618",STA Mbang'ombe,38.000000000000000,13580.800277709960938,357.389480992367396,MW206,29.6667177300,457.7789966000
"50",Central,"2",Lilongwe,"20601",TA Chadza,448.000000000000000,175808.864148139953613,392.430500330669531,MW206,368.7645975000,476.7509281000
"51",Central,"2",Lilongwe,"20609",TA Chimutu,474.000000000000000,137697.340755462646484,290.500718893381134,MW206,397.2686810000,346.6101088000
"52",Central,"2",Lilongwe,"20605",TA Chiseka,359.000000000000000,134499.218112945556641,374.649632626589266,MW206,298.4081053000,450.7224022000
"53",Central,"2",Lilongwe,"20610",TA Chitukula,104.000000000000000,27041.888916015625000,260.018162653996399,MW206,86.2147460100,313.6573517000
"54",Central,"2",Lilongwe,"20617",TA Kabudula,624.000000000000000,170387.171676635742188,273.056364866403442,MW206,522.0286594000,326.3942861000
"55",Central,"2",Lilongwe,"20602",TA Kalolo,724.000000000000000,204112.053580917418003,281.922725940493649,MW206,605.0209161000,337.3636318000
"56",Central,"2",Lilongwe,"20614",TA Kalumba,61.000000000000000,33594.985061645507812,550.737460026975555,MW206,50.7098908100,662.4937368000
"57",Central,"2",Lilongwe,"20612",TA Kalumbu,236.000000000000000,82356.045173645019531,348.966293108665354,MW206,194.5311211000,423.3566571000
"58",Central,"2",Lilongwe,"20608",TA Khongoni,689.000000000000000,143543.010906219482422,208.335284334135679,MW206,569.5374613000,252.0343623000
"59",Central,"2",Lilongwe,"20616",TA Malili,401.000000000000000,145542.932704925537109,362.949956870138521,MW206,332.9756547000,437.0978196000
"60",Central,"2",Lilongwe,"20603",TA Masula,946.000000000000000,97764.249303688295186,103.344872414046819,MW206,815.4016899000,119.8970403000
"61",Central,"2",Lilongwe,"20604",TA Masumbankhunda,534.000000000000000,96735.460791096091270,181.152548297932753,MW206,444.2617380000,217.7442991000
"62",Central,"2",Lilongwe,"20606",TA Mazengera,426.000000000000000,142338.687175750732422,334.128373651997038,MW206,351.5641796000,404.8725536000
"63",Central,"2",Lilongwe,"20611",TA Mtema,227.000000000000000,79710.820465087890625,351.148988832986277,MW206,187.9227869000,424.1679348000
"64",Central,"2",Lilongwe,"20615",TA Njewa,136.000000000000000,54817.037528991699219,403.066452419056588,MW206,110.0789204000,497.9794253000
"65",Central,"2",Lilongwe,"20613",TA Tsabango,85.000000000000000,51287.548522949218750,603.382923799402533,MW206,70.7420230500,724.9940884000
"66",Central,"2",Lilongwe City,"21031",Area 1,3.000000000000000,16862.496582031250000,5620.832194010416970,MW210,1.4448053970,11671.1195900000
"67",Central,"2",Lilongwe City,"21040",Area 10,6.000000000000000,5880.624160766601562,980.104026794433594,MW210,3.8650714110,1521.4787860000
"68",Central,"2",Lilongwe City,"21041",Area 11,0.635047842006665,1368.619294051235102,2155.143602608874517,MW210,0.5269019230,2597.4839570000
"69",Central,"2",Lilongwe City,"21042",Area 12,2.000000000000000,1412.605834960937500,706.302917480468750,MW210,2.5189067060,560.8011727000
"70",Central,"2",Lilongwe City,"21043",Area 13,1.194889036945575,39455.087754524283810,33019.875933736089792,MW210,0.9913625420,39798.8486100000
"71",Central,"2",Lilongwe City,"21044",Area 14,2.000000000000000,403.299049377441406,201.649524688720703,MW210,1.9479163920,207.0412523000
"72",Central,"2",Lilongwe City,"21045",Area 15,1.104472925605235,1346.400514681429058,1219.043476275003968,MW210,0.9163452490,1469.3157580000
"73",Central,"2",Lilongwe City,"21046",Area 16,0.312632655281449,6101.644464827997581,19516.977391037278721,MW210,0.2593804170,23523.9211000000
"74",Central,"2",Lilongwe City,"21047",Area 17,1.516621321058182,3512.908347426450291,2316.272558383534488,MW210,1.2582426550,2791.9164340000
"75",Central,"2",Lilongwe City,"21048",Area 18,3.000000000000000,18718.590576171875000,6239.530192057291970,MW210,2.6182561410,7149.2587300000
"76",Central,"2",Lilongwe City,"21049",Area 19,0.362921700240018,6568.014001217803525,18097.606169248210790,MW210,0.3011105310,21812.6346200000
"77",Central,"2",Lilongwe City,"21032",Area 2,2.134288625453194,6801.977208149837679,3186.999699586324368,MW210,1.7705655260,3841.6975290000
"78",Central,"2",Lilongwe City,"21050",Area 20,3.000000000000000,3815.762817382812500,1271.920939127604242,MW210,1.2292566380,3104.1221960000
"79",Central,"2",Lilongwe City,"21051",Area 21,4.000000000000000,44987.803710937500000,11246.950927734375000,MW210,4.1432756790,10858.0280800000
"80",Central,"2",Lilongwe City,"21052",Area 22,4.000000000000000,51841.156738281250000,12960.289184570312500,MW210,3.4893042070,14857.1616700000
"81",Central,"2",Lilongwe City,"21053",Area 23,7.000000000000000,69692.285156250000000,9956.040736607143117,MW210,5.2649404990,13237.0508500000
"82",Central,"2",Lilongwe City,"21054",Area 24,4.000000000000000,49295.464843750000000,12323.866210937500000,MW210,3.1834648040,15484.8468100000
"83",Central,"2",Lilongwe City,"21055",Area 25,28.000000000000000,119339.409683227539062,4262.121774400983668,MW210,23.9799839300,4976.6259230000
"84",Central,"2",Lilongwe City,"21056",Area 26,12.000000000000000,6417.834991455078125,534.819582621256473,MW210,11.0103013000,582.8936749000
"85",Central,"2",Lilongwe City,"21057",Area 27,7.000000000000000,4073.329269409179688,581.904181344168478,MW210,5.9945210390,679.5087117000
"86",Central,"2",Lilongwe City,"21058",Area 28,3.000000000000000,9834.671691894531250,3278.223897298177235,MW210,1.8237353870,5392.5979380000
"87",Central,"2",Lilongwe City,"21059",Area 29,5.000000000000000,1668.179412841796875,333.635882568359364,MW210,2.6810201400,622.2181578000
"88",Central,"2",Lilongwe City,"21033",Area 3,7.000000000000000,3662.262786865234375,523.180398123604959,MW210,6.1385073910,596.6047694000
"89",Central,"2",Lilongwe City,"21060",Area 30,4.000000000000000,4057.564849853515625,1014.391212463378906,MW210,2.9952671020,1354.6587700000
"90",Central,"2",Lilongwe City,"21061",Area 31,0.733889748870113,1349.951923893984713,1839.447854357350934,MW210,0.6089132640,2216.9855740000
"91",Central,"2",Lilongwe City,"21062",Area 32,2.000000000000000,1101.007446289062500,550.503723144531250,MW210,2.0446197580,538.4900746000
"92",Central,"2",Lilongwe City,"21063",Area 33,5.000000000000000,37948.448810577392578,7589.689762115478516,MW210,2.9005943070,13082.9908600000
"93",Central,"2",Lilongwe City,"21064",Area 34,4.000000000000000,1062.778689384460449,265.694672346115112,MW210,2.2990799010,462.2626157000
"94",Central,"2",Lilongwe City,"21065",Area 35,9.000000000000000,14454.858428955078125,1606.095380995008782,MW210,7.6933094030,1878.8869220000
"95",Central,"2",Lilongwe City,"21066",Area 36,13.000000000000000,178319.911621093750000,13716.916278545673777,MW210,9.7820701040,18229.2612600000
"96",Central,"2",Lilongwe City,"21067",Area 37,2.419092056223936,13927.928352152906882,5757.502413485497527,MW210,2.0066860710,6940.7609630000
"97",Central,"2",Lilongwe City,"21068",Area 38,11.000000000000000,42366.831298828125000,3851.530118075284008,MW210,9.2451407000,4582.6053560000
"98",Central,"2",Lilongwe City,"21069",Area 39,3.000000000000000,3571.358093261718750,1190.452697753906250,MW210,3.6090482020,989.5567732000
"99",Central,"2",Lilongwe City,"21034",Area 4,2.000000000000000,893.645233154296875,446.822616577148438,MW210,1.0756748550,830.7763530000
"100",Central,"2",Lilongwe City,"21070",Area 40,0.507681106122697,35.893941434957327,70.701747616903461,MW210,0.4212114920,85.2159593300
"101",Central,"2",Lilongwe City,"21071",Area 41,4.000000000000000,1295.244161605834961,323.811040401458740,MW210,2.3004003830,563.0516196000
"102",Central,"2",Lilongwe City,"21072",Area 42,0.363441314626347,348.821547263798152,959.774063172813612,MW210,0.3015551680,1156.7420630000
"103",Central,"2",Lilongwe City,"21073",Area 43,12.000000000000000,6426.056472778320312,535.504706064859988,MW210,11.7291611200,547.8700824000
"104",Central,"2",Lilongwe City,"21074",Area 44,46.000000000000000,63976.304512023925781,1390.789228522259236,MW210,36.3278860400,1761.0797510000
"105",Central,"2",Lilongwe City,"21075",Area 45,16.000000000000000,24720.008157968521118,1545.000509873032570,MW210,13.6410750300,1812.1744870000
"106",Central,"2",Lilongwe City,"21076",Area 46,12.000000000000000,5020.769775390625000,418.397481282552064,MW210,10.9095566900,460.2175793000
"107",Central,"2",Lilongwe City,"21077",Area 47,15.000000000000000,19425.895294189453125,1295.059686279296784,MW210,11.2308422900,1729.6917520000
"108",Central,"2",Lilongwe City,"21078",Area 48,1.118827834377429,931.158509098104560,832.262552366912587,MW210,0.9283123010,1003.0660010000
"109",Central,"2",Lilongwe City,"21079",Area 49,13.000000000000000,49143.078765869140625,3780.236828143780258,MW210,12.7091913700,3866.7352860000
"110",Central,"2",Lilongwe City,"21035",Area 5,1.508448975345394,2786.432096760649074,1847.216672425151955,MW210,1.2514315920,2226.5956150000
"111",Central,"2",Lilongwe City,"21080",Area 50,9.000000000000000,109890.040283203125000,12210.004475911458940,MW210,7.5818578120,14493.8144400000
"112",Central,"2",Lilongwe City,"21081",Area 51,3.000000000000000,8655.047485351562500,2885.015828450520985,MW210,2.3630329510,3662.6859050000
"113",Central,"2",Lilongwe City,"21082",Area 52,30.000000000000000,5848.201480865478516,194.940049362182606,MW210,24.5402567000,238.3105258000
"114",Central,"2",Lilongwe City,"21083",Area 53,18.000000000000000,31443.702301025390625,1746.872350056966070,MW210,14.6699378200,2143.4107400000
"115",Central,"2",Lilongwe City,"21084",Area 54,20.000000000000000,7217.901840209960938,360.895092010498047,MW210,17.4387535800,413.9000991000
"116",Central,"2",Lilongwe City,"21085",Area 55,67.000000000000000,24654.961540222167969,367.984500600330875,MW210,54.5412187200,452.0427323000
"117",Central,"2",Lilongwe City,"21086",Area 56,10.000000000000000,64062.113891601562500,6406.211389160156614,MW210,8.9220952070,7180.1647930000
"118",Central,"2",Lilongwe City,"21087",Area 57,9.000000000000000,98917.509826660156250,10990.834425184460997,MW210,7.7641493770,12740.2893700000
"119",Central,"2",Lilongwe City,"21088",Area 58,26.000000000000000,31578.549819946289062,1214.559608459472656,MW210,22.6874682500,1391.8939500000
"120",Central,"2",Lilongwe City,"21036",Area 6,2.000000000000000,5165.280273437500000,2582.640136718750000,MW210,1.5285727790,3379.1523310000
"121",Central,"2",Lilongwe City,"21037",Area 7,3.000000000000000,38631.271484375000000,12877.090494791666060,MW210,2.8394141510,13605.3669500000
"122",Central,"2",Lilongwe City,"21038",Area 8,3.000000000000000,37218.604003906250000,12406.201334635416060,MW210,2.3330356670,15952.8654100000
"123",Central,"2",Lilongwe City,"21039",Area 9,4.000000000000000,4544.480773925781250,1136.120193481445312,MW210,2.7641776400,1644.0624890000
"124",Central,"2",Mchinji,"20720",Mchinji Boma,11.000000000000000,26721.291839599609375,2429.208349054510109,MW207,10.0345569100,2662.9269280000
"125",Central,"2",Mchinji,"20708",STA Gumba,204.000000000000000,20927.826507568359375,102.587384841021375,MW207,169.2117160000,123.6783539000
"126",Central,"2",Mchinji,"20710",STA Kapunula,133.000000000000000,8700.321840524673462,65.415953688155440,MW207,125.1382890000,69.5256576300
"127",Central,"2",Mchinji,"20706",STA Nyoka,305.000000000000000,45506.605003848671913,149.201983619175962,MW207,251.9473216000,180.6195227000
"128",Central,"2",Mchinji,"20709",STA Pitala,29.000000000000000,4858.877494812011719,167.547499821103855,MW207,25.3846771500,191.4098597000
"129",Central,"2",Mchinji,"20712",TA Dambe,465.000000000000000,82088.443031311035156,176.534286088840929,MW207,384.3182131000,213.5949851000
"130",Central,"2",Mchinji,"20713",TA Kapondo,51.000000000000000,8474.633407592773438,166.169282501819083,MW207,43.3363454800,195.5548700000
"131",Central,"2",Mchinji,"20711",TA Kazyozyo,156.000000000000000,9454.333256796002388,60.604700364076940,MW207,133.1565396000,71.0016442300
"132",Central,"2",Mchinji,"20702",TA Mavwere,526.000000000000000,125169.375148534774780,237.964591537138347,MW207,464.0127592000,269.7541665000
"133",Central,"2",Mchinji,"20705",TA Mduwa,385.000000000000000,71308.191722869873047,185.216082397064611,MW207,322.2498996000,221.2822775000
"134",Central,"2",Mchinji,"20707",TA Mkanda,570.000000000000000,89039.249051690101624,156.209208862614219,MW207,472.9214090000,188.2749381000
"135",Central,"2",Mchinji,"20701",TA Mlonyeni,277.000000000000000,48428.148537840694189,174.830861147439322,MW207,264.0883847000,183.3785631000
"136",Central,"2",Mchinji,"20704",TA Simphasi,267.000000000000000,60181.353404998779297,225.398327359545988,MW207,222.4717402000,270.5123506000
"137",Central,"2",Mchinji,"20703",TA Zulu,296.000000000000000,87922.619302084669471,297.035876020556316,MW207,243.0499564000,361.7471098000
"138",Central,"2",Nkhotakota,"20220",Nkhotakota Boma,13.000000000000000,23951.205810546875000,1842.400446965144283,MW202,12.3851246900,1933.8687660000
"139",Central,"2",Nkhotakota,"20208",Nkhotakota Game Reserve,2146.000000000000000,2369.208543922977697,1.104011437056374,MW202,1787.0682180000,1.3257515960
"140",Central,"2",Nkhotakota,"20203",STA Kalimanjira,98.000000000000000,15425.560669422149658,157.403680300226029,MW202,81.0528941900,190.3147422000
"141",Central,"2",Nkhotakota,"20202",TA Kafuzila,673.000000000000000,27293.831784397363663,40.555470704899498,MW202,564.8772522000,48.3181641200
"142",Central,"2",Nkhotakota,"20201",TA Kanyenda,723.000000000000000,106474.905429840087891,147.268195615269832,MW202,604.2138115000,176.2205752000
"143",Central,"2",Nkhotakota,"20204",TA Malenga Chanzi,284.000000000000000,47482.995298624038696,167.193645417690277,MW202,236.2360333000,200.9981060000
"144",Central,"2",Nkhotakota,"20205",TA Mphonde,216.000000000000000,37451.314714769454440,173.385716272080799,MW202,178.9697928000,209.2605356000
"145",Central,"2",Nkhotakota,"20206",TA Mwadzama,752.000000000000000,104988.729032337665558,139.612671585555404,MW202,632.6126660000,165.9605231000
"146",Central,"2",Nkhotakota,"20207",TA Mwansambo,289.000000000000000,35294.417072296142578,122.126010630782503,MW202,240.6756554000,146.6472252000
"147",Central,"2",Ntcheu,"20920",Ntcheu Boma,11.000000000000000,19820.240539550781250,1801.840049050071002,MW209,9.3117786830,2128.5128450000
"148",Central,"2",Ntcheu,"20906",STA Mkutumula,149.000000000000000,25871.863304138183594,173.636666470726055,MW209,123.7932033000,208.9925990000
"149",Central,"2",Ntcheu,"20902",STA Tsikulamowa,401.000000000000000,29717.386731624603271,74.108196338215961,MW209,330.6295075000,89.8812297500
"150",Central,"2",Ntcheu,"20909",TA Chakhumbira,126.000000000000000,29735.458109378814697,235.995699280784237,MW209,109.5834684000,271.3498534000
"151",Central,"2",Ntcheu,"20907",TA Champiti,105.000000000000000,19917.305320739746094,189.688622102283290,MW209,86.3922444000,230.5450617000
"152",Central,"2",Ntcheu,"20910",TA Goodson Ganya,893.000000000000000,161508.788970708847046,180.860905902249556,MW209,734.6910881000,219.8322418000
"153",Central,"2",Ntcheu,"20904",TA Kwataine,237.000000000000000,52336.762914329767227,220.830223267214194,MW209,193.7116767000,270.1786686000
"154",Central,"2",Ntcheu,"20905",TA Makwangwala,460.000000000000000,93625.355907440185547,203.533382407478655,MW209,378.5524452000,247.3246629000
"155",Central,"2",Ntcheu,"20911",TA Masasa,305.000000000000000,37289.035968959331512,122.259134324456824,MW209,256.0767697000,145.6166289000
"156",Central,"2",Ntcheu,"20903",TA Mpando,499.000000000000000,72692.696117157116532,145.676745725765755,MW209,418.8856207000,173.5382942000
"157",Central,"2",Ntcheu,"20908",TA Njolomole,293.000000000000000,64412.760964393615723,219.838774622503820,MW209,248.6872326000,259.0111292000
"158",Central,"2",Ntcheu,"20901",TA Phambala,433.000000000000000,38535.060124874114990,88.995519918877861,MW209,360.5453714000,106.8799190000
"159",Central,"2",Ntchisi,"20320",Ntchisi Boma,5.000000000000000,8098.646911621093750,1619.729382324218705,MW203,4.4573666090,1816.9129040000
"160",Central,"2",Ntchisi,"20302",TA Chikho,188.000000000000000,26825.851634979248047,142.690700186059843,MW203,155.0769619000,172.9841189000
"161",Central,"2",Ntchisi,"20305",TA Chilooko,629.000000000000000,86777.146259389817715,137.960486898870926,MW203,523.1992398000,165.8587009000
"162",Central,"2",Ntchisi,"20303",TA Kalumo,345.000000000000000,81782.783271789550781,237.051545715332026,MW203,285.8054071000,286.1484815000
"163",Central,"2",Ntchisi,"20301",TA Kasakula,211.000000000000000,23727.538715466856956,112.452790120696008,MW203,174.8350072000,135.7138886000
"164",Central,"2",Ntchisi,"20307",TA Malenga,282.000000000000000,52547.059860229492188,186.337091702941450,MW203,234.2766454000,224.2949132000
"165",Central,"2",Ntchisi,"20304",TA Nthondo,290.000000000000000,29918.261933269255678,103.166420459549158,MW203,240.7752314000,124.2580549000
"166",Central,"2",Ntchisi,"20306",TA Vuso Jere,109.000000000000000,14945.707103729248047,137.116578933295841,MW203,90.9309955200,164.3631747000
"167",Central,"2",Salima,"20521",Chipoka Urban,13.000000000000000,4542.108303070068359,349.392946390005250,MW205,11.2418886800,404.0342713000
"168",Central,"2",Salima,"20511",Lake Malawi National Park,0.000000000000000,0.000000000000000,,MW205,1.6572465930,0.0000000000
"169",Central,"2",Salima,"20520",Salima Town,23.000000000000000,41944.203979492187500,1823.661042586616759,MW205,17.6596547700,2375.1429180000
"170",Central,"2",Salima,"20506",TA Kambalame,68.000000000000000,23897.533229827880859,351.434312203351169,MW205,58.3333214900,409.6720813000
"171",Central,"2",Salima,"20504",TA Kambwiri,315.000000000000000,39004.677959263324738,123.824374473851819,MW205,260.9147481000,149.4920399000
"172",Central,"2",Salima,"20502",TA Karonga,537.000000000000000,81630.283524631522596,152.011701163187183,MW205,447.2816421000,182.5030938000
"173",Central,"2",Salima,"20507",TA Khombedza,596.000000000000000,114518.456245422363281,192.145060814467058,MW205,491.6750366000,232.9149289000
"174",Central,"2",Salima,"20509",TA Kuluunda,214.000000000000000,10180.007309734821320,47.570127615583274,MW205,181.8547229000,55.9787897800
"175",Central,"2",Salima,"20501",TA Maganga,227.000000000000000,67822.103105068206787,298.775784603824718,MW205,186.8828566000,362.9123844000
"176",Central,"2",Salima,"20510",TA Msosa,32.000000000000000,8087.122554779052734,252.722579836845398,MW205,28.0253431200,288.5646223000
"177",Central,"2",Salima,"20508",TA Mwanza,207.000000000000000,40468.664499759674072,195.500794684829344,MW205,170.9469071000,236.7323584000
"178",Central,"2",Salima,"20505",TA Ndindi,248.000000000000000,47979.198639392852783,193.464510642713122,MW205,200.9480852000,238.7641493000
"179",Central,"2",Salima,"20503",TA Pemba,108.000000000000000,23609.280231475830078,218.604446587739176,MW205,93.8478936000,251.5696338000
"180",Northern,"1",Chitipa,"10120",Chitipa Boma,10.000000000000000,27932.997131347656250,2793.299713134765625,MW101,8.5041990440,3284.6123400000
"181",Northern,"1",Chitipa,"10110",Nyika Ntational Park-Chitipa,920.000000000000000,278.674602720024268,0.302907176869592,MW101,777.4567698000,0.3584438560
"182",Northern,"1",Chitipa,"10102",STA Bulambya Songwe,405.000000000000000,37720.928558349609375,93.138095205801505,MW101,345.5036769000,109.1766342000
"183",Northern,"1",Chitipa,"10104",STA Lwangwa,203.000000000000000,6786.991717815399170,33.433456738006889,MW101,171.9233930000,39.4768367400
"184",Northern,"1",Chitipa,"10107",STA Nthengatenga,357.000000000000000,13468.629081606864929,37.727252329430996,MW101,301.4638194000,44.6774312900
"185",Northern,"1",Chitipa,"10108",STA Wavikaza,160.000000000000000,7735.784396171569824,48.348652476072310,MW101,145.9666599000,52.9969268100
"186",Northern,"1",Chitipa,"10109",TA Kameme,482.000000000000000,26496.728901505470276,54.972466600633759,MW101,441.3555565000,60.0348823200
"187",Northern,"1",Chitipa,"10101",TA Mwabulambya,721.000000000000000,69638.868902921676636,96.586503332762376,MW101,628.2503437000,110.8457314000
"188",Northern,"1",Chitipa,"10103",TA Mwenemisuku,576.000000000000000,27880.315221250057220,48.403325036892461,MW101,485.2526146000,57.4552601600
"189",Northern,"1",Chitipa,"10105",TA Mwenewenya,846.000000000000000,29245.912273397669196,34.569636256971243,MW101,744.2350294000,39.2966080800
"190",Northern,"1",Chitipa,"10106",TA Nthalire,335.000000000000000,25713.782942101359367,76.757561021198086,MW101,283.8298405000,90.5957699500
"191",Northern,"1",Karonga,"10220",Karonga Town,52.000000000000000,56299.239326477050781,1082.677679355327882,MW102,44.2514081400,1272.2587070000
"192",Northern,"1",Karonga,"10206",Nyika National Park-Karonga,668.000000000000000,173.396737612423749,0.259575954509616,MW102,557.4450087000,0.3110562200
"193",Northern,"1",Karonga,"10201",TA Kilupula,395.000000000000000,79601.082049369812012,201.521726707265344,MW102,333.1624660000,238.9257199000
"194",Northern,"1",Karonga,"10203",TA Kyungu,1922.000000000000000,100353.055652692914009,52.212828123149279,MW102,1613.4409760000,62.1981573000
"195",Northern,"1",Karonga,"10202",TA Mwakaboko,300.000000000000000,25547.318704605102539,85.157729015350341,MW102,252.0242855000,101.3684798000
"196",Northern,"1",Karonga,"10205",TA Mwirang'ombe,299.000000000000000,38563.929097414016724,128.976351496367954,MW102,251.6259176000,153.2589705000
"197",Northern,"1",Karonga,"10204",TA Wasambo,434.000000000000000,76492.682764053344727,176.250421115330283,MW102,364.3418263000,209.9475745000
"198",Northern,"1",Likoma,"10620",Likoma Boma,1.117921388647984,1237.003156750305834,1106.520699318884908,MW106,1.3269667000,932.2036163000
"199",Northern,"1",Likoma,"10601",TA Mkumpha,6.000000000000000,4190.633598327636719,698.438933054606082,MW106,19.1274583300,219.0899347000
"200",Northern,"1",Mzimba,"10520",Mzimba Boma,13.000000000000000,28367.499649047851562,2182.115357619065435,MW105,10.5520782300,2688.3329540000
"201",Northern,"1",Mzimba,"10511",STA Levi Jere,214.000000000000000,19793.396345019340515,92.492506285137111,MW105,179.1630076000,110.4770265000
"202",Northern,"1",Mzimba,"10505",TA Chindi,2084.000000000000000,194956.780238389968872,93.549318732432809,MW105,1754.5218140000,111.1167605000
"203",Northern,"1",Mzimba,"10504",TA Jaravikuba Munthali,197.000000000000000,23435.560460567474365,118.962235840444038,MW105,163.0302637000,143.7497549000
"204",Northern,"1",Mzimba,"10503",TA Kampingo Sibande,1144.000000000000000,94892.431055426597595,82.947929244254013,MW105,960.5195394000,98.7928169600
"205",Northern,"1",Mzimba,"10508",TA Khosolo Gwaza Jere,1164.000000000000000,58848.283827096223831,50.556944868639370,MW105,970.3672543000,60.6453727300
"206",Northern,"1",Mzimba,"10501",TA M'Mbelwa,1332.000000000000000,171928.278453826904297,129.075284124494686,MW105,1144.6594060000,150.2003805000
"207",Northern,"1",Mzimba,"10507",TA Mabulabo,652.000000000000000,76767.538769245147705,117.741623879210351,MW105,544.5903723000,140.9638191000
"208",Northern,"1",Mzimba,"10509",TA Mpherembe,824.000000000000000,52491.320445716381073,63.703058793345122,MW105,694.0827788000,75.6268878000
"209",Northern,"1",Mzimba,"10502",TA Mtwalo,2353.000000000000000,219388.446228221058846,93.237758703026373,MW105,1968.8742690000,111.4283677000
"210",Northern,"1",Mzimba,"10506",TA Mzikubola,1720.000000000000000,97305.027075737714767,56.572690160312625,MW105,1442.7658940000,67.4433928700
"211",Northern,"1",Mzimba,"10510",TA Mzukuzuku,324.000000000000000,47199.303287506103516,145.676861998475630,MW105,273.7115502000,172.4417666000
"212",Northern,"1",Mzimba,"10512",Vwaza Marsh Reserve,425.000000000000000,804.454418727284065,1.892833926417139,MW105,365.6792470000,2.1998908200
"213",Northern,"1",Mzuzu City,"10703",Chibanja Ward,3.000000000000000,15252.772705078125000,5084.257568359375000,MW107,2.1430221450,7117.4125470000
"214",Northern,"1",Mzuzu City,"10701",Chibavi East Ward,2.000000000000000,16903.106933593750000,8451.553466796875000,MW107,0.8413695930,20089.9902400000
"215",Northern,"1",Mzuzu City,"10702",Chibavi West Ward,1.898375775121458,16326.409980079955858,8600.199283008336351,MW107,1.5904853420,10265.0490000000
"216",Northern,"1",Mzuzu City,"10704",Chiputula Ward,1.283531412422421,11900.463575967578436,9271.657445070022732,MW107,1.0753947240,11066.1353500000
"217",Northern,"1",Mzuzu City,"10705",Jombo - Kaning'ina Ward,6.000000000000000,4537.051818847656250,756.175303141276004,MW107,5.4326929630,835.1386410000
"218",Northern,"1",Mzuzu City,"10706",Katawa Ward,5.000000000000000,6035.104858398437500,1207.020971679687591,MW107,4.5736260040,1319.5448970000
"219",Northern,"1",Mzuzu City,"10707",Luwinga Ward,17.000000000000000,23959.169692993164062,1409.362923117244918,MW107,12.9917028400,1844.1900930000
"220",Northern,"1",Mzuzu City,"10708",Masasa Ward,23.000000000000000,33232.848884582519531,1444.906473242718221,MW107,18.9599409400,1752.7928470000
"221",Northern,"1",Mzuzu City,"10709",Mchengautuwa East Ward,5.000000000000000,37458.371276855468750,7491.674255371093750,MW107,4.3823756760,8547.5034640000
"222",Northern,"1",Mzuzu City,"10710",Mchengautuwa West Ward,27.000000000000000,16534.727333068847656,612.397308632179488,MW107,22.7129291700,727.9874474000
"223",Northern,"1",Mzuzu City,"10711",Msongwe Ward,19.000000000000000,12973.638893127441406,682.823099638286408,MW107,17.5364319300,739.8106379000
"224",Northern,"1",Mzuzu City,"10712",Mzilawaingwe Ward,1.379442403564777,9874.050867713975094,7158.001553524302835,MW107,1.1557167570,8543.6598580000
"225",Northern,"1",Mzuzu City,"10713",Nkhorongo - Lupaso Ward,36.000000000000000,8151.041713714599609,226.417825380961091,MW107,32.5817015700,250.1723765000
"226",Northern,"1",Mzuzu City,"10714",Zolozolo East Ward,21.000000000000000,10315.788420677185059,491.228020032246889,MW107,17.9825970200,573.6539836000
"227",Northern,"1",Mzuzu City,"10715",Zolozolo West Ward,2.000000000000000,8051.110107421875000,4025.555053710937500,MW107,1.9870603690,4051.7692530000
"228",Northern,"1",Nkhatabay,"10320",Nkhatabay Boma,17.000000000000000,13499.002273559570312,794.058957268210065,MW103,12.3778576100,1090.5766320000
"229",Northern,"1",Nkhatabay,"10311",STA Kondowe,104.000000000000000,1579.672801077365875,15.189161548820826,MW103,85.3619116800,18.5055930600
"230",Northern,"1",Nkhatabay,"10310",STA Nyaluwanga,245.000000000000000,11276.233048215508461,46.025441013124521,MW103,208.4470112000,54.0964007100
"231",Northern,"1",Nkhatabay,"10314",TA Boghoyo,24.000000000000000,798.518721818923950,33.271613409121834,MW103,22.2633687300,35.8669315100
"232",Northern,"1",Nkhatabay,"10307",TA Fukamalaza,91.000000000000000,13109.903114318847656,144.064869388119206,MW103,75.6488914200,173.2993421000
"233",Northern,"1",Nkhatabay,"10302",TA Fukamapiri,260.000000000000000,27612.214183926582336,106.200823784333011,MW103,215.1877836000,128.3168296000
"234",Northern,"1",Nkhatabay,"10301",TA Kabunduli,2046.000000000000000,52946.621594835072756,25.878114171473644,MW103,1708.1377720000,30.9966926700
"235",Northern,"1",Nkhatabay,"10309",TA M'bwana,627.000000000000000,16553.731734037399292,26.401486019198405,MW103,519.0518314000,31.8922518500
"236",Northern,"1",Nkhatabay,"10304",TA Malanda,203.000000000000000,26880.273607254028320,132.415140922433636,MW103,170.6000581000,157.5630975000
"237",Northern,"1",Nkhatabay,"10303",TA Malenga Mzoma,47.000000000000000,7655.465737342834473,162.882249730698618,MW103,41.5026650700,184.4572083000
"238",Northern,"1",Nkhatabay,"10306",TA Mankhambira,113.000000000000000,22266.430118560791016,197.048054146555671,MW103,97.2611265000,228.9345283000
"239",Northern,"1",Nkhatabay,"10308",TA Mkumbira,60.000000000000000,12974.268777847290039,216.237812964121503,MW103,53.6208391100,241.9631805000
"240",Northern,"1",Nkhatabay,"10312",TA Timbiri,584.000000000000000,52660.275841593742371,90.171705208208465,MW103,492.2905302000,106.9699143000
"241",Northern,"1",Nkhatabay,"10305",TA Zilakoma,576.000000000000000,16873.835474744555540,29.294853254764853,MW103,480.1874476000,35.1401011300
"242",Northern,"1",Rumphi,"10412",Nyika National Park,2117.000000000000000,3245.227685437421314,1.532937026659150,MW104,1778.2762360000,1.8249288940
"243",Northern,"1",Rumphi,"10420",Rumphi Boma,12.000000000000000,14617.082992553710938,1218.090249379475836,MW104,11.2570280500,1298.4850810000
"244",Northern,"1",Rumphi,"10406",STA Chapinduka,125.000000000000000,2273.694736778736115,18.189557894229889,MW104,106.6234126000,21.3245353900
"245",Northern,"1",Rumphi,"10410",STA Chisovya,101.000000000000000,10502.970842361450195,103.989810320410399,MW104,84.9030292100,123.7054901000
"246",Northern,"1",Rumphi,"10405",STA Kachulu,158.000000000000000,12291.387937545776367,77.793594541428959,MW104,131.6261029000,93.3810822100
"247",Northern,"1",Rumphi,"10411",STA Njikula,51.000000000000000,3128.930677413940430,61.351581910077265,MW104,42.8236268700,73.0655226000
"248",Northern,"1",Rumphi,"10409",STA Zolokere,84.000000000000000,7923.746451377868652,94.330314897355578,MW104,71.1641947700,111.3445669000
"249",Northern,"1",Rumphi,"10401",TA Chikulamayembe,812.000000000000000,77376.127831935882568,95.290797822581141,MW104,680.8972524000,113.6384785000
"250",Northern,"1",Rumphi,"10408",TA Katumbi,132.000000000000000,19495.406839370727539,147.692476055838853,MW104,110.1993455000,176.9103685000
"251",Northern,"1",Rumphi,"10403",TA Mwahenga,160.000000000000000,17192.093475818634033,107.450584223866457,MW104,137.4423884000,125.0858172000
"252",Northern,"1",Rumphi,"10404",TA Mwalweni,309.000000000000000,23622.950846195220947,76.449679113900388,MW104,259.0572376000,91.1881523000
"253",Northern,"1",Rumphi,"10402",TA Mwamlowe,142.000000000000000,4916.879778683185577,34.625913934388628,MW104,118.0193199000,41.6616514900
"254",Northern,"1",Rumphi,"10407",TA Mwankhunikira,502.000000000000000,28710.030080735683441,57.191294981545184,MW104,421.5934838000,68.0988468200
"255",Northern,"1",Rumphi,"10413",Vwaza Marsh Reserve,710.000000000000000,1146.931644823554961,1.615396682850077,MW104,606.5413332000,1.8909373220
"256",Southern,"3",Balaka,"31220",Balaka Town,13.000000000000000,37476.578552246093750,2882.813734788161128,MW312,12.2429066900,3061.0850400000
"257",Southern,"3",Balaka,"31221",Liwonde Town,8.000000000000000,7789.642204284667969,973.705275535583496,MW312,6.3732942240,1222.2316950000
"258",Southern,"3",Balaka,"31203",STA Kachenga,263.000000000000000,47914.931316375732422,182.186050632607333,MW312,219.7510978000,218.0418290000
"259",Southern,"3",Balaka,"31209",STA Matola,86.000000000000000,18915.397453308105469,219.946482015210535,MW312,72.3805927500,261.3324474000
"260",Southern,"3",Balaka,"31206",STA Phalula,267.000000000000000,17029.294306397438049,63.780128488379916,MW312,226.1831695000,75.2898385000
"261",Southern,"3",Balaka,"31210",STA Toleza,42.000000000000000,4935.732345581054688,117.517436799548918,MW312,35.9642364100,137.2400150000
"262",Southern,"3",Balaka,"31204",TA Amidu,250.000000000000000,51342.870929718017578,205.371483718872071,MW312,207.8194507000,247.0551757000
"263",Southern,"3",Balaka,"31207",TA Chanthunya,283.000000000000000,30532.070871353149414,107.887176223862724,MW312,230.4226810000,132.5046246000
"264",Southern,"3",Balaka,"31202",TA Kalembo,379.000000000000000,78359.623132705688477,206.753623041439823,MW312,311.8360941000,251.2846479000
"265",Southern,"3",Balaka,"31201",TA Msamala,472.000000000000000,81387.189319729804993,172.430485846885176,MW312,385.3363735000,211.2107626000
"266",Southern,"3",Balaka,"31205",TA Nkaya,407.000000000000000,51927.443721771240234,127.585856810248742,MW312,336.9609930000,154.1052074000
"267",Southern,"3",Balaka,"31208",TA Sawali,119.000000000000000,17199.025760650634766,144.529628240761639,MW312,96.9873558700,177.3326595000
"268",Southern,"3",Blantyre,"30503",TA Chigaru,310.000000000000000,54203.617010116577148,174.850377451988948,MW305,255.2989253000,212.3143171000
"269",Southern,"3",Blantyre,"30501",TA Kapeni,262.000000000000000,107841.240974426269531,411.607789978726203,MW305,213.6764158000,504.6941682000
"270",Southern,"3",Blantyre,"30506",TA Kuntaja,415.000000000000000,90086.275339066982269,217.075362262812007,MW305,341.8512226000,263.5248007000
"271",Southern,"3",Blantyre,"30504",TA Kunthembwe,550.000000000000000,46539.191159725189209,84.616711199500344,MW305,459.7370679000,101.2300169000
"272",Southern,"3",Blantyre,"30502",TA Lundu,158.000000000000000,35289.661916255950928,223.352290609214890,MW305,131.6423036000,268.0723515000
"273",Southern,"3",Blantyre,"30507",TA Machinjiri,83.000000000000000,26397.589889526367188,318.043251681040545,MW305,67.1323843300,393.2169272000
"274",Southern,"3",Blantyre,"30505",TA Makata,75.000000000000000,20521.736450195312500,273.623152669270837,MW305,61.0352275000,336.2277374000
"275",Southern,"3",Blantyre,"30508",TA Somba,312.000000000000000,83478.317481040954590,267.558709875131285,MW305,254.7746023000,327.6555696000
"276",Southern,"3",Blantyre City,"31546",Bangwe Mthandizi Ward,5.000000000000000,12340.450622558593750,2468.090124511718841,MW315,3.9215085660,3146.8631040000
"277",Southern,"3",Blantyre City,"31545",Bangwe Ward,2.000000000000000,25586.600585937500000,12793.300292968750000,MW315,1.3216641570,19359.3814500000
"278",Southern,"3",Blantyre City,"31541",Blantyre City Centre Ward,14.000000000000000,43402.523651123046875,3100.180260794503283,MW315,10.8893289700,3985.7849600000
"279",Southern,"3",Blantyre City,"31548",Blantyre South Ward,6.000000000000000,22248.349914550781250,3708.058319091796875,MW315,6.2957868340,3533.8473960000
"280",Southern,"3",Blantyre City,"31552",Chigumula Ward,26.000000000000000,38085.490600585937500,1464.826561560997561,MW315,20.8604058500,1825.7310450000
"281",Southern,"3",Blantyre City,"31540",Chilomoni Ward,12.000000000000000,58000.052024841308594,4833.337668736775413,MW315,9.9641951780,5820.8466390000
"282",Southern,"3",Blantyre City,"31549",Green Corner Ward,9.000000000000000,30574.944396972656250,3397.216044108072765,MW315,6.7776914130,4511.1148510000
"283",Southern,"3",Blantyre City,"31543",Limbe Central Ward,7.000000000000000,8630.735809326171875,1232.962258475167346,MW315,5.7329102770,1505.4719840000
"284",Southern,"3",Blantyre City,"31533",Mapanga Ward,39.000000000000000,47185.495609283447266,1209.884502802139650,MW315,32.9847069700,1430.5264450000
"285",Southern,"3",Blantyre City,"31539",Mbayani Ward,5.000000000000000,38995.509765625000000,7799.101953125000364,MW315,4.7858531200,8148.0790960000
"286",Southern,"3",Blantyre City,"31531",Michiru Ward,21.000000000000000,78048.569915771484375,3716.598567417689537,MW315,16.6662319800,4683.0363320000
"287",Southern,"3",Blantyre City,"31553",Misesa Ward,20.000000000000000,69891.849945068359375,3494.592497253418060,MW315,17.0819308800,4091.5661350000
"288",Southern,"3",Blantyre City,"31544",Mzedi Ward,21.000000000000000,37524.437988281250000,1786.877999441964221,MW315,17.4427462000,2151.2918630000
"289",Southern,"3",Blantyre City,"31542",Namalimwe Ward,7.000000000000000,17547.128921508789062,2506.732703072684217,MW315,4.9033964300,3578.5662380000
"290",Southern,"3",Blantyre City,"31551",Namiyango Ward,11.000000000000000,39191.553649902343750,3562.868513627485754,MW315,9.1990461540,4260.3931960000
"291",Southern,"3",Blantyre City,"31537",Ndirande Gamulani Ward,5.000000000000000,30045.854778289794922,6009.170955657958984,MW315,4.2818413710,7017.0406070000
"292",Southern,"3",Blantyre City,"31536",Ndirande Makata Ward,4.000000000000000,55752.885423660278320,13938.221355915069580,MW315,3.0158756480,18486.4669200000
"293",Southern,"3",Blantyre City,"31535",Ndirande Matope Ward,7.000000000000000,19919.422953128814697,2845.631850446973658,MW315,6.0957081430,3267.7783260000
"294",Southern,"3",Blantyre City,"31534",Nkolokoti Ward,18.000000000000000,64643.389223098754883,3591.299401283264160,MW315,15.6903741900,4119.9392950000
"295",Southern,"3",Blantyre City,"31538",Nyambadwe Ward,7.000000000000000,18768.544250488281250,2681.220607212611412,MW315,6.5530494650,2864.0931750000
"296",Southern,"3",Blantyre City,"31547",Soche East Ward,6.000000000000000,22313.193054199218750,3718.865509033203125,MW315,4.3913347670,5081.1869810000
"297",Southern,"3",Blantyre City,"31550",Soche West Ward,10.000000000000000,42781.243225097656250,4278.124322509765989,MW315,9.1424386830,4679.4126490000
"298",Southern,"3",Blantyre City,"31532",South Lunzu Ward,27.000000000000000,58894.128952026367188,2181.264035260235687,MW315,22.5007085800,2617.4344120000
"299",Southern,"3",Chikwawa,"31020",Chikwawa Boma,8.000000000000000,4636.902770996093750,579.612846374511719,MW310,8.0376414650,576.8984335000
"300",Southern,"3",Chikwawa,"31012",Lengwe National Park,1089.000000000000000,2009.071846189744974,1.844877728365239,MW310,918.5361232000,2.1872540390
"301",Southern,"3",Chikwawa,"31013",Majete Game Reserve - Chikwawa,790.000000000000000,1145.850032399408519,1.450443078986593,MW310,646.2182910000,1.7731624870
"302",Southern,"3",Chikwawa,"31021",Ngabu Urban,10.000000000000000,9320.268768310546875,932.026876831054665,MW310,7.5702184600,1231.1756670000
"303",Southern,"3",Chikwawa,"31010",STA Masache,173.000000000000000,19704.693096876144409,113.899960097549965,MW310,150.3096904000,131.0939636000
"304",Southern,"3",Chikwawa,"31008",STA Ndakwela,159.000000000000000,27687.556109428405762,174.135573015272996,MW310,131.4265150000,210.6694840000
"305",Southern,"3",Chikwawa,"31003",TA Chapananga,843.000000000000000,105580.792127609252930,125.244118775337199,MW310,704.5455974000,149.8565777000
"306",Southern,"3",Chikwawa,"31006",TA Kasisi,407.000000000000000,27606.542224526405334,67.829342075003453,MW310,337.2582771000,81.8557885600
"307",Southern,"3",Chikwawa,"31005",TA Katunga,185.000000000000000,37606.757807731628418,203.279771933684486,MW310,151.0781875000,248.9224845000
"308",Southern,"3",Chikwawa,"31002",TA Lundu,241.000000000000000,50535.897110462188721,209.692519130548504,MW310,199.8267194000,252.8985975000
"309",Southern,"3",Chikwawa,"31007",TA Makhwira,570.000000000000000,73056.712754487991333,128.169671499101753,MW310,469.0953946000,155.7395650000
"310",Southern,"3",Chikwawa,"31004",TA Maseya,170.000000000000000,38493.211206436157227,226.430654155506801,MW310,140.3685405000,274.2296177000
"311",Southern,"3",Chikwawa,"31009",TA Mlilima,91.000000000000000,14807.504175186157227,162.719826100946790,MW310,76.1570312100,194.4338420000
"312",Southern,"3",Chikwawa,"31001",TA Ngabu,1038.000000000000000,165088.576234340667725,159.044871131349396,MW310,870.9500030000,189.5500036000
"313",Southern,"3",Chikwawa,"31011",TA Ngowe,82.000000000000000,12856.013804435729980,156.780656151655251,MW310,66.8997337900,192.1683850000
"314",Southern,"3",Chiradzulu,"30420",Chiradzulu Boma,5.000000000000000,2417.929473876953125,483.585894775390614,MW304,3.6841989690,656.2972015000
"315",Southern,"3",Chiradzulu,"30407",STA Mpunga,112.000000000000000,46369.659393310546875,414.014816011701328,MW304,91.2272014900,508.2876448000
"316",Southern,"3",Chiradzulu,"30409",STA Onga,39.000000000000000,18217.693267822265625,467.120340200570922,MW304,31.9996180000,569.3097106000
"317",Southern,"3",Chiradzulu,"30408",STA Sandareki,60.000000000000000,23379.042804718017578,389.650713411966933,MW304,50.2870804300,464.9115161000
"318",Southern,"3",Chiradzulu,"30405",TA Chitera,76.000000000000000,24538.342193603515625,322.872923600046249,MW304,61.3974772100,399.6636882000
"319",Southern,"3",Chiradzulu,"30403",TA Kadewere,145.000000000000000,60184.690319061279297,415.066829786629512,MW304,118.1924631000,509.2092060000
"320",Southern,"3",Chiradzulu,"30402",TA Likoswe,139.000000000000000,75695.680034637451172,544.573237659262190,MW304,111.8088494000,677.0097392000
"321",Southern,"3",Chiradzulu,"30401",TA Mpama,139.000000000000000,52132.134604752063751,375.051328091741482,MW304,116.3652372000,448.0043684000
"322",Southern,"3",Chiradzulu,"30406",TA Nchema,54.000000000000000,22220.840606689453125,411.497048272026916,MW304,44.9802734900,494.0130167000
"323",Southern,"3",Chiradzulu,"30404",TA Nkalo,158.000000000000000,55787.650009155273438,353.086392463008053,MW304,130.9100338000,426.1525902000
"326",Southern,"3",Machinga,"30217",Liwonde National Park,514.000000000000000,13092.981293395161629,25.472726251741559,MW302,424.3258800000,30.8559574300
"327",Southern,"3",Machinga,"30221",Liwonde Town,38.000000000000000,26115.621116638183594,687.253187279952158,MW302,30.6896637000,850.9582043000
"328",Southern,"3",Machinga,"30220",Machinga Boma,3.000000000000000,988.572662353515625,329.524220784505189,MW302,2.4008532120,411.7588934000
"329",Southern,"3",Machinga,"30216",STA Chesale,132.000000000000000,13917.474203109741211,105.435410629619255,MW302,109.8132134000,126.7377009000
"330",Southern,"3",Machinga,"30205",STA Nchinguza,467.000000000000000,28989.441717512614559,62.075892328720805,MW302,425.2314890000,68.1733184400
"331",Southern,"3",Machinga,"30202",STA Nsanama,180.000000000000000,32313.806361768394709,179.521146454268859,MW302,150.9459671000,214.0753209000
"332",Southern,"3",Machinga,"30208",TA Chamba,136.000000000000000,31423.454961366951466,231.054815892404065,MW302,112.6898416000,278.8490470000
"333",Southern,"3",Machinga,"30211",TA Chikweo,393.000000000000000,86085.563024898990989,219.047234160048333,MW302,332.3230446000,259.0418100000
"334",Southern,"3",Machinga,"30213",TA Chiwalo,49.000000000000000,17691.941062927246094,361.060021692392752,MW302,40.1007288300,441.1875189000
"335",Southern,"3",Machinga,"30214",TA Kapoloma,35.000000000000000,15867.544769287109375,453.358421979631714,MW302,29.8527874600,531.5264039000
"336",Southern,"3",Machinga,"30206",TA Kawinga,322.000000000000000,88720.830671429634094,275.530530035495758,MW302,267.7174242000,331.3972966000
"337",Southern,"3",Machinga,"30201",TA Liwonde,359.000000000000000,78902.412594318389893,219.783879092808888,MW302,300.4591615000,262.6061131000
"338",Southern,"3",Machinga,"30210",TA Mlomba,343.000000000000000,68227.387250036001205,198.913665452000004,MW302,291.7304520000,233.8713245000
"339",Southern,"3",Machinga,"30209",TA Mposa,220.000000000000000,29834.406366571784019,135.610938029871733,MW302,181.1990401000,164.6499139000
"340",Southern,"3",Machinga,"30212",TA Ngokwe,185.000000000000000,35360.335067629814148,191.136946311512503,MW302,155.7510201000,227.0311618000
"341",Southern,"3",Machinga,"30207",TA Nkoola,196.000000000000000,56207.958496093750000,286.775298449457921,MW302,159.6561910000,352.0562411000
"342",Southern,"3",Machinga,"30204",TA Nkula,141.000000000000000,26841.244829579722136,190.363438507657605,MW302,117.5898064000,228.2616634000
"343",Southern,"3",Machinga,"30215",TA Nyambi,290.000000000000000,53808.534392833709717,185.546670320116249,MW302,240.2112384000,224.0050662000
"344",Southern,"3",Machinga,"30203",TA Sitola,255.000000000000000,23045.474625383503735,90.374410295621587,MW302,209.5008164000,110.0018368000
"345",Southern,"3",Mangochi,"30112",Lake Malawi National Park,67.000000000000000,5421.703806892037392,80.920952341672205,MW301,54.0860943300,100.2421023000
"346",Southern,"3",Mangochi,"30199",Lake Malombe,53.000000000000000,10390.199279785156250,196.041495845002942,MW301,322.7889142000,32.1888355500
"347",Southern,"3",Mangochi,"30120",Mangochi Town,14.000000000000000,56010.785888671875000,4000.770420619419838,MW301,11.2558100300,4976.1665930000
"348",Southern,"3",Mangochi,"30121",Monkey Bay Urban,10.000000000000000,8136.712867736816406,813.671286773681686,MW301,10.6586541300,763.3902707000
"349",Southern,"3",Mangochi,"30114",STA Chiunda,218.000000000000000,42632.827426433563232,195.563428561621862,MW301,178.1601122000,239.2950188000
"350",Southern,"3",Mangochi,"30110",STA Lulanga,357.000000000000000,37344.353280425071716,104.606031597829329,MW301,296.5510703000,125.9289107000
"351",Southern,"3",Mangochi,"30113",STA Ntonda,283.000000000000000,23406.555679799988866,82.708677313780882,MW301,238.6714753000,98.0701847400
"352",Southern,"3",Mangochi,"30103",TA Chilipa,231.000000000000000,40597.398472994565964,175.746313735907222,MW301,189.3858364000,214.3634351000
"353",Southern,"3",Mangochi,"30102",TA Chimwala,553.000000000000000,86535.200107812881470,156.483182835104657,MW301,458.6075495000,188.6911809000
"354",Southern,"3",Mangochi,"30107",TA Chowe,550.000000000000000,112956.572051793336868,205.375585548715151,MW301,452.1490272000,249.8215527000
"355",Southern,"3",Mangochi,"30105",TA Jalasi,669.000000000000000,104068.063471793080680,155.557643455595041,MW301,559.2259921000,186.0930374000
"356",Southern,"3",Mangochi,"30108",TA Katuli,529.000000000000000,59803.589131385553628,113.050263008290273,MW301,438.7169604000,136.3147416000
"357",Southern,"3",Mangochi,"30109",TA Makanjila,511.000000000000000,56700.231146696598444,110.959356451461048,MW301,424.8297167000,133.4657838000
"358",Southern,"3",Mangochi,"30106",TA Mbwana Nyambi,952.000000000000000,122456.325941843912005,128.630594476726799,MW301,785.0301811000,155.9893222000
"359",Southern,"3",Mangochi,"30101",TA Mponda,876.000000000000000,142762.637719932943583,162.971047625494236,MW301,729.6247660000,195.6658331000
"360",Southern,"3",Mangochi,"30111",TA Namabvi,454.000000000000000,41651.124083309667185,91.742564060153455,MW301,380.8017122000,109.3774600000
"361",Southern,"3",Mangochi,"30104",TA Nankumba,1443.000000000000000,139249.644917092286050,96.500100427645378,MW301,1198.1292430000,116.2225575000
"362",Southern,"3",Mulanje,"30820",Mulanje Boma,17.000000000000000,13935.869892120361328,819.757052477668367,MW308,13.6567841100,1020.4356880000
"363",Southern,"3",Mulanje,"30809",Mulanje Mountain Reserve,573.000000000000000,5320.394818379296339,9.285156751098249,MW308,468.7566240000,11.3500152200
"364",Southern,"3",Mulanje,"30807",STA Sunganinzeru,154.000000000000000,61599.652114868164062,399.997741005637408,MW308,136.3874775000,451.6518175000
"365",Southern,"3",Mulanje,"30808",STA Tombondiya,81.000000000000000,20527.441833496093750,253.425207820939420,MW308,76.6009405900,267.9789787000
"366",Southern,"3",Mulanje,"30803",TA Chikumbu,180.000000000000000,89969.425872802734375,499.830143737792980,MW308,147.4529384000,610.1568866000
"367",Southern,"3",Mulanje,"30806",TA Juma,406.000000000000000,109846.947313308715820,270.558983530317050,MW308,335.6306448000,327.2852136000
"368",Southern,"3",Mulanje,"30802",TA Laston Njema,152.000000000000000,86311.029074192047119,567.835717593368713,MW308,140.9725591000,612.2541124000
"369",Southern,"3",Mulanje,"30801",TA Mabuka,240.000000000000000,101768.474106907844543,424.035308778782678,MW308,209.0544150000,486.8037544000
"370",Southern,"3",Mulanje,"30805",TA Nkanda,443.000000000000000,126466.359709262847900,285.477109953189256,MW308,366.9257520000,344.6647148000
"371",Southern,"3",Mulanje,"30804",TA Nthiramanja,134.000000000000000,56429.362548828125000,421.114645886777055,MW308,109.8320125000,513.7788268000
"372",Southern,"3",Mwanza,"30604",Majete Game Reserve - Mwanza,73.000000000000000,156.242967073107138,2.140314617439824,MW306,59.2890234400,2.6352764470
"373",Southern,"3",Mwanza,"30620",Mwanza Boma,14.000000000000000,21505.363830566406250,1536.097416469028985,MW306,12.4377871300,1729.0345610000
"374",Southern,"3",Mwanza,"30603",STA Govati,109.000000000000000,19902.845199577510357,182.594910087867078,MW306,88.2447535500,225.5413993000
"375",Southern,"3",Mwanza,"30601",TA Kanduku,476.000000000000000,61597.025056838989258,129.405514825291988,MW306,392.3539459000,156.9935148000
"376",Southern,"3",Mwanza,"30602",TA Nthache,243.000000000000000,46660.723188325762749,192.019436988994897,MW306,203.3415291000,229.4697171000
"377",Southern,"3",Neno,"31320",Neno Boma,4.000000000000000,3527.268829345703125,881.817207336425781,MW313,2.4533582050,1437.7308700000
"378",Southern,"3",Neno,"31304",TA Chekucheku,363.000000000000000,25873.361406803131104,71.276477704691828,MW313,303.6303161000,85.2133664900
"379",Southern,"3",Neno,"31301",TA Dambe,337.000000000000000,34404.648968935012817,102.090946495356121,MW313,278.4436200000,123.5605576000
"380",Southern,"3",Neno,"31302",TA Mlauli,688.000000000000000,41649.144376039505005,60.536547058196952,MW313,562.9399619000,73.9850555800
"381",Southern,"3",Neno,"31303",TA Symon Likongwe,508.000000000000000,67305.295678973197937,132.490739525537805,MW313,413.9919646000,162.5763334000
"382",Southern,"3",Nsanje,"31110",Mwabvi Game Reserve,402.000000000000000,9163.345683962106705,22.794392248661957,MW311,349.4894636000,26.2192330100
"383",Southern,"3",Nsanje,"31120",Nsanje Boma,17.000000000000000,21864.640640258789062,1286.155331779928702,MW311,15.4187174800,1418.0583210000
"384",Southern,"3",Nsanje,"31102",TA Chimombo,36.000000000000000,11372.035758972167969,315.889882193671326,MW311,32.2804598700,352.2885300000
"385",Southern,"3",Nsanje,"31109",TA Makoko,81.000000000000000,12083.157730102539062,149.174786791389380,MW311,65.9561785600,183.1997849000
"386",Southern,"3",Nsanje,"31106",TA Malemia,166.000000000000000,20715.104438245296478,124.789785772562027,MW311,141.4261123000,146.4729821000
"387",Southern,"3",Nsanje,"31107",TA Mbenje,381.000000000000000,61734.767724037170410,162.033511086711741,MW311,311.6602187000,198.0835666000
"388",Southern,"3",Nsanje,"31104",TA Mlolo,407.000000000000000,72866.473038673400879,179.033103289123829,MW311,344.8895612000,211.2747998000
"389",Southern,"3",Nsanje,"31101",TA Ndamera,210.000000000000000,29557.102037429809570,140.748104940141957,MW311,193.0613415000,153.0969473000
"390",Southern,"3",Nsanje,"31108",TA Ngabu,78.000000000000000,17769.244600296020508,227.810828208923340,MW311,61.1422222700,290.6215040000
"391",Southern,"3",Nsanje,"31103",TA Nyachikadza,90.000000000000000,3115.663519859313965,34.618483553992377,MW311,81.9552614900,38.0166381400
"392",Southern,"3",Nsanje,"31105",TA Tengani,415.000000000000000,48426.302478551864624,116.689885490486418,MW311,348.0476755000,139.1369800000
"394",Southern,"3",Phalombe,"30920",Phalombe Boma,4.000000000000000,8882.131958007812500,2220.532989501953125,MW309,3.4335098770,2586.8957060000
"395",Southern,"3",Phalombe,"30903",TA Chiwalo,251.000000000000000,47146.459654808044434,187.834500616765126,MW309,208.4092718000,226.2205478000
"396",Southern,"3",Phalombe,"30905",TA Jenala,381.000000000000000,92100.886747360229492,241.734610885459915,MW309,310.9197410000,296.2207752000
"397",Southern,"3",Phalombe,"30906",TA Kaduya,261.000000000000000,92913.385809209197760,355.989983943330287,MW309,217.0665446000,428.0410229000
"398",Southern,"3",Phalombe,"30901",TA Mkhumba,370.000000000000000,125723.431602811207995,339.793058385976224,MW309,307.6227401000,408.6935560000
"399",Southern,"3",Phalombe,"30902",TA Nazombe,224.000000000000000,39819.886375867528841,177.767349892265742,MW309,188.9394499000,210.7547491000
"400",Southern,"3",Phalombe,"30904",TA Nkhulambe,102.000000000000000,24916.780220031738281,244.282159019918993,MW309,86.9696354000,286.4997663000
"401",Southern,"3",Thyolo,"30721",Luchenza Town,12.000000000000000,10327.847229003906250,860.653935750325559,MW307,10.1921763000,1013.3112810000
"402",Southern,"3",Thyolo,"30714",STA Boyidi,65.000000000000000,28431.435192108154297,437.406695263202380,MW307,52.4440224900,542.1291853000
"403",Southern,"3",Thyolo,"30703",STA Mbawela,158.000000000000000,61575.398368835449219,389.717711195161087,MW307,131.5937868000,467.9202554000
"404",Southern,"3",Thyolo,"30702",STA Thukuta,71.000000000000000,22480.460510253906250,316.626204369773347,MW307,62.7526052700,358.2394772000
"405",Southern,"3",Thyolo,"30710",TA Bvumbwe,251.000000000000000,127685.873871326446533,508.708660841938013,MW307,207.8153201000,614.4199270000
"406",Southern,"3",Thyolo,"30704",TA Changata,147.000000000000000,54185.445297708734870,368.608471412984613,MW307,121.9388276000,444.3658049000
"407",Southern,"3",Thyolo,"30709",TA Chimaliro,114.000000000000000,62989.913774490356445,552.543103285003099,MW307,95.2371189800,661.4008744000
"408",Southern,"3",Thyolo,"30707",TA Kapichi,165.000000000000000,71587.498432159423828,433.863626861572243,MW307,133.9586724000,534.3998796000
"409",Southern,"3",Thyolo,"30706",TA Kwethemule,181.000000000000000,68181.812046051025391,376.695094177077465,MW307,149.3408228000,456.5517369000
"410",Southern,"3",Thyolo,"30705",TA Mphuka,188.000000000000000,79598.224466323852539,423.394810991084341,MW307,155.3555727000,512.3615653000
"411",Southern,"3",Thyolo,"30712",TA Nanseta,64.000000000000000,36667.444259643554688,572.928816556930542,MW307,53.3375106000,687.4607352000
"412",Southern,"3",Thyolo,"30708",TA Nchilamwela,220.000000000000000,67388.641868591308594,306.312008493596863,MW307,181.3586581000,371.5766456000
"413",Southern,"3",Thyolo,"30713",TA Ngolongoliwa,95.000000000000000,39967.887113571166992,420.714601195485955,MW307,77.9395992800,512.8059096000
"414",Southern,"3",Thyolo,"30701",TA Nsabwe,140.000000000000000,46509.260635479819030,332.209004539141574,MW307,117.0790787000,397.2465543000
"415",Southern,"3",Thyolo,"30711",TA Thomas,138.000000000000000,46702.259307861328125,338.422168897545873,MW307,112.2671888000,415.9920613000
"416",Southern,"3",Thyolo,"30720",Thyolo Boma,5.000000000000000,6185.298950195312500,1237.059790039062591,MW307,3.7197518810,1662.8256790000
"418",Southern,"3",Zomba,"30310",STA Ngwelero,142.000000000000000,36708.850906372070312,258.513034551916007,MW303,117.6589073000,311.9938109000
"419",Southern,"3",Zomba,"30308",STA Nkagula,167.000000000000000,49377.419702529907227,295.673171871436580,MW303,138.2547504000,357.1480874000
"420",Southern,"3",Zomba,"30311",STA Nkapita,210.000000000000000,38703.898984909057617,184.304280880519315,MW303,173.8300106000,222.6537226000
"421",Southern,"3",Zomba,"30309",STA Ntholowa,153.000000000000000,59385.655227661132812,388.141537435693692,MW303,125.5407524000,473.0388664000
"422",Southern,"3",Zomba,"30304",TA Chikowi,219.000000000000000,77748.391517162322998,355.015486379736615,MW303,177.2162634000,438.7204085000
"423",Southern,"3",Zomba,"30301",TA Kuntumanji,191.000000000000000,41754.063111975789070,218.607660272124548,MW303,159.1294629000,262.3905236000
"424",Southern,"3",Zomba,"30306",TA Malemia,352.000000000000000,73395.352927759289742,208.509525362952530,MW303,292.0865849000,251.2794380000
"425",Southern,"3",Zomba,"30305",TA Mbiza,258.000000000000000,92289.360610961914062,357.710700042488043,MW303,213.8076202000,431.6467321000
"426",Southern,"3",Zomba,"30303",TA Mkumbira,57.000000000000000,2850.940850675106049,50.016506152194843,MW303,49.4884139500,57.6082485200
"427",Southern,"3",Zomba,"30307",TA Mlumbe,591.000000000000000,118254.402758121490479,200.092052044198795,MW303,491.5618602000,240.5687103000
"428",Southern,"3",Zomba,"30302",TA Mwambo,515.000000000000000,155008.474044799804688,300.987328242329738,MW303,424.1072408000,365.4935806000
"429",Southern,"3",Zomba City,"31439",Chambo Ward,3.000000000000000,12029.274414062500000,4009.758138020833485,MW314,1.7011765360,7071.1499710000
"430",Southern,"3",Zomba City,"31433",Chinamwali Ward,4.000000000000000,25754.384765625000000,6438.596191406250000,MW314,1.8666774390,13796.9122100000
"431",Southern,"3",Zomba City,"31434",Chirunga Ward,8.000000000000000,14742.642303466796875,1842.830287933349609,MW314,6.9065360120,2134.5928370000
"432",Southern,"3",Zomba City,"31438",Likangala Ward,2.000000000000000,22401.908203125000000,11200.954101562500000,MW314,1.1841500840,18918.1325100000
"433",Southern,"3",Zomba City,"31436",Masongola Ward,12.000000000000000,6129.917549133300781,510.826462427775084,MW314,8.7548417820,700.1745664000
"434",Southern,"3",Zomba City,"31432",Mbedza Ward,5.000000000000000,5304.165954589843750,1060.833190917968750,MW314,4.5162005190,1174.4752980000
"435",Southern,"3",Zomba City,"31431",Mpira Ward,8.000000000000000,14145.644470214843750,1768.205558776855469,MW314,8.0676754460,1753.3730200000
"436",Southern,"3",Zomba City,"31435",Mtiya Ward,5.000000000000000,5666.786804199218750,1133.357360839843750,MW314,4.0165172930,1410.8707590000
"437",Southern,"3",Zomba City,"31440",Sadzi Ward,2.000000000000000,10427.095214843750000,5213.547607421875000,MW314,2.8091863700,3711.7847800000
"438",Southern,"3",Zomba City,"31437",Zomba Central Ward,2.000000000000000,3348.860961914062500,1674.430480957031250,MW314,2.0024167460,1672.4095860000
