"","time","S","E","I","H","C","R","D","hosp","crits"
"1",0,5380502,0,1,0,0,0,0,0,0
"2",1,5380501.26252703,0.607742678548093,0.794515217435042,0.00965271058118504,9.29502329247113e-05,0.0608889967923245,1.18085327344849e-06,0.010293206783423,9.49604453944617e-05
"3",2,5380500.59775213,0.965719724093906,0.799142549280337,0.0172412972064336,0.000330909381262201,0.116727813004398,8.57855986330517e-06,0.0195717387053932,0.000345512997475548
"4",3,5380499.8831236,1.25295130015711,0.901708183667983,0.0246034798516203,0.000686977283247845,0.177439020214392,2.69153962218426e-05,0.0295460990157377,0.000732796409408553
"5",4,5380499.05559302,1.54349488291755,1.06254467140868,0.0325885766396544,0.00115848530532052,0.248210571806466,6.04305462476781e-05,0.041096280808398,0.00126135857531295
"6",5,5380498.07175777,1.87208325051101,1.27059334556491,0.0416916041696974,0.00175440570896099,0.332691251993917,0.000113500880213898,0.054828072942664,0.0019476226732222
"7",6,5380496.89186463,2.2595916725549,1.52666244825011,0.0523028845225308,0.00249088395417347,0.434277359008078,0.000190971530849689,0.0712963286948475,0.00281598222109048
"8",7,5380495.47285647,2.72309662127569,1.83716113428502,0.0648108637104927,0.00338998461873863,0.556676904061353,0.000298390240205475,0.091102016377029,0.00389794593383172
"9",8,5380493.76473295,3.28006147684791,2.21189880751259,0.0796498277394736,0.0044797794865008,0.704210165556194,0.000442223772151753,0.114943014404879,0.00523259421902338
"10",9,5380491.70799569,3.95032162336592,2.66349356539409,0.097327979198137,0.00579507651448588,0.88202536158339,0.000630090129270098,0.143649771006406,0.00686770345587248
"11",10,5380489.23126669,4.75730594775098,3.20744970874436,0.118450003650092,0.00737854766841298,1.09630280224802,0.000871025728291894,0.178218545446738,0.00886132865387146
"12",11,5380486.24869591,5.72905076973102,3.8625578334942,0.143739798543741,0.00928218881522675,1.35447870084329,0.00117579973361262,0.21984759292509,0.0112837984475012
"13",12,5380482.65693731,6.89925150376036,4.65149252710627,0.17406620009971,0.0115691254231507,1.66550691220187,0.00155728870023539,0.269979372353882,0.0142201585655432
"14",13,5380478.33155906,8.3084571510485,5.6015758823093,0.210473181985302,0.014315803937762,2.04016994901466,0.00203092316310805,0.330350653353753,0.0177731234535578
"15",14,5380473.12271803,10.0054898556955,6.7457171926451,0.254216099689841,0.0176146546777469,2.49145386198676,0.00261522508807821,0.403052892568745,0.0220666540933105
"16",15,5380466.84995111,12.0491439969125,8.12355478263116,0.306805247734876,0.0215773136900959,3.03499974039467,0.00333245377403592,0.490604938170228,0.0272502794023141
"17",16,5380459.2959602,14.5102136215343,9.78281835587611,0.370057809821842,0.0263384736218457,3.68964247483632,0.00420937482469096,0.596039783028445,0.033504256156145
"18",17,5380450.1990518,17.4739565968712,11.7809883327444,0.44616102190588,0.0320605754934492,4.47806618163922,0.0052781942527656,0.723010098645812,0.0410458509237225
"19",18,5380439.24410965,21.0430320680333,14.1872819165962,0.537747545757844,0.0389394196446889,5.42758686149553,0.0065776728838231,0.875914249492426,0.0501368481062169
"20",19,5380426.05163971,25.3410737208755,17.0850545490725,0.647986970928423,0.0472109735092218,6.57110217532738,0.00815447685867301,1.06004921909976,0.0610926567243811
"21",20,5380410.16462115,30.516971257606,20.5746895588388,0.780695588411115,0.0571595521461483,7.94823151930145,0.0100647982991623,1.2817941689582,0.0742932498725506
"22",21,5380391.03273665,36.750000711117,24.7770679532459,0.940468008890401,0.0691276360971063,9.60668340637681,0.0123762985908509,1.54883058986027,0.0901962907014402
"23",22,5380367.99327109,44.2560568911663,29.8377526281402,1.13283668641511,0.0835277541803942,11.6039117239871,0.015170460072238,1.87040897575703,0.109353018584333
"24",23,5380340.24816586,53.2951255720046,35.9320287298232,1.36446346378683,0.100856771442138,14.0091055159741,0.0185454118132385,2.25766918533151,0.132427347500887
"25",24,5380306.83641711,64.1802474556472,43.2709905063592,1.64336985134032,0.121713097163572,16.9055828174263,0.0226193305784907,2.72402583668064,0.160218863636576
"26",25,5380266.60077836,77.2883939472936,52.1088208523207,1.97921518978469,0.14681740311263,20.3936783665456,0.027534538479465,3.28563326163536,0.193690519226881
"27",26,5380218.14769706,93.0735270774084,62.7515742626705,2.38363121104268,0.177037574116268,24.5942185713448,0.0334624357070789,3.96194499299243,0.234001980312265
"28",27,5380159.79916792,112.082178122285,75.5678456173138,2.8706234704114,0.213418779753052,29.6526986309436,0.0406094386812259,4.77638620863457,0.282549807173731
"29",28,5380089.53456393,134.972482121783,91.0014432683525,3.45705761548797,0.257219660694209,35.7443288099257,0.0492241381003105,5.75716626191268,0.341015826100087
"30",29,5380004.92081136,162.536913093117,109.5867099538,4.16324252824129,0.309955854444993,43.0800934473513,0.0596059025618064,6.93825418663609,0.411425301407321
"31",30,5379903.02833347,195.72948033964,131.967131361684,5.01363145655674,0.37345252516,51.9140471681774,0.0721152528395351,8.36055325366432,0.496217125789753
"32",31,5379780.32965741,235.698945553416,158.917360712011,6.03767028784136,0.449907450798935,62.552115978624,0.087186346652334,10.073318110277,0.598328160783232
"33",32,5379632.57786156,283.82808686326,191.370163975251,7.2708115600847,0.541967069951771,75.3626540370094,0.105341997951241,12.135854169827,0.721294851507223
"34",33,5379454.65940381,341.781754157501,230.448505447869,8.75574553017195,0.652818221194984,90.7892272856134,0.127211829352637,14.6195758777568,0.869375867614203
"35",34,5379240.41824979,411.563855241477,277.50429814251,10.5438693509259,0.786298127574085,109.365898487431,0.153554014509532,17.6104673673028,1.04769910065676
"36",35,5378982.44335275,495.586471206507,334.16492653006,12.6970646719526,0.947027181461379,131.735705342228,0.185281551015751,21.2120573445062,1.26243917433232
"37",36,5378671.81338218,596.752534707795,402.389398423614,15.2898320710962,1.1405687735671,158.672870866261,0.223493876531428,25.5489945644213,1.52103109485476
"38",37,5378297.79068465,718.555242238919,484.535274475441,18.4118533358909,1.37362082777803,191.10944840275,0.269514791144976,30.7713374177107,1.83242634250521
"39",38,5377847.45175549,865.197564748011,583.439858780864,22.1710848350169,1.65424763503886,230.167525430639,0.324938354282581,37.0597379834337,2.20740283760817
"40",39,5377305.24477824,1041.73522346277,702.517324314328,26.6974643145241,1.99215780396853,277.197824485796,0.39168394105838,44.6316557274049,2.65893661571469
"41",40,5376652.45724765,1254.24909878449,845.874891425483,32.1473784022512,2.39903882172389,333.82620561993,0.472062589163547,53.7488433763668,3.20264933335672
"42",41,5375866.57803594,1510.05033829858,1018.45307620373,38.7090150834431,2.88895958359285,402.009482861088,0.568856816522868,64.72633087602,3.85734667434235
"43",42,5374920.53217735,1817.92658261821,1226.19308182005,46.608796237508,3.4788539290938,484.102500231784,0.685416627646152,77.9432216684181,4.64566532120253
"44",43,5373781.76370483,2188.43674857612,1476.23682489332,56.1191015641206,4.18910164030648,582.938708826641,0.825775017473498,93.8556616005511,5.59485058021153
"45",44,5372411.13997648,2634.26030362348,1777.16740592767,67.5675027110506,5.04422633456653,701.926704256445,0.994786784646789,113.01237411261,6.73769058131416
"46",45,5370761.63647808,3170.61653064171,2139.29575057483,81.3478817230329,6.07373572578059,845.166489093652,1.1982960245848,136.073369308896,8.11364166941926
"47",46,5368776.77034272,3815.76225189676,2575.00078740449,97.9337127996282,7.31312737846245,1017.58850909594,1.44333700772981,163.832315895769,9.7701761212903
"48",47,5366388.74276034,4591.57431203638,3099.13634925176,117.89384036115,8.80509227106536,1225.11937752263,1.73837485303273,197.243200557717,11.7643954167152
"49",48,5363516.21900464,5524.2441207415,3729.51298379341,141.911428920395,10.6009620284061,1474.88109709461,2.09359592968355,237.452373639191,14.1649718330943
"50",49,5360061.69922407,6645.0976101293,4487.46232950534,170.80654111898,12.7624363946153,1775.42872413851,2.52125586718856,285.836774640503,17.0544683494854
"51",50,5355908.42606308,7991.5334737165,5398.51401260551,205.562764944228,15.3636504695715,2137.03253855739,3.03609674202872,344.049292845755,20.5321160761167
"52",51,5350916.73364322,9608.13024199954,6493.17656755663,247.358966735117,18.4936404898186,2572.01482472648,3.655847987859,414.072903190769,24.7171327542255
"53",52,5344919.78443395,11547.9133299549,7807.84760644804,297.606679890075,22.2592769516862,3095.14848980403,4.40182544712533,498.284716862685,29.7526756680527
"54",53,5337718.61096272,13873.787058484,9385.87311413974,357.994040691724,26.788758849459,3724.12875098879,5.29964966968787,599.531732867961,35.810558670705
"55",54,5329076.42307165,16660.1362748378,11278.747542655,430.536967777589,32.2357329384979,4480.12617410969,6.38010023164709,721.219610752882,43.0968257874513
"56",55,5318712.10361917,19994.5808357429,13547.4729526458,517.638668993018,38.7841684982608,5388.43574644828,7.68013719448654,867.416785572882,51.8583648483837
"57",56,5306292.90086825,23979.8419537133,16264.062213907,622.15802804289,46.6540793236414,6479.23137484249,9.24411539509431,1042.97539120445,62.390696612903
"58",57,5291426.28858051,28735.6589173156,19513.182777904,747.488025940261,56.1082695029363,7788.44422901103,11.1252385279396,1253.67187707347,75.047195888347
"59",58,5273651.33775541,34400.5851052913,23393.8416320381,897.642306356517,67.4600460745914,9358.75139502526,13.3872546542796,1506.36506234011,90.2496905180264
"60",59,5252429.61336534,41133.5127411814,28021.0965178516,1077.35150588852,81.0822047104142,11240.7048805134,16.1064789343551,1809.17629859747,108.50089044015
"61",60,5227136.20280354,49114.6243166535,33527.6012564916,1292.16615980055,97.4172232658353,13493.9805075599,19.3741588082161,2171.6882869717,130.398607577423
"62",61,5197051.56330411,58545.3252406093,40064.8107196181,1548.56293580788,116.988737804561,16188.7356145309,23.2992405015728,2605.16048142965,156.65194139225
"63",62,5161355.22930577,69646.6265997822,47803.5275934894,1854.04846019142,140.414210203919,19407.0408949531,28.0115763096209,3122.75518251834,188.099406376111
"64",63,5119122.9120343,82655.1796546103,56933.3849539434,2217.251300449,168.418613385208,23244.3268383745,33.6656196908229,3739.7642524566,225.728907581822
"65",64,5069328.93814523,97816.0803312294,67660.7073793967,2647.98899110705,201.848726868338,27810.7512617533,40.4446314246721,4473.82085801504,270.699196484183
"66",65,5010856.68238659,115371.265199593,80204.040165348,3157.29062357312,241.687408521793,33232.3466114349,48.5654172850629,5345.07271977177,324.362207855638
"67",66,4942519.93517887,135542.435881851,94786.4999157507,3757.35052837419,289.066822855051,39651.7552794493,58.2835699981899,6376.28520599033,388.285211647573
"68",67,4863098.86775606,158507.282961991,111623.98429534,4461.37858012401,345.279130287026,47228.2788826868,69.8991608611717,7592.82908686254,464.271191322582
"69",68,4771393.38235768,184368.657043554,130908.418634035,5283.31224508877,411.782704120993,56136.9386062916,83.7627413127077,9022.50342518324,554.375277536618
"70",69,4666296.9147762,213116.643516752,152785.24745942,6237.3425714406,490.201139300061,66566.1270355164,100.281455776931,10695.1250688293,660.91416302638
"71",70,4546891.13614639,244585.507701934,177325.01061939,7337.21123938071,582.311721575603,78713.4232312879,119.92493174771,12641.8155571872,786.464598697414
"72",71,4412558.51289616,278409.524424148,204489.977496135,8595.24810492848,690.019781317072,92779.1954768958,143.230504275629,14893.9256725073,933.846641281374
"73",72,4263105.93909396,313984.04384133,234098.021941874,10021.1308675709,815.314723817863,108957.646398463,170.807170220836,17481.5439404955,1106.08641512036
"74",73,4098886.2665733,350441.202046492,265787.734093288,11620.3928462994,960.204083855788,127425.230382399,203.337539402528,20431.582015912,1306.35348824507
"75",74,3920899.43555891,386650.853102414,298990.962706493,13392.753299044,1126.62299495695,148326.694091732,241.576916407643,23765.4838409041,1537.86877856589
"76",75,3730851.22843083,421257.106132297,332920.05792568,15330.4160802546,1316.31867984386,171759.506691492,286.348609747019,27496.6913447048,1803.78105891502
"77",76,3531147.52825243,452756.727317938,366578.59582095,17416.550133261,1530.71218167443,197757.956328695,338.534496970926,31628.0839987593,2107.01262691457
"78",77,3324811.5810669,479617.315418079,398799.701670102,19624.223173077,1770.74564627969,226278.841058254,399.060345295075,36149.7138880595,2450.08159794488
"79",78,3115319.56809233,500425.175461031,428315.698662265,21916.065222084,2036.72539162582,257190.794754627,468.875310379365,41037.1753739156,2834.91007457984
"80",79,2906370.73625603,514039.310625572,453854.744439401,24244.9062129423,2328.17728763053,290269.445935772,548.925844467525,46250.9676636812,3262.63510921445
"81",80,2701622.18250374,519725.920356288,474252.399405106,26555.4954837234,2643.73143733236,325199.879484368,640.124893422781,51737.0828134386,3733.44094814931
"82",81,2504427.08195696,517243.609498667,488564.86835773,28787.2889389001,2981.05570521512,361587.293201438,743.317541963873,57428.9500824521,4246.43407646389
"83",82,2317616.06075653,506867.087997318,496160.034090336,30878.0851146674,3336.8502419984,398975.295134709,859.245397921119,63250.6261267558,4799.57711274037
"84",83,2143353.35680658,489339.028303611,496777.190556299,32768.0407771148,3706.91301777772,436869.724174653,988.512038662862,69120.8558638431,5389.69552031121
"85",84,1983077.83146481,465767.497999952,490541.514811904,34403.6394743805,4086.2735783947,474765.571792694,1131.55215184263,74957.5888668158,6012.55883072265
"86",85,1837523.27224426,437490.925599472,477934.254694643,35741.1221515381,4469.38474149958,512173.842547226,1288.60669856683,80682.4177669661,6663.03005909118
"87",86,1706802.33164886,405932.801431012,459729.247558507,36748.9306251644,4850.35760496822,548645.198953949,1459.70591665487,86224.4116728155,7335.27177830909
"88",87,1590525.75825019,372475.632093797,436903.117169365,37409.057026793,5223.21475529444,583788.725777746,1644.66143563526,91523.0829360773,8022.98590448784
"89",88,1487935.83937147,338362.8307039,410540.731097091,37717.1465926636,5582.14217547715,617284.050464299,1843.0676904421,96530.2052604153,8719.66801143569
"90",89,1398033.16811377,304638.202227392,381745.083183001,37681.5721270986,5921.71759873213,648887.058855552,2054.31220966536,101210.54651206,9418.8531984583
"91",90,1319685.56103354,272120.098739063,351561.740545956,37321.7157375862,6237.10038032655,678429.820994357,2277.59361701983,105541.637810379,10114.3366067941
"92",91,1251714.61837375,241401.71524644,320925.77115329,36665.6892033752,6524.17462886169,705815.584695181,2511.94574370761,109512.736158493,10800.3575983099
"93",92,1192957.850066,212872.484231807,290627.313195069,35747.8917333958,6779.63936217726,731010.755042069,2756.26608875071,113123.317074646,11471.7383605366
"94",93,1142310.69472918,186748.434186782,261298.45141716,34606.5574805113,7001.04991585787,754034.788804804,3009.34662574073,116381.255126572,12123.9777587041
"95",94,1098751.44439052,163107.313637034,233414.103634847,33281.5458838306,7186.81452822904,774949.535865253,3269.90529513927,119300.952836542,12753.3015313061
"96",95,1061353.47906638,141923.048104425,207303.573752207,31812.4722228121,7336.15409582496,793848.845039147,3536.61669707088,121901.552207701,13356.6742951024
"97",96,1029288.91026661,123095.794347894,183169.743238107,30237.2093149712,7449.03476746094,810848.956428999,3808.14073737213,124205.310692986,13931.7809044763
"98",97,1001826.04641479,106477.95856582,161109.852320762,28590.819871727,7526.08074337708,826080.303045607,4083.14845877122,126236.241987397,14476.9832239995
"99",98,978323.721112745,91894.0334135945,141137.897202401,26904.8321573714,7568.47713344666,839680.60554597,4360.3444107383,128018.993329833,14991.2610677075
"100",99,958223.590322039,79156.0235835024,123204.906494937,25206.8497338896,7577.86841996952,851789.445335578,4638.48540567502,129577.985752002,15474.1425912839
"101",100,941041.71130923,68074.445545685,107216.923040146,23520.4218141501,7556.25854322428,862544.146662435,4916.39551800996,130936.78274181,15925.6299111565
"102",101,926360.185045491,58465.6875642521,93050.4328204763,21865.1037115359,7505.91672357946,872076.757941009,5192.97754869269,132117.647111054,16346.1244430625
"103",102,913819.069553836,50156.8750419754,80564.3734149085,20256.6751319808,7429.29127565324,880512.059919103,5467.22114220087,133141.271174826,16736.3545341054
"104",103,903109.016479799,42988.4959230889,69609.8071597686,18707.4413936585,7328.93371906694,887966.295278425,5738.20793405581,134026.625211912,17097.3083363247
"105",104,893964.542129383,36815.7444837619,60036.8760610482,17226.5981640826,7207.43315993289,894546.536161079,6005.11413316181,134790.909263903,17430.1725841998
"106",105,886158.091604709,31508.6984401053,51699.8744665332,15820.6168958317,7067.36173070922,900350.497547882,6267.21083818233,135449.574202279,17736.2785730851
"107",106,879494.803987055,26951.9013338969,44460.6223008301,14493.6308833058,6911.23022499013,905466.677300474,6523.8625714796,136016.391714047,18017.055298268
"108",107,873807.925689866,23043.5558177031,38190.5085681044,13247.8069970984,6741.45320085585,909974.728116627,6774.52436159178,136503.557163436,18273.9895917066
"109",108,868954.846944253,19694.4105702831,32771.6718504268,12083.6894173322,6560.32262975515,913945.96516438,7018.73770531396,136921.809226653,18508.5928970054
"110",109,864813.65440821,16826.6179954173,28097.348330136,11000.5127648432,6369.98907073686,917443.970441776,7256.12569854847,137280.560137759,18722.3741547039
"111",110,861280.164678894,14372.5446073064,24071.7617796462,9996.47919588154,6172.44926505991,920525.232470894,7486.38759952115,137588.026685105,18916.8181416382
"112",111,858265.376898033,12273.6015506529,20609.7069151345,9068.99894640638,5969.53915008616,923239.789538313,7709.29303723827,137851.357136364,19093.3686256647
"113",112,855693.275418911,10479.1908833828,17635.8415085073,8214.89733691095,5762.93134686838,925631.865387507,7924.67604612293,138076.752802791,19253.4156981775
"114",113,853498.953383656,8945.6877033051,15083.9510342073,7430.58843509038,5554.13611572888,927740.465412233,8132.42908669567,138269.579492238,19398.2865508591
"115",114,851626.992160067,7635.56217385467,12896.0802766398,6712.22046456267,5344.50518008989,929599.942802718,8332.49713948405,138434.470895037,19529.2392453432
"116",115,850030.085242383,6516.56434988982,11021.7180834063,6055.79369199823,5135.23766362637,931240.513963635,8524.87199059264,138575.420903044,19647.4589224711
"117",116,848667.854714259,5561.02043297433,9416.97577397773,5457.25586589236,4927.38758205281,932688.731860352,8709.58676312714,138695.866789044,19754.0559847088
"118",117,847505.840059326,4745.20375645169,8043.82894191661,4912.57758840488,4721.87239647161,933967.912654947,8886.71074241832,138798.762852753,19850.0658402727
"119",118,846514.63461136,4048.79012506745,6869.41008495678,4417.8105408309,4519.48225493261,935098.518871997,9056.34453394418,138886.64538241,19936.4499018322
"120",119,845669.144093769,3454.38138014505,5865.36373187365,3969.13176908984,4320.88957553669,936098.502553516,9218.61555859612,138961.689853456,20014.097501029
"121",120,844947.958194038,2947.09215769933,5007.27211753719,3562.87538494406,4126.65874966673,936983.608512382,9373.67391342421,139025.760549646,20083.8285452939
"122",121,844332.808954485,2514.19480710662,4274.13405493108,3195.55507946749,3937.25571312759,937767.644799035,9521.68858018629,139080.454098982,20146.3966346527
"123",122,843808.111445326,2144.80880913462,3647.91308662373,2863.87818663853,3753.05728331061,938462.720189365,9662.84398293761,139127.136989329,20202.4925387412
"124",123,843360.570270105,1829.63780413173,3113.13287484342,2564.75352306494,3574.36010880966,939079.454085631,9797.33688562164,139166.978150123,20252.7478650694
"125",124,842978.841852851,1560.73969446704,2656.52444450036,2295.29426949253,3401.38919300133,939627.161845932,9925.37359545327,139200.977213425,20297.7388218126
"126",125,842653.250712534,1331.33157306667,2266.72331114969,2052.8164148767,3234.3058876077,940114.015528003,10047.167493197,139229.988516066,20337.9900070698
"127",126,842375.54275424,1135.62226251904,1933.99910713413,1834.83471020234,3073.21536126061,940547.186916652,10162.9368289843,139254.742119432,20373.9781251633
"128",127,842138.677110271,968.667526552279,1650.0266532436,1639.05607519077,2918.17351561084,940932.971745002,10272.9027899299,139275.861676706,20406.1356131745
"129",128,841936.64812523,826.246485542449,1407.6870696061,1463.37142019509,2769.1933549646,941276.898655881,10377.2878091328,139293.879801002,20434.8541319282
"130",129,841764.332788643,704.757215457535,1200.8935659052,1305.84647478345,2626.25080469622,941583.824877867,10476.3140996363,139309.251305245,20460.4878887076
"131",130,841617.361349117,601.125662894122,1024.44473579868,1164.71181636955,2489.29001064966,941858.019530566,10570.2023917794,139322.364476791,20483.3567872006
"132",131,841492.006692485,512.728260480231,873.897475017987,1038.35257791376,2358.22813344126,942103.236594668,10659.1708559097,139333.550752616,20503.7493878944
"133",132,841385.089560536,437.32689640144,745.455964651149,925.298100396689,2232.95966463251,942322.778921706,10743.4341924094,139343.093035453,20521.9256751643
"134",133,841293.8982631,373.011820633634,635.879055113029,824.211610252419,2113.36029795691,942519.553910008,10823.2028717272,139351.232756161,20538.1196347772
"135",134,841216.11998271,318.153415744117,542.399949894061,733.880169725543,1999.29038212163,942696.122289263,10898.6825088344,139358.175930258,20552.5416418055
"136",135,841149.781876667,271.361816700211,462.656039623765,653.205014983511,1890.5979859221,942854.740928117,10970.0733573113,139364.098360917,20565.3806645055
"137",136,841093.201301979,231.451169302881,394.630998412843,581.192268719049,1787.12160920886,942997.400031919,11037.56990926,139369.150042869,20576.8062941999
"138",137,841044.943154704,197.409663659242,336.604313556215,516.94416203813,1688.69256670024,943125.855782487,11101.3605886922,139373.458942267,20586.9706071333
"139",138,841003.783272851,168.374517407839,287.107168881202,459.650793214135,1595.13707351171,943241.658997739,11161.6275269359,139377.134243279,20596.0098676668
"140",139,840968.677601566,143.609590837786,244.886497446447,408.582368483643,1506.27806215556,943346.180016113,11218.5464095061,139380.269086073,20604.0460845998
"141",140,840938.735692552,122.486823207549,208.873343169314,363.081999208946,1421.93675446796,943440.630581059,11272.2863851485,139382.94292207,20611.1884282595
"142",141,840913.19796474,104.470757984413,178.155208745729,322.559037189038,1341.93401310867,943526.08307073,11323.0100285208,139385.223536448,20617.5345184705
"143",142,840891.416619141,89.1044988475951,151.953871672555,286.482881538377,1266.09149700633,943603.487182573,11370.8733487494,139387.168746603,20623.1715945668
"144",143,840872.839166632,75.9982510267671,129.605547556353,254.377299750021,1194.23263957715,943673.684651828,11416.0258371328,139388.827868912,20628.1775748186
"145",144,840856.994299661,64.8197574930033,110.543592475512,225.815223349932,1126.18346955341,943737.422191616,11458.6105478426,139390.242977378,20632.6220146398
"146",145,840843.480092425,55.2854614642445,94.2848943294977,200.413954624314,1061.7732933854,943795.362711875,11498.7642061022,139391.449955193,20636.5669731482
"147",146,840831.953751401,47.1534678690081,80.4174034226696,177.830811118814,1000.83525354378,943848.095256033,11536.6173391362,139392.479408478,20640.067794387
"148",147,840822.122838257,40.2176337581543,68.589329164189,157.759160435082,943.20677807894,943896.143738421,11572.2944255931,139393.357448988,20643.1738112528
"149",148,840813.737984861,34.301982817306,58.5008495163473,139.92479120093,888.729935642903,943939.974513194,11605.9140596471,139394.106343886,20645.9289798748
"150",149,840806.586505495,29.2564122893199,49.8962325500701,124.082639268772,837.251706431245,943980.003112369,11637.589126596,139394.745085631,20648.3724494825
"151",150,840800.486945719,24.953038731888,42.5571011029751,110.013820893565,788.624180609602,944016.600167958,11667.4269870497,139395.289878387,20650.5390743852
"152",151,840795.284593366,21.2826470922062,36.2974263395525,97.5229299254108,742.70469453811,944050.096537393,11695.5296671924,139395.754538629,20652.4598740854
"153",152,840790.847483318,18.1520986745311,30.9585018736836,86.4356128579169,699.355912471018,944080.787899613,11721.9940530412,139396.150851739,20654.1624456738
"154",153,840787.063031332,15.4820676485619,26.4047877295432,76.5963845452313,658.445860513102,944108.938770962,11746.9120869035,139396.48887249,20655.6713322225
"155",154,840783.83525622,13.2047549318691,22.5208984776881,67.8666343916973,619.847924053118,944134.786006527,11770.3709641274,139396.777173021,20657.0083551534
"156",155,840781.082266929,11.2624194101672,19.2082783778616,60.1228598904953,583.440808808017,944158.541948914,11792.4533293704,139397.023067196,20658.1929093996
"157",156,840778.734221801,9.60579912269505,16.3828870470403,53.2550599251988,549.108475498239,944180.397156468,11813.2374707732,139397.23279281,20659.2422286289
"158",157,840776.731564921,8.1928398337953,13.9731060158824,47.1652957358706,516.740050768169,944200.522820693,11832.7975113309,139397.411669071,20660.1716219446
"159",158,840775.023482961,6.98772804181109,11.9177612595955,41.7664055651612,486.229718639812,944219.072918061,11851.2035966025,139397.56423439,20660.9946848826
"160",159,840773.566652221,5.95987380168052,10.1647495596678,36.9808410562265,457.47659733919,944236.186081156,11868.5220781512,139397.694358278,20661.7234885164
"161",160,840772.324111175,5.08321459184198,8.6695831105258,32.7396327484072,430.384603324433,944251.987281355,11884.8156922846,139397.805342024,20662.3687477612
"162",161,840771.264341847,4.33550316689168,7.39434862558264,28.9814589345539,404.862306160328,944266.589294564,11900.1437335452,139397.900000732,20662.939971589
"163",162,840770.360457803,3.69777707431454,6.30668813046547,25.6518152708996,380.822776267918,944280.094013448,11914.5622227836,139397.980735844,20663.4455968939
"164",163,840769.589530279,3.15385559067519,5.37901595411155,22.7022701271432,358.183427857879,944292.593599775,11928.1240695179,139398.049595321,20663.8931078176
"165",164,840768.932001559,2.68994216780214,4.58779667156961,20.0898001182227,336.865858692961,944304.171512102,11940.8792284946,139398.108326032,20664.2891420318
"166",165,840768.371191774,2.29426733192648,3.91296088525449,17.7761961370296,316.795688296799,944314.903413201,11952.8748502959,139398.158417808,20664.6395853305
"167",166,840767.892873829,1.95679418282625,3.33738840458726,15.7275330071622,297.902395870829,944324.857978311,11964.155426047,139398.201141404,20664.9496558887
"168",167,840767.484913783,1.66896101255485,2.84647923295256,13.9136963849112,280.119159030977,944334.097611189,11974.7629261476,139398.237580616,20665.223979166
"169",168,840767.136962297,1.42346661064792,2.42777932774229,12.3079610353801,263.382694302788,944342.679081622,11984.7369330975,139398.268659845,20665.4666545182
"170",169,840766.840192513,1.21408284556465,2.07066769236899,10.8866142464144,247.633100103925,944350.654092622,11994.1147685709,139398.295167505,20665.6813145003
"171",170,840766.587076047,1.03549844920251,1.76608502379846,9.62862114316635,232.813702908887,944358.069784988,12002.9316146734,139398.317776031,20665.8711774545
"172",171,840766.371191469,0.883182711183652,1.50630444987374,8.51532507661613,218.870906923224,944364.969188739,12011.220629832,139398.337058986,20666.0390944663
"173",172,840766.18706232,0.753271627764631,1.28473618608767,7.53018285286846,205.754047967469,944371.391623138,12019.0130589466,139398.353505529,20666.187590765
"174",173,840766.030017474,0.642469803216502,1.09575909088067,6.65852753982591,193.41525160517,944377.373056262,12026.3383384735,139398.367532886,20666.3189027393
"175",174,840765.896073032,0.547966231128548,0.934579451697057,5.88735801938331,181.809295888374,944382.94642522,12033.2241963,139398.379496901,20666.4350107022
"176",175,840765.781831116,0.467363613099897,0.797108472359045,5.20515182799147,170.893478865236,944388.141922924,12039.6967466609,139398.389701073,20666.5376679799
"177",176,840765.684393498,0.398617249777315,0.67985851313304,4.60169836076655,160.627490868889,944392.987255314,12045.7805803584,139398.398404274,20666.6284267848
"178",177,840765.601288384,0.339982984922419,0.57985540269963,4.06795107136382,150.973291803699,944397.507871224,12051.498850289,139398.405827286,20666.708661098
"179",178,840765.530407559,0.289973459499759,0.494562188720767,3.59589602325869,141.894993356985,944401.727169017,12056.873352573,139398.412158416,20666.77958699
"180",179,840765.469952855,0.247320114852932,0.421814957964882,3.17843491111887,133.358746079422,944405.666682356,12061.9246034906,139398.417558276,20666.8422806738
"181",180,840765.418390703,0.210940771842132,0.359768498249465,2.80928133317378,125.332631348599,944409.34624698,12066.671912333,139398.422163848,20666.8976944845
"182",181,840765.374413048,0.179912595471443,0.306848737173186,2.48286865493266,117.786558118762,944412.784151059,12071.1334503828,139398.426091967,20666.9466710578
"183",182,840765.336904221,0.153448549551765,0.261713039111612,2.19426821156624,110.692164367834,944415.997270584,12075.3263161885,139398.429442285,20666.9899558958
"184",183,840765.304912739,0.130877164466386,0.223216609177143,1.93911670752763,104.022723130588,944419.001191475,12079.2665973051,139398.432299789,20667.0282085041
"185",184,840765.277627024,0.111625874768631,0.190382813479244,1.7135518209132,97.7530529963274,944421.810319987,12082.9694286677,139398.434736971,20667.0620122611
"186",185,840765.254354855,0.095206397848752,0.16237856945787,1.51415506026485,91.8594329397149,944424.437982453,12086.4490477589,139398.43681566,20667.0918831617
"187",186,840765.234505898,0.0812020930763149,0.138493645642693,1.33790107486118,86.3195213452735,944426.896515539,12089.7188467262,139398.438588585,20667.1182775644
"188",187,840765.217576615,0.0692577159825404,0.118122092224989,1.18211272726907,81.1122790798029,944429.197348128,12092.791421602,139398.440100722,20667.1415990518
"189",188,840765.20313751,0.059070341173387,0.100746980604473,1.04442124590545,76.2178964658904,944431.351075544,12095.6786187706,139398.441390434,20667.1622045074
"190",189,840765.190822323,0.0503814399949042,0.0859276952159874,0.922730894876698,71.6177240061698,944433.36752693,12098.3915788238,139398.442490437,20667.1804094969
"191",190,840765.180318636,0.0429706017538198,0.0732882790270347,0.81518768103575,67.2942067067088,944435.255826592,12100.9407779399,139398.443428635,20667.1964930321
"192",191,840765.171359962,0.0366499027084625,0.0625079637477641,0.720151611687315,63.2308218505515,944437.024449788,12103.3360669143,139398.444228831,20667.2107017884
"193",192,840765.163719065,0.031258917994172,0.0533134091004751,0.636172106730002,59.4120200725217,944438.681273527,12105.5867079677,139398.444911322,20667.2232538391
"194",193,840765.157202107,0.0266608923690768,0.0454713586153732,0.561966234519396,55.8231695878944,944440.233622991,12107.7014094484,139398.445493422,20667.2343419597
"195",194,840765.15164374,0.0227392520640313,0.0387827546103887,0.496399424479658,52.4505034322684,944441.688313879,12109.6883585429,139398.445989899,20667.2441365522
"196",195,840765.146902983,0.019394443696534,0.0330780360894268,0.438468377711139,49.2810695721987,944443.051691086,12111.5552521032,139398.446413348,20667.2527882332
"197",196,840765.142859571,0.0165416145066091,0.0282124864189502,0.387285949815897,46.3026837491534,944444.329664169,12113.3093256918,139398.446774509,20667.2604301241
"198",197,840765.139410908,0.0141084573271462,0.0240625663428047,0.342067758353214,43.5038849250906,944445.527739799,12114.9573809449,139398.447082546,20667.2671798768
"199",198,840765.136469528,0.01203318920977,0.0205230990769013,0.302120318732844,40.8738932013288,944446.65105149,12116.5058113448,139398.447345272,20667.2731414661
"200",199,840765.133960816,0.0102631592133898,0.0175043035082658,0.266830556098119,38.4025700860909,944447.704386944,12117.9606264907,139398.447569353,20667.278406775
"201",200,840765.131821108,0.008753523145177,0.0149294988739998,0.235656516293372,36.0803809921418,944448.692213156,12119.327474953,139398.447760473,20667.2830569971
"202",201,840765.129996143,0.00746593510317187,0.0127334506574315,0.20811913707262,33.8983598475435,944449.61869946,12120.61166579,139398.44792348,20667.2871638771
"203",202,840765.128439625,0.00636772071653752,0.0108604629101431,0.183794967092019,31.8480756281317,944450.487738858,12121.8181888532,139398.44806251,20667.2907908093
"204",203,840765.127112038,0.00543106575397868,0.00926291583763643,0.16230969121887,29.9216007350226,944451.302967692,12122.9517339365,139398.448181091,20667.2939938133
"205",204,840765.125979727,0.00463218399641452,0.00790035413101373,0.143332601679039,28.1114820926685,944452.067783172,12124.0167082424,139398.44828223,20667.2968223657
"206",205,840765.125013984,0.00395079624288398,0.00673825575162132,0.126571431754337,26.4107126144407,944452.785360416,12125.0172536008,139398.448368491,20667.2993201784
"207",206,840765.124190295,0.00336964713020937,0.00574708300838448,0.111767855194372,24.8127045984356,944453.458667997,12125.9572624953,139398.448442063,20667.3015258756
"208",207,840765.123487765,0.00287398873616452,0.00490169844406117,0.0986935984969025,23.3112650947284,944454.090481994,12126.840392876,139398.448504814,20667.3034735781
"209",208,840765.122888579,0.00245123168837674,0.00418068126109112,0.0871469537615426,21.9005725109764,944454.683399162,12127.6700822098,139398.448558334,20667.3051934272
"210",209,840765.12237753,0.00209066237759852,0.00356572038477097,0.0769496953190351,20.5751545606806,944455.239849123,12128.4495607064,139398.448603981,20667.306712048
"211",210,840765.121941653,0.00178313574009793,0.00304121098125676,0.0679443520658001,19.3298674969148,944455.762105651,12129.1818637575,139398.448642914,20667.3080529592
"212",211,840765.121569893,0.00152084204244407,0.00259386052752218,0.0599917962231031,18.1598765588624,944456.252297138,12129.8698436355,139398.44867612,20667.3092369342
"213",212,840765.121252822,0.00129713354063788,0.00221231993890823,0.0529691469926045,17.0606378783783,944456.712416145,12130.5161803072,139398.448704441,20667.3102823163
"214",213,840765.120982394,0.00110633600192552,0.00188690307787626,0.0467678032198225,16.0278804502849,944457.144328786,12131.1233921976,139398.448728596,20667.3112053134
"215",214,840765.120751742,0.000943600886960932,0.00160935207488991,0.0412917871108309,15.0575898499866,944457.549783078,12131.6938459007,139398.448749198,20667.3120202461
"216",215,840765.120555017,0.000804802358957211,0.00137262593805291,0.03645636658054,14.1459936532008,944457.930416314,12132.229764866,139398.448766769,20667.3127397543
"217",216,840765.120387229,0.000686421525362916,0.00117071936163077,0.0321866978968403,13.2895466427159,944458.287762498,12132.7332382071,139398.448781756,20667.3133750006
"218",217,840765.120244121,0.00058545250825855,0.000998514099772901,0.0284166590335362,12.4849170536246,944458.623259166,12133.2062288849,139398.448794539,20667.3139358445
"219",218,840765.120122064,0.000499335429600116,0.000851639294179777,0.0250878467162476,11.7289738629438,944458.938253607,12133.6505812618,139398.448805441,20667.3144309931
"220",219,840765.120017961,0.000425886806947632,0.000726367010443652,0.0221486750887885,11.0187747599956,944459.234008707,12134.0680282477,139398.44881474,20667.3148681355
"221",220,840765.119929171,0.000363241052803545,0.000619523207942377,0.0195535813654699,10.3515548285131,944459.511708386,12134.4601980181,139398.44882267,20667.3152540618
"222",221,840765.119853441,0.00030981003832058,0.000528395649567243,0.0172623242374325,9.72471590095511,944459.772462678,12134.8286203291,139398.448829435,20667.3155947682
"223",222,840765.11978885,0.000264239423145605,0.000450670695139129,0.0152393630596659,9.13581654535333,944460.01731246,12135.1747324543,139398.448835204,20667.3158955493
"224",223,840765.119733761,0.000225371132976205,0.000384380064129553,0.0134533095147289,8.58256264858537,944460.247233868,12135.4998847645,139398.448840125,20667.3161610804
"225",224,840765.119686775,0.000192219993691611,0.000327840645794878,0.0118764434153822,8.06279856088349,944460.463142415,12135.8053459717,139398.448844321,20667.31639549
"226",225,840765.1196467,0.000163946106166456,0.000279616284710271,0.0104842845605901,7.57449876870021,944460.665896843,12136.0923080587,139398.448847901,20667.3166024232
"227",226,840765.11961252,0.000139830432743431,0.000238486652408924,0.00925521443841485,7.11576006486256,944460.856302714,12136.3618909119,139398.448850954,20667.3167850987
"228",227,840765.119583368,0.000119261847431615,0.000203407264260234,0.00817014233371735,6.68479418671532,944461.035115771,12136.6151466745,139398.448853558,20667.3169463584
"229",228,840765.119558504,0.00010171960459953,0.000173486441889422,0.00721221007647135,6.27992089466457,944461.203045072,12136.8530638387,139398.448855779,20667.3170887114
"230",229,840765.119537297,8.67571322392666e-05,0.000147967803633529,0.00636653116223004,5.8995614650886,944461.360755926,12137.076571091,139398.448857673,20667.3172143732
"231",230,840765.119519209,7.39953384490187e-05,0.000126203170773894,0.00561996059494311,5.54223257307993,944461.508872641,12137.2865409256,139398.448859289,20667.3173252999
"232",231,840765.119503782,6.31114700076996e-05,0.000107638724648403,0.00496089134550198,5.20654054193216,944461.647981082,12137.4837930406,139398.448860666,20667.3174232183
"233",232,840765.119490625,5.38280668274664e-05,9.18058315156679e-05,0.00437907449652413,4.89117593759903,944461.778631081,12137.6690975284,139398.448861842,20667.3175096531
"234",233,840765.119479403,4.59099669168431e-05,7.83022575756034e-05,0.00386546064743191,4.59490848761451,944461.901338676,12137.8431778754,139398.448862844,20667.3175859505
"235",234,840765.119469831,3.91572352498794e-05,6.67838505015728e-05,0.00341205964004522,4.31658230518623,944462.016588224,12138.0067137787,139398.448863699,20667.3176532988
"236",235,840765.119461667,3.33973913014157e-05,5.69604146918008e-05,0.00301181659147757,4.05511140028117,944462.124834359,12138.1603437947,139398.448864428,20667.3177127473
"237",236,840765.119454705,2.84845460386447e-05,4.85823587912761e-05,0.00265850264719905,3.80947546058132,944462.226503849,12138.3046678265,139398.44886505,20667.3177652221
"238",237,840765.119448766,2.42949413199022e-05,4.14356596432431e-05,0.0023466183360717,3.57871588621705,944462.321997312,12138.4402494621,139398.448865581,20667.3178115409
"239",238,840765.119443701,2.07212792359356e-05,3.53407498739539e-05,0.00207130814012474,3.36193206311527,944462.411690842,12138.5676181706,139398.448866033,20667.3178524257
"240",239,840765.119439381,1.76730379010834e-05,3.01427815864902e-05,0.00182828526440145,3.15827786068586,944462.495937519,12138.6872713664,139398.448866419,20667.3178885136
"241",240,840765.119435696,1.50736981961426e-05,2.57085114894806e-05,0.00161376506942328,2.96695834043496,944462.575068836,12138.7996763483,139398.448866748,20667.3179203674
"242",241,840765.119432554,1.28564472013488e-05,2.19269380180657e-05,0.00142440620574574,2.78722666287251,944462.649396025,12138.9052721219,139398.448867029,20667.3179484835
"243",242,840765.119429874,1.09650983904857e-05,1.87020252289985e-05,0.00125725882433418,2.61838118082188,944462.719211308,12139.0044711112,139398.448867268,20667.3179733003
"244",243,840765.119427587,9.35241813006996e-06,1.59506897730134e-05,0.00110971873788272,2.45976270796455,944462.784789066,12139.0976607675,139398.448867472,20667.317995205
"245",244,840765.119425638,7.97674970306747e-06,1.36044074575913e-05,0.000979486862775243,2.31075195210443,944462.846386936,12139.1852050804,139398.448867646,20667.3180145391
"246",245,840765.119423975,6.80319699061723e-06,1.16036537489212e-05,0.000864533576824359,2.17076710325356,944462.90424684,12139.2674459982,139398.448867795,20667.3180316042
"247",246,840765.119422556,5.80267370773722e-06,9.89650547688405e-06,0.000763067162820331,2.03926156724816,944462.958595949,12139.3447047613,139398.448867922,20667.3180466665
"248",247,840765.119421346,4.9491639161201e-06,8.44073748881071e-06,0.000673505864591942,1.91572183614794,944463.009647588,12139.4172831563,139398.44886803,20667.3180599609
"249",248,840765.119420315,4.22097165874281e-06,7.19949454766949e-06,0.000594453364706635,1.79966548718576,944463.057602084,12139.4854646932,139398.448868122,20667.318071695
"250",249,840765.119419435,3.60024860385473e-06,6.14022329562382e-06,0.00052467706616782,1.6906393025419,944463.102647566,12139.5495157121,139398.448868201,20667.3180820517
"251",250,840765.119418684,3.07071152202441e-06,5.23696714012075e-06,0.000463088838340713,1.58821750267142,944463.144960704,12139.6096864222,139398.448868268,20667.3180911928
"252",251,840765.119418044,2.61884790179812e-06,4.46694703306375e-06,0.000408728150220954,1.49200008634041,944463.184707416,12139.6662118791,139398.448868325,20667.3180992608
"253",252,840765.119417498,2.23376177626246e-06,3.80966191718059e-06,0.000360747127544105,1.40161127095035,944463.222043525,12139.7193129014,139398.448868373,20667.3181063817
"254",253,840765.119417032,1.905233169666e-06,3.24920691814947e-06,0.000318397284431797,1.31669802710861,944463.257115372,12139.7691969337,139398.448868415,20667.3181126667
"255",254,840765.119416635,1.62482274381939e-06,2.77154366124339e-06,0.000281017925643713,1.23692870175799,944463.290060399,12139.8160588553,139398.448868451,20667.3181182139
"256",255,840765.119416296,1.38592929538639e-06,2.36368093791961e-06,0.000248025868874065,1.16199172453123,944463.321007689,12139.8600817422,139398.448868481,20667.3181231098
"257",256,840765.119416007,1.18211600106021e-06,2.01591419236932e-06,0.000218906299152253,1.09159439231238,944463.350078479,12139.901437581,139398.448868507,20667.3181274309
"258",257,840765.119415761,1.00808882795189e-06,1.7196321139986e-06,0.000193204796459428,1.02546172728097,944463.377386637,12139.9402879407,139398.448868529,20667.3181312447
"259",258,840765.119415551,8.5989383406936e-07,1.4665326249597e-06,0.000170520269588499,0.963335404009387,944463.40303911,12139.9767846037,139398.448868547,20667.3181346107
"260",259,840765.119415371,7.33459648717461e-07,1.25072706080958e-06,0.000150498650096611,0.904972741447017,944463.42713635,12140.0110701582,139398.448868563,20667.3181375815
"261",260,840765.119415219,6.25442918124651e-07,1.06697268740684e-06,0.000132827413653907,0.850145755868371,944463.449772703,12140.0432785553,139398.448868577,20667.3181402035
"262",261,840765.119415088,5.33516163828343e-07,9.09904091873339e-07,0.000117230724338744,0.798640271107745,944463.471036788,12140.073535632,139398.448868589,20667.3181425176
"263",262,840765.119414977,4.55091191881735e-07,7.75973650692231e-07,0.000103465084417997,0.75025508262201,944463.49101184,12140.1019596025,139398.448868599,20667.31814456
"264",263,840765.119414882,3.88035319105635e-07,6.62027995773114e-07,9.13155705075097e-05,0.704801172125012,944463.50977604,12140.12866152,139398.448868607,20667.3181463625
"265",264,840765.119414801,3.31015539389142e-07,5.64548754811735e-07,8.05924989337374e-05,0.66210096974126,944463.527402825,12140.1537457105,139398.448868614,20667.3181479534
"266",265,840765.119414732,2.82377080840034e-07,4.8141829132344e-07,7.11284228070428e-05,0.621987660808929,944463.543961171,12140.1773101798,139398.448868621,20667.3181493575
"267",266,840765.119414673,2.40739718650097e-07,4.10777350327585e-07,6.27755469932318e-05,0.584304534629309,944463.559515869,12140.1994469971,139398.448868626,20667.3181505966
"268",267,840765.119414623,2.05374114977802e-07,3.5027631086197e-07,5.54034399224838e-05,0.548904372629708,944463.574127777,12140.2202426539,139398.44886863,20667.3181516903
"269",268,840765.11941458,1.75215766516619e-07,2.98665779549128e-07,4.8896958950337e-05,0.515648873558676,944463.58785406,12140.2397784022,139398.448868634,20667.3181526555
"270",269,840765.119414544,1.49353308078104e-07,2.54886015437747e-07,4.31544754005435e-05,0.484408113470548,944463.600748416,12140.2581305716,139398.448868637,20667.3181535074
"271",270,840765.119414513,1.27419850796748e-07,2.17333170395633e-07,3.80863061006921e-05,0.455060038397663,944463.612861282,12140.2753708677,139398.44886864,20667.3181542592
"272",271,840765.119414486,1.08726452974215e-07,1.8528063137854e-07,3.36132785353843e-05,0.42748998773498,944463.624240037,12140.2915666523,139398.448868642,20667.3181549227
"273",272,840765.119414463,9.26551603757371e-08,1.58160432183449e-07,2.96655123585557e-05,0.401590246476049,944463.634929187,12140.3067812061,139398.448868644,20667.3181555083
"274",273,840765.119414444,7.90530556785216e-08,1.34850040016079e-07,2.61813457767293e-05,0.377259624556752,944463.644970534,12140.3210739763,139398.448868646,20667.3181560251
"275",274,840765.119414427,6.74719809824512e-08,1.14933948851431e-07,2.31063418540323e-05,0.354403061668492,944463.65440335,12140.3345008086,139398.448868648,20667.3181564813
"276",275,840765.119414413,5.74788901673358e-08,9.81444291578561e-08,2.03924521308949e-05,0.332931255996863,944463.663264521,12140.3471141655,139398.448868649,20667.3181568838
"277",276,840765.119414401,4.90438283186925e-08,8.36742839500677e-08,1.79972830932303e-05,0.312760315439427,944463.671588699,12140.3589633312,139398.44886865,20667.3181572391
"278",277,840765.119414391,4.18744455533832e-08,7.12900911149601e-08,1.58834068460906e-05,0.293811429943933,944463.679408431,12140.3700946042,139398.448868651,20667.3181575526
"279",278,840765.119414383,3.56555099926427e-08,6.090513319035e-08,1.40177869951901e-05,0.276010563686163,944463.686754295,12140.3805514779,139398.448868652,20667.3181578293
"280",279,840765.119414375,3.04245998433305e-08,5.19227993818639e-08,1.23712787100298e-05,0.259288165887715,944463.693655011,12140.3903748109,139398.448868652,20667.3181580735
"281",280,840765.119414369,2.59912842797996e-08,4.42136886730422e-08,1.09181495622896e-05,0.243578899147054,944463.700137559,12140.3996029865,139398.448868653,20667.3181582891
"282",281,840765.119414364,2.21166406587696e-08,3.77979134825256e-08,9.63568532899813e-06,0.228821384221452,944463.706227284,12140.4082720623,139398.448868653,20667.3181584793
"283",282,840765.119414359,1.88723491479879e-08,3.22228210741449e-08,8.50385038383095e-06,0.214957960264759,944463.711947993,12140.4164159118,139398.448868654,20667.3181586472
"284",283,840765.119414355,1.61354629365578e-08,2.74163032228146e-08,7.50495380426912e-06,0.201934459586833,944463.717322051,12140.424066356,139398.448868654,20667.3181587953
"285",284,840765.119414352,1.37176575636589e-08,2.34592071446955e-08,6.62337854524957e-06,0.189699996053471,944463.722370466,12140.4312532882,139398.448868654,20667.318158926
"286",285,840765.119414349,1.17048558563703e-08,1.99999932495877e-08,5.84535176203231e-06,0.178206766301576,944463.727112973,12140.4380047906,139398.448868655,20667.3181590414
"287",286,840765.119414346,1.00193769551018e-08,1.69963086072754e-08,5.15871146309934e-06,0.167409862995028,944463.731568111,12140.444347244,139398.448868655,20667.3181591433
"288",287,840765.119414344,8.50751775303627e-09,1.4561177607833e-08,4.55272023360567e-06,0.157267099390487,944463.735753295,12140.4503054309,139398.448868655,20667.3181592331
"289",288,840765.119414343,7.2579299288875e-09,1.24162131600892e-08,4.01791083262806e-06,0.147738844528667,944463.739684884,12140.4559026326,139398.448868655,20667.3181593125
"290",289,840765.119414341,6.22368973766478e-09,1.05329665115191e-08,3.54592255467389e-06,0.138787868408996,944463.743378246,12140.4611607196,139398.448868655,20667.3181593825
"291",290,840765.11941434,5.27572784536046e-09,9.03904842823916e-09,3.12937286799373e-06,0.130379196541593,944463.746847817,12140.4661002376,139398.448868656,20667.3181594442
"292",291,840765.119414339,4.49901639515675e-09,7.71062219122856e-09,2.76175446078666e-06,0.122479973308946,944463.750107159,12140.4707404874,139398.448868656,20667.3181594988
"293",292,840765.119414338,3.86777635554502e-09,6.5243496536613e-09,2.43732003351324e-06,0.115059333604992,944463.75316901,12140.4750996005,139398.448868656,20667.3181595469
"294",293,840765.119414337,3.27126264925475e-09,5.61170616994366e-09,2.1509935890816e-06,0.108088282249002,944463.756045339,12140.4791946099,139398.448868656,20667.3181595893
"295",294,840765.119414337,2.78745790761044e-09,4.79072777483751e-09,1.89830255645444e-06,0.101539580703554,944463.758747387,12140.4830415166,139398.448868656,20667.3181596268
"296",295,840765.119414336,2.40525225036251e-09,4.03860354756044e-09,1.67529631806571e-06,0.095387640655319,944463.761285715,12140.4866553523,139398.448868656,20667.3181596599
"297",296,840765.119414335,2.02816974517586e-09,3.4842606155965e-09,1.47848463825701e-06,0.0896084240419203,944463.763670243,12140.4900502379,139398.448868656,20667.3181596891
"298",297,840765.119414335,1.72575045728317e-09,2.9787176456146e-09,1.304793621736e-06,0.0841793491344593,944463.765910291,12140.4932394388,139398.448868656,20667.3181597148
"299",298,840765.119414335,1.4971102552956e-09,2.49757320960856e-09,1.15150781387163e-06,0.0790792023099632,944463.768014614,12140.4962354165,139398.448868656,20667.3181597376
"300",299,840765.119414335,1.2573668498873e-09,2.16349949051348e-09,1.01622720014775e-06,0.074288055168163,944463.769991435,12140.499049878,139398.448868656,20667.3181597576
"301",300,840765.119414334,1.06725538687393e-09,1.85406234813488e-09,8.96839285854932e-07,0.0697871866688557,944463.77184848,12140.5016938205,139398.448868656,20667.3181597753
"302",301,840765.119414334,9.33009270853266e-10,1.54255511166265e-09,7.91477730837854e-07,0.0655590099866769,944463.773593008,12140.5041775752,139398.448868656,20667.3181597909
"303",302,840765.119414334,7.79508166573992e-10,1.3433880245817e-09,6.98492059977468e-07,0.0615870037967345,944463.775231835,12140.5065108474,139398.448868656,20667.3181598047
"304",303,840765.119414334,6.58939471230828e-10,1.1558592470235e-09,6.16430578198864e-07,0.0578556477226141,944463.776771366,12140.5087027542,139398.448868656,20667.3181598169
"305",304,840765.119414333,5.82438359453022e-10,9.51003397945135e-10,5.44010654976693e-07,0.0543503616954689,944463.778217618,12140.5107618605,139398.448868656,20667.3181598276
"306",305,840765.119414333,4.83331782441356e-10,8.34027488215785e-10,4.80097141754087e-07,0.0510574489866033,944463.779576243,12140.5126962122,139398.448868656,20667.3181598371
"307",306,840765.119414333,4.05848023094883e-10,7.22242797661785e-10,4.23692506129555e-07,0.0479640426908846,944463.780852551,12140.5145133678,139398.448868656,20667.3181598455
"308",307,840765.119414333,3.644131959419e-10,5.84856721160355e-10,3.73915366423683e-07,0.0450580554494693,944463.782051528,12140.5162204278,139398.448868656,20667.3181598529
"309",308,840765.119414333,3.02660396053037e-10,5.12727277605197e-10,3.29984979888659e-07,0.0423281321035272,944463.78317786,12140.5178240626,139398.448868656,20667.3181598594
"310",309,840765.119414333,2.47816542003823e-10,4.54914831269843e-10,2.91215411047772e-07,0.0397636051255119,944463.78423595,12140.5193305386,139398.448868656,20667.3181598651
"311",310,840765.119414333,2.19217471100796e-10,3.74603144670311e-10,2.57001321412914e-07,0.0373544540467933,944463.785229932,12140.5207457422,139398.448868656,20667.3181598702
"312",311,840765.119414333,1.88143801803611e-10,3.17500639698944e-10,2.26806572553933e-07,0.0350912655167486,944463.786163689,12140.5220752031,139398.448868656,20667.3181598747
"313",312,840765.119414333,1.55887879314903e-10,2.78609478968437e-10,2.00158967280512e-07,0.0329651957127966,944463.787040873,12140.5233241164,139398.448868656,20667.3181598786
"314",313,840765.119414333,1.35049241243169e-10,2.34064480616708e-10,1.76643180250386e-07,0.0309679463769233,944463.787864905,12140.5244973568,139398.448868656,20667.3181598821
"315",314,840765.119414333,1.17534509298528e-10,1.95635933874057e-10,1.55890957534788e-07,0.0290917129133093,944463.788639007,12140.525599509,139398.448868656,20667.3181598852
"316",315,840765.119414333,9.9499956234103e-11,1.68139703026219e-10,1.37576658251224e-07,0.0273291552927178,944463.789366207,12140.5266348847,139398.448868656,20667.3181598879
"317",316,840765.119414333,8.42568455899222e-11,1.44450162184023e-10,1.2141389741961e-07,0.0256733845704555,944463.790049348,12140.5276075307,139398.448868656,20667.3181598903
"318",317,840765.119414333,7.22602905311867e-11,1.22523561453423e-10,1.071487471835e-07,0.0241179148795945,944463.790691106,12140.528521257,139398.448868656,20667.3181598924
"319",318,840765.119414333,6.16164447550295e-11,1.04522607060112e-10,9.45591643009167e-08,0.0226566801065412,944463.791293983,12140.529379627,139398.448868656,20667.3181598943
"320",319,840765.119414333,5.21742200236214e-11,8.97935613836906e-11,8.3449133879396e-08,0.0212839814268984,944463.791860332,12140.5301859884,139398.448868656,20667.3181598959
"321",320,840765.119414333,4.4629859838307e-11,7.63631583146003e-11,7.36444773587783e-08,0.019994451112042,944463.792392366,12140.5309434943,139398.448868656,20667.3181598974
"322",321,840765.119414333,3.81965125598335e-11,6.49059918890736e-11,6.49917540135102e-08,0.0187830493049322,944463.792892165,12140.5316551053,139398.448868656,20667.3181598987
"323",322,840765.119414333,3.24324959195019e-11,5.5606895689232e-11,5.73556771617394e-08,0.0176450428651354,944463.793361683,12140.5323236017,139398.448868656,20667.3181598998
"324",323,840765.119414333,2.76982771177936e-11,4.73655660433683e-11,5.06168090571375e-08,0.0165759849502127,944463.793802753,12140.5329515959,139398.448868656,20667.3181599008
"325",324,840765.119414333,2.37428040271468e-11,4.01958412279147e-11,4.46696801811209e-08,0.0155716977640416,944463.794217101,12140.5335415419,139398.448868656,20667.3181599017
"326",325,840765.119414333,2.01583429101401e-11,3.44402227367948e-11,3.94212659214251e-08,0.0146282570659191,944463.794606343,12140.534095745,139398.448868656,20667.3181599025
"327",326,840765.119414333,1.72054420123385e-11,2.9353338821997e-11,3.47895009548368e-08,0.0137419764559101,944463.794972003,12140.5346163707,139398.448868656,20667.3181599031
"328",327,840765.119414333,1.47549177311585e-11,2.48986861791508e-11,3.07019330034718e-08,0.0129093927936172,944463.795315508,12140.5351054532,139398.448868656,20667.3181599037
"329",328,840765.119414333,1.24893984977497e-11,2.13985303878048e-11,2.70946151520706e-08,0.0121272527555813,944463.795638202,12140.5355649038,139398.448868656,20667.3181599043
"330",329,840765.119414333,1.06543129293324e-11,1.82474679246896e-11,2.39111346184397e-08,0.0113925001253253,944463.795941343,12140.5359965177,139398.448868656,20667.3181599048
"331",330,840765.119414333,9.16466166232034e-12,1.54311321633509e-11,2.11016936080906e-08,0.0107022638519472,944463.796226119,12140.5364019814,139398.448868656,20667.3181599052
"332",331,840765.119414333,7.73890246667424e-12,1.3293809199866e-11,1.8622336454989e-08,0.0100538468321332,944463.79649364,12140.5367828794,139398.448868656,20667.3181599055
"333",332,840765.119414333,6.5991266105214e-12,1.13408048207124e-11,1.64342911506216e-08,0.0094447153710098,944463.796744953,12140.5371406999,139398.448868656,20667.3181599059
"334",333,840765.119414333,5.70042996224123e-12,9.54984656591367e-12,1.45033308840327e-08,0.00887248928185983,944463.79698104,12140.5374768411,139398.448868656,20667.3181599061
"335",334,840765.119414333,4.7962677935844e-12,8.25711033704276e-12,1.27992414686585e-08,0.00833493258561014,944463.797202823,12140.5377926167,139398.448868656,20667.3181599064
"336",335,840765.119414333,4.08486792992162e-12,7.05259559205377e-12,1.12953757751789e-08,0.0078299447737975,944463.797411169,12140.5380892603,139398.448868656,20667.3181599066
"337",336,840765.119414333,3.5497045168192e-12,5.90315171443348e-12,9.9682094500436e-09,0.00735555260088136,944463.797606891,12140.5383679312,139398.448868656,20667.3181599068
"338",337,840765.119414333,2.97218452303996e-12,5.12928459954769e-12,8.7969735155306e-09,0.00690990237382582,944463.797790755,12140.5386297184,139398.448868656,20667.318159907
"339",338,840765.119414333,2.52563290706118e-12,4.3907621085278e-12,7.76335433103686e-09,0.00649125270882559,944463.79796348,12140.5388756446,139398.448868656,20667.3181599071
"340",339,840765.119414333,2.21371955241946e-12,3.64326936593446e-12,6.85118372110815e-09,0.0060979677268757,944463.798125739,12140.539106671,139398.448868656,20667.3181599073
"341",340,840765.119414333,1.84163823313565e-12,3.1865988729446e-12,6.04618488829987e-09,0.00572851066159527,944463.798278168,12140.5393237001,139398.448868656,20667.3181599074
"342",341,840765.119414333,1.55880763431498e-12,2.73822700679319e-12,5.33577176618561e-09,0.00538143785432866,944463.798421361,12140.5395275801,139398.448868656,20667.3181599075
"343",342,840765.119414333,1.38329945523437e-12,2.24372021184315e-12,4.7088323128933e-09,0.00505539311306255,944463.798555879,12140.5397191077,139398.448868656,20667.3181599076
"344",343,840765.119414333,1.14111763255069e-12,1.97969793387731e-12,4.15555216909893e-09,0.00474910241311518,944463.798682247,12140.5398990312,139398.448868656,20667.3181599077
"345",344,840765.119414333,9.59522613065716e-13,1.71193582641409e-12,3.66728174149102e-09,0.00446136891889081,944463.798800959,12140.5400680537,139398.448868656,20667.3181599077
"346",345,840765.119414333,8.66705741344713e-13,1.37770269827029e-12,3.23638420348981e-09,0.0041910683072495,944463.798912478,12140.5402268357,139398.448868656,20667.3181599078
"347",346,840765.119414333,7.07221476853776e-13,1.22962289627232e-12,2.85611251129731e-09,0.0039371443742169,944463.79901724,12140.5403759975,139398.448868656,20667.3181599079
"348",347,840765.119414333,5.88277569853623e-13,1.07419210617284e-12,2.52052249784053e-09,0.00369860490786719,944463.799115656,12140.5405161221,139398.448868656,20667.3181599079
"349",348,840765.119414333,5.44976797698017e-13,8.42451729090131e-13,2.22436592447211e-09,0.0034745178112548,944463.799208108,12140.5406477569,139398.448868656,20667.318159908
"350",349,840765.119414333,4.38600855897217e-13,7.63239533056867e-13,1.96300414076781e-09,0.00326400746024386,944463.799294959,12140.5407714164,139398.448868656,20667.318159908
"351",350,840765.119414333,3.58512514247028e-13,6.7753145197714e-13,1.7323523025679e-09,0.00306625128200356,944463.799376549,12140.5408875838,139398.448868656,20667.318159908
"352",351,840765.119414333,3.44292260141715e-13,5.12181844105986e-13,1.52880388002622e-09,0.00288047654080165,944463.799453194,12140.5409967129,139398.448868656,20667.3181599081
"353",352,840765.119414333,2.72398228205359e-13,4.73086830772776e-13,1.34916951073732e-09,0.00270595731853566,944463.799525196,12140.5410992303,139398.448868656,20667.3181599081
"354",353,840765.119414333,2.16513786528678e-13,4.30473858639658e-13,1.19064215184768e-09,0.00254201167820278,944463.799592836,12140.5411955364,139398.448868656,20667.3181599081
"355",354,840765.119414333,2.18838226763395e-13,3.08871266259178e-13,1.05074362630561e-09,0.00238799899922639,944463.799656378,12140.5412860076,139398.448868656,20667.3181599081
"356",355,840765.119414333,1.69633958165675e-13,2.92457001204917e-13,9.27280828565865e-10,0.00224331747422618,944463.799716069,12140.5413709975,139398.448868656,20667.3181599082
"357",356,840765.119414333,1.28948591403651e-13,2.76271962648007e-13,8.18324847465386e-10,0.00210740175744997,944463.799772145,12140.5414508381,139398.448868656,20667.3181599082
"358",357,840765.119414333,1.40177520811237e-13,1.84132524729166e-13,7.22173012345815e-10,0.00197972075567991,944463.799824823,12140.5415258413,139398.448868656,20667.3181599082
"359",358,840765.119414333,1.06140641343132e-13,1.79931992705234e-13,6.37317084551174e-10,0.00185977555298047,944463.799874309,12140.5415963004,139398.448868656,20667.3181599082
"360",359,840765.119414333,7.51310499334668e-14,1.79725179165235e-13,5.62431603899221e-10,0.00174709746117841,944463.799920797,12140.5416624906,139398.448868656,20667.3181599082
"361",360,840765.119414333,9.06548994937975e-14,1.07963530859883e-13,4.96346883994711e-10,0.00164124618845848,944463.799964468,12140.5417246705,139398.448868656,20667.3181599082
"362",361,840765.119414333,6.6938754628037e-14,1.09788557896595e-13,4.38025517248903e-10,0.00154180811891792,944463.800005494,12140.5417830831,139398.448868656,20667.3181599082
"363",362,840765.119414333,4.22234652126861e-14,1.1899901588342e-13,3.86556718986159e-10,0.0014483946963566,944463.800044034,12140.5418379567,139398.448868656,20667.3181599082
"364",363,840765.119414333,5.92962223138965e-14,6.17838026006612e-14,3.41137093585533e-10,0.00136064090589082,944463.800080239,12140.5418895057,139398.448868656,20667.3181599082
"365",364,840765.119414333,4.70808191667075e-14,5.86536735709995e-14,3.01053102184108e-10,0.00127820384409563,944463.80011425,12140.5419379314,139398.448868656,20667.3181599082
"366",365,840765.119414333,2.10840787226529e-14,8.16275973306122e-14,2.65678223097697e-10,0.00120076137304347,944463.800146201,12140.5419834232,139398.448868656,20667.3181599083
